Title,Company,Location,Experience,Salary,Skills,Keyword,Source,Posted_Date,Job_Link
Data Analyst - (Immediate Joiners preferred),Capita,"Hybrid - Pune, Mumbai (All Areas)",1-5 Yrs,Not Available,"Power Bi, Advanced Excel, Machine Learning, Python, Data Visualization, Tableau, Data analysis",Data Analyst,Naukri,3 days ago,https://www.naukri.com/job-listings-data-analyst-immediate-joiners-preferred-capita-pune-mumbai-all-areas-1-to-5-years-140526016202
Data Analyst,Capgemini,"Hybrid - Chennai, Delhi / NCR, Mumbai (All Areas)",4-9 Yrs,Not Available,"Power Bi, Data Analysis, Data Visualization, Tableau, Data Analytics, SQL, Analytics, Analysis",Data Analyst,Naukri,2 weeks ago,https://www.naukri.com/job-listings-data-analyst-capgemini-chennai-delhi-ncr-mumbai-all-areas-4-to-9-years-021225014173
Data Analyst,Snapdeal,Gurugram,1-6 Yrs,Not Available,"master data, python, metadata, data analysis, data analytics, data management, configuration, data mining",Data Analyst,Naukri,3+ weeks ago,https://www.naukri.com/job-listings-data-analyst-jasper-infotech-pvt-ltd-gurugram-1-to-6-years-221025507695
Data Analyst,Kiya.ai,"Hybrid - Bengaluru, Mumbai (All Areas)",3-7 Yrs,5-11 Lacs PA,"Power Bi, Data Analysis, Tableau, SQL, Capital Market, Investment Banking, Risk Assessment, Risk",Data Analyst,Naukri,1 day ago,https://www.naukri.com/job-listings-data-analyst-kiya-ai-bengaluru-mumbai-all-areas-3-to-7-years-200326006395
"Auth Fraud Supervisor- Data Analyst, UIDAI/Bengaluru",National Institute for Smart Government (NISG),Bengaluru,6-10 Yrs,13-23 Lacs PA,"Data Analysis, Fraud Management, Python, SQL, Fraud Analytics, Identity fraud, Business Analysis",Data Analyst,Naukri,1 week ago,https://www.naukri.com/job-listings-auth-fraud-supervisor-data-analyst-uidai-bengaluru-national-institute-for-smart-government-nisg-bengaluru-6-to-10-years-300126034060
Data Analyst - Tableau/Looker/Salesforce (Remote),Indium Software,Remote,2-5 Yrs,12-16 Lacs PA,"Reports And Dashboards, Advance Sql, Tableau, Looker, Salesforce, Data Visualization, Data, Reporting",Data Analyst,Naukri,4 days ago,https://www.naukri.com/job-listings-data-analyst-tableau-looker-salesforce-remote-indium-software-hyderabad-2-to-5-years-020626009571
Data Analyst,MNC,"Pimpri-Chinchwad, Pune",0-2 Yrs,2.75-5 Lacs PA,"Google Sheets, Power Bi, MS Office, SQL, Data Analytics, Large Databases, Google Data Studio, data vis",Data Analyst,Naukri,3 days ago,https://www.naukri.com/job-listings-data-analyst-tele-infotech-pimpri-chinchwad-pune-0-to-2-years-020626028320
Data Analyst (English Required),Peroptyx,Remote,0-5 Yrs,Not Available,"Data Analysis, English, Data Analytics, Data Mapping, Analytics, Mapping, Analysis, Data",Data Analyst,Naukri,3 days ago,https://www.naukri.com/job-listings-data-analyst-english-required-peroptyx-mumbai-all-areas-0-to-5-years-020626027790
Data Analyst,ABB,Bengaluru,2-4 Yrs,Not Available,"Data Analyst, Business Intelligence, Automation, Data Engineering, Power Bi, Finance, Programming, Data Collection",Data Analyst,Naukri,1 day ago,https://www.naukri.com/job-listings-data-analyst-abb-india-limited-bengaluru-2-to-4-years-050626924288
Data Analyst,Ample Softech System,"Nagpur, Pune",0-3 Yrs,"50,000-2.5 Lacs PA","Power Bi, Data Visualization, Data Analytics, Data Management, Tableau, SQL, Data analysis, Analytics",Data Analyst,Naukri,1 week ago,https://www.naukri.com/job-listings-data-analyst-ample-softech-system-nagpur-pune-0-to-3-years-270426007790
Online Data Analyst Odia (IN),TELUS Digital,Remote,0-5 Yrs,Not Available,"Oriya, oriya speaker, odiya, Language Editing, Power Bi, Artificial Intelligence, Content Writing, content",Data Analyst,Naukri,1 week ago,https://www.naukri.com/job-listings-online-data-analyst-odia-in-telus-digital-india-0-to-5-years-220426038468
Data Analyst,BVC Logistics,Mumbai (All Areas),2-5 Yrs,Not Available,"Data Analytics, Data Analysis, Tableau, Analytics, Analysis, Data",Data Analyst,Naukri,1 day ago,https://www.naukri.com/job-listings-data-analyst-bvc-logistics-mumbai-all-areas-2-to-5-years-050626010672
Data Analyst,Ascendion Engineering,Hybrid - Mumbai,2-7 Yrs,Not Available,"Data Mining, Data Analytics, MS Office Suite, Cognos, Tableau, Data analysis, Office, Microsoft",Data Analyst,Naukri,1 day ago,https://www.naukri.com/job-listings-data-analyst-ascendion-engineering-mumbai-2-to-7-years-050626009935
Salesforce Data Analyst,Luxoft,Pune,3-7 Yrs,Not Available,"data analyst, data analytics, data analysis, sla, sla tracking, data migration, subject matter expert, financial services",Data Analyst,Naukri,1 day ago,https://www.naukri.com/job-listings-salesforce-data-analyst-luxoft-india-llp-pune-3-to-7-years-050626924308
Online Data Analyst - Kannada,TELUS Digital,Remote,0-2 Yrs,Not Available,"Data Analysis, Mapping, Online Data Analysis, quality assurance, AI models, machine learning, Assurance, Quality",Data Analyst,Naukri,4 days ago,https://www.naukri.com/job-listings-online-data-analyst-kannada-telus-digital-bengaluru-0-to-2-years-040325916691
Data Analyst,Acciojob,"Chennai, Bengaluru",0-2 Yrs,4-9 Lacs PA,"Data Analytics, Power Bi, Statistics, Python, SQL, Data analysis, Analytics, Data",Data Analyst,Naukri,1 week ago,https://www.naukri.com/job-listings-data-analyst-acciojob-chennai-bengaluru-0-to-2-years-260526033652
Data Analyst,Acciojob,"Noida, Hyderabad, Pune",0-2 Yrs,4-9 Lacs PA,"Power Bi, Data Analytics, SQL, Data Analysis, Data Visualization, Machine Learning, Python, Machine",Data Analyst,Naukri,1 week ago,https://www.naukri.com/job-listings-data-analyst-acciojob-noida-hyderabad-pune-0-to-2-years-260526033072
Data Analyst,City Montessori School (CMS),Lucknow,0-3 Yrs,Not Available,"Power Bi, Data Analyst, Tableau, Excel, Python, GOOGLE LOOKER, Artificial Intelligence, SQL",Data Analyst,Naukri,1 week ago,https://www.naukri.com/job-listings-data-analyst-city-montessori-school-cms-lucknow-0-to-3-years-300526014475
Data Analyst,Concept Kart,New Delhi,0-4 Yrs,3-4 Lacs PA,"Data Analysis, Power Bi, Data Analytics, SQL, Analytics, Bi, Analysis, Data",Data Analyst,Naukri,1 week ago,https://www.naukri.com/job-listings-data-analyst-concept-kart-new-delhi-0-to-4-years-260526034727
Data Analyst,ADA Global,Bengaluru,0-1 Yrs,Not Available,"python, data analysis, data analytics, power bi, data warehousing, dashboards, business intelligence, sql",Data Analyst,Naukri,3+ weeks ago,https://www.naukri.com/job-listings-data-analyst-ada-global-bengaluru-0-to-1-years-060226501811
DATA ANALYST,Godigi Infotech,Pune,Not Available,Unpaid,Not Available,Data Analyst,Naukri,Starts in 1-3 months,https://www.naukri.com/job-listings-data-analyst-godigi-infotech-pune-0-to-1-years-130126506831
Data Analyst,Bima Kavach,Bengaluru,1-3 Yrs,Not Available,"database maintenance, python, data analysis, data analytics, predictive analytics, problem solving, machine learning, dashboards",Data Analyst,Naukri,3 days ago,https://www.naukri.com/job-listings-data-analyst-bimakavach-bengaluru-1-to-3-years-030626501531
Data Analyst,Wipro,Hybrid - Bengaluru,2-4 Yrs,5-12 Lacs PA,"Finance, Tableau Reporting, Tableau, Data, Reporting, Data analysis",Data Analyst,Naukri,1 day ago,https://www.naukri.com/job-listings-data-analyst-wipro-bengaluru-2-to-4-years-050626012251
Data Analyst,Edgemed Healthcare,Mumbai,1-4 Yrs,Not Available,"database maintenance, python, data analysis, data analytics, sas, predictive analytics, problem solving, process improvement",Data Analyst,Naukri,3 days ago,https://www.naukri.com/job-listings-data-analyst-edgemed-healthcare-mumbai-1-to-4-years-030626501583
Data Analyst,Nestle,Gurugram,1-3 Yrs,Not Available,"Mis Analysis, Data Analysis, Advanced Excel, Data, MIS, Excel, Analysis",Data Analyst,Naukri,2 days ago,https://www.naukri.com/job-listings-data-analyst-nestle-gurugram-1-to-3-years-040626018696
Data Analyst,TMF Group,"Hybrid - Pune, Bengaluru, Delhi / NCR",4-9 Yrs,Not Available,"Excel, Advanced Excel, Financial Analysis, Power Bi, Data Analysis, Data Analytics, Data, Analytics",Data Analyst,Naukri,1 week ago,https://www.naukri.com/job-listings-data-analyst-tmf-group-pune-bengaluru-delhi-ncr-4-to-9-years-140526020663
Data Analyst,DCB Bank,Hyderabad(Begumpet),4-9 Yrs,13-17 Lacs PA,"Kafka, Spark, ETL, Data Analytics, Python, Data analysis, Analytics, Data",Data Analyst,Naukri,Today,https://www.naukri.com/job-listings-data-analyst-kmz-services-hyderabad-4-to-9-years-060626003825
Online Data Analyst Gujarati,TELUS Digital,Remote,0-5 Yrs,Not Available,"Gujarati, search engines, Data management, Data Analysis, online maps, online research, Map, Engine",Data Analyst,Naukri,1 week ago,https://www.naukri.com/job-listings-online-data-analyst-telus-digital-noida-0-to-5-years-110326926277
Data Analyst (IoT),Log9 Materials,Bengaluru,0-6 Yrs,Not Available,"SAS, big data analytics, Data Analyst, Customer service, Business intelligence, Macros, Analytics, Reporting tools",Data Analyst,Naukri,3+ weeks ago,https://www.naukri.com/job-listings-data-analyst-iot-log9-materials-bengaluru-0-to-6-years-110325506630
Data Analyst,Themathcompany,Bengaluru,5-7 Yrs,Not Available,"python, confluence, analytical, saps, software testing, documentation, power bi, microsoft azure",Data Analyst,Naukri,1 day ago,https://www.naukri.com/job-listings-data-analyst-themathcompany-bengaluru-5-to-7-years-050626010717
Walk-in || Data Analyst,A Private Sector Bank,Unknown,Not Available,Not Available,"Kafka, Spark, Data Analytics, Data Analysis, Analytics, Analysis, Data",Data Analyst,Naukri,Few hours ago,https://www.naukri.com/job-listings-data-analyst-vrinda-global-hyderabad-4-to-6-years-060626006682
Data Analyst - Service Now,Virtusa,"Hybrid - Hyderabad, Chennai, Bengaluru",8-12 Yrs,Not Available,"Data Model, Data Analyst, Service now, Data analysis, Data modeling, Servicenow, Data",Data Analyst,Naukri,1 day ago,https://www.naukri.com/job-listings-data-analyst-service-now-virtusa-hyderabad-chennai-bengaluru-8-to-12-years-050626006353
Data Analyst,bp,Hybrid - Pune,3-6 Yrs,13-16 Lacs PA,"Power Bi, Data Visualization, Data Analytics, SQL, Data analysis, Analytics, Data, Bi",Data Analyst,Naukri,1 week ago,https://www.naukri.com/job-listings-data-analyst-bp-pune-3-to-6-years-290526024827
Data Analyst,Shiprocket,Gurugram,0-1 Yrs,Not Available,"excel, python, Power Bi, Data Analysis, Workflow Automation, Automation, Workflow, Analysis",Data Analyst,Naukri,4 days ago,https://www.naukri.com/job-listings-data-analyst-shiprocket-gurugram-0-to-1-years-020626021293
Data Analyst,Tex Corp,Gurugram,1-2 Yrs,3.5-5.5 Lacs PA,"Data Analysis, Data Interpretation, Data Management, Data Visualization, Advanced Excel, Dashboards, Data Analytics, Data Reporting",Data Analyst,Naukri,1 week ago,https://www.naukri.com/job-listings-data-analyst-tex-corp-gurugram-1-to-2-years-260526030574
Data Analyst,Nineleaps,Bengaluru,2-4 Yrs,Not Available,"Automation, Product engineering, Analytical, Data Analyst, Data analytics, Business intelligence, Analytics, SQL",Data Analyst,Naukri,1 week ago,https://www.naukri.com/job-listings-data-analyst-nineleaps-bengaluru-2-to-4-years-290526505346
Data Analyst,Kawen Manpower,Bengaluru,1-4 Yrs,Not Available,"Procurement, Data analysis, VLOOKUP, Analytical, Business intelligence, Macros, Operations, Internship",Data Analyst,Naukri,1 day ago,https://www.naukri.com/job-listings-data-analyst-kawen-manpower-bengaluru-1-to-4-years-050626502645
Data Analyst,Aaheli Consultants,"Hybrid - Gurugram, Bengaluru",5-8 Yrs,Not Available,"Power Bi, Microsoft Power Bi, Data Cleansing, Power Query, SQL, Dax Queries, Azure Data Factory, Data Analysis",Data Analyst,Naukri,2 days ago,https://www.naukri.com/job-listings-data-analyst-aaheli-consultants-gurugram-bengaluru-5-to-8-years-040626029060
Data Analyst,Indium Software,"Hybrid - Hyderabad, Bengaluru",2-5 Yrs,Not Available,"Google Sheets, Problem Solving, Advance Sql, Tableau, Python, Google Data Studio, Power Bi, ETL",Data Analyst,Naukri,2 days ago,https://www.naukri.com/job-listings-data-analyst-indium-software-hyderabad-bengaluru-2-to-5-years-070526025179
Data Analyst,TALENTPULL AND INFRASTRUCTURE PRIVATE LIMITED,Gurugram,0-2 Yrs,2-4.25 Lacs PA,"SOP, Capa, Google Sheets, RCA, Excel, SLAS, Data, Sheet",Data Analyst,Naukri,1 day ago,https://www.naukri.com/job-listings-data-analyst-talentpull-and-infrastructure-gurugram-0-to-2-years-050626007781
Salesforce Data Analyst,Luxoft,"Pune, Bengaluru",8-10 Yrs,15-25 Lacs PA,"Salesforce Data Analyst, nCino, KYC, Data analysis, Salesforce, Data",Data Analyst,Naukri,2 days ago,https://www.naukri.com/job-listings-salesforce-data-analyst-luxoft-pune-bengaluru-8-to-10-years-040626011844
Data Analyst,Coforge,Noida,2-4 Yrs,Not Available,"Power Bi, AWS, SQL, Healthcare Domain, python, Tableau, ETL, Data Analytics",Data Analyst,Naukri,1 week ago,https://www.naukri.com/job-listings-data-analyst-coforge-noida-2-to-4-years-160526000014
Data Analyst Mechanical/Instrumentation,Idexcel,"Bengaluru, Vadodara",4-7 Yrs,Not Available,"Drawings, CMMS, plant maintenance, P&IDs, ERP, data management, Datasheets, Vendor Documents",Data Analyst,Naukri,2 days ago,https://www.naukri.com/job-listings-data-analyst-mechanical-instrumentation-idexcel-bengaluru-vadodara-4-to-7-years-010426010667
Data Analyst,Image Infosystems,Ernakulam,0 Yrs,2.75-3 Lacs PA,"Aiml, Data Analysis, Edge, SQL, Analysis, Data",Data Analyst,Naukri,1 week ago,https://www.naukri.com/job-listings-data-analyst-image-infosystems-ernakulam-0-to-0-years-250526004966
Data Analyst,Unity Small Finance Bank,Navi Mumbai,2-5 Yrs,Not Available,"Lending, Portfolio, Funnel Analysis, Data Analytics, Power Bi, Data Visualization, cohort, SQL",Data Analyst,Naukri,1 week ago,https://www.naukri.com/job-listings-data-analyst-unity-small-finance-bank-navi-mumbai-2-to-5-years-280526016350
Data Analyst,IBS Software Services,Kochi,2-3 Yrs,Not Available,"python, data analysis, data analytics, data management, data mining, power bi, pivot table, business analysis",Data Analyst,Naukri,1 week ago,https://www.naukri.com/job-listings-data-analyst-ibs-software-kochi-2-to-3-years-260526501947
DATA - ANALYST,Justlead.in,Gurugram,1-4 Yrs,Not Available,"python, data analysis, data analytics, strong analytical skills, pivot table, business analysis, vlookup, machine learning",Data Analyst,Naukri,1 week ago,https://www.naukri.com/job-listings-data-analyst-justlead-solutions-private-limited-gurugram-1-to-4-years-280526502040
DATA - ANALYST,Justlead.in,Chandigarh,1-4 Yrs,Not Available,"python, data analysis, data analytics, strong analytical skills, pivot table, business analysis, vlookup, machine learning",Data Analyst,Naukri,1 week ago,https://www.naukri.com/job-listings-data-analyst-justlead-solutions-private-limited-chandigarh-1-to-4-years-280526502039
DATA - ANALYST,Justlead.in,Noida,1-4 Yrs,Not Available,"python, data analysis, data analytics, strong analytical skills, pivot table, business analysis, vlookup, machine learning",Data Analyst,Naukri,1 week ago,https://www.naukri.com/job-listings-data-analyst-justlead-solutions-private-limited-noida-1-to-4-years-280526502038
S&C GN - Data&AI - Resources - Analyst,Accenture,Bengaluru,4-8 Yrs,Not Available,"python, data analysis, machine learning, artificial intelligence, sql, data analytics, natural language processing, data mining",Data Analyst,Naukri,1 week ago,https://www.naukri.com/job-listings-s-c-gn-data-ai-resources-analyst-accenture-solutions-pvt-ltd-bengaluru-4-to-8-years-250526926012
Data Analyst,LKQ India,Bengaluru,3-6 Yrs,Not Available,"Power Bi, Advanced Excel, Financial Analytics, Stock Valuation, Data Analytics, Data Wrangling, Data Cleansing, Tableau",Data Analyst,Naukri,1 week ago,https://www.naukri.com/job-listings-data-analyst-lkq-india-bengaluru-3-to-6-years-290526012009
Data Analyst,Financial Service,Hybrid - Bengaluru,5-10 Yrs,Not Available,"O2C, SAP, Order To Cash, Data Analytics, CRM, Genesys, Data quality, siebel",Data Analyst,Naukri,1 week ago,https://www.naukri.com/job-listings-data-analyst-purview-services-bengaluru-5-to-10-years-280526928136
Data Analyst,Healthworksai,Remote,1-4 Yrs,Not Available,"ETL, Python, Pipeline, Data Center Management, IT Infrastructure Management, IT infrastructure, Data, Infrastructure",Data Analyst,Naukri,2 days ago,https://www.naukri.com/job-listings-data-analyst-healthworksai-india-1-to-4-years-040626029142
Data Analyst,Bicxo - Enterprise Performance Management,Thane,3-6 Yrs,Not Available,"database maintenance, python, data analysis, modeling, bi, documentation, power bi, problem solving",Data Analyst,Naukri,2 days ago,https://www.naukri.com/job-listings-data-analyst-bicxo-enterprise-performance-management-thane-3-to-6-years-040626501243
Data Analyst (Outbound Contact Centre),CIMET,Jaipur(Vaishali Nagar),3-5 Yrs,Not Available,"Excel, Power Bi, Dax, Data Analytics, Data analysis, Outbound, Analytics, Bi",Data Analyst,Naukri,1 week ago,https://www.naukri.com/job-listings-data-analyst-outbound-contact-centre-cimet-jaipur-3-to-5-years-210426035537
Data Analyst - 5th Mar (Thursday)- Virtual Interview- Pan India,Tata Consultancy Services,"Kolkata, Hyderabad, India",8-13 Yrs,Not Available,"Azure Synapse, SQL, Power Bi, Data Modeling, Data analysis, Modeling, Pan, Data",Data Analyst,Naukri,1 day ago,https://www.naukri.com/job-listings-data-analyst-5th-mar-thursday-virtual-interview-pan-india-tata-consultancy-services-kolkata-hyderabad-india-8-to-13-years-190226007827
Data Analyst - Noida,Optum,Hybrid - Noida,4-8 Yrs,16-25 Lacs PA,"hive, pyspark, delta lake, azure, Python, kubernetes, ADF, Terraform",Data Analyst,Naukri,3 days ago,https://www.naukri.com/job-listings-data-analyst-noida-optum-noida-4-to-8-years-030626027156
Data Analyst,TPM Consultants,New Delhi,3-7 Yrs,Not Available,"database maintenance, python, macros, data analysis, data analytics, predictive analytics, power bi, dashboards",Data Analyst,Naukri,1 week ago,https://www.naukri.com/job-listings-data-analyst-tpm-consultants-new-delhi-3-to-7-years-270526504626
QC Data Analyst,Straive,Remote,5-10 Yrs,Not Available,"Python, SQL, ETL, Data analysis, QC, Data",Data Analyst,Naukri,2 days ago,https://www.naukri.com/job-listings-qc-data-analyst-straive-chennai-5-to-10-years-040626022036
Data Analyst,Shree Ajit,Vapi,2-6 Yrs,Not Available,"Power Bi, Data Extraction, Data Cleansing, Data Visualization, Data Analytics, Problem-Solving, Data Interpretation, Data Manipulation",Data Analyst,Naukri,1 week ago,https://www.naukri.com/job-listings-data-analyst-shree-ajit-vapi-2-to-6-years-091225018071
Data Analyst,Kiya.ai,"Hybrid - Mumbai Suburban, Navi Mumbai, Mumbai (All Areas)",5-7 Yrs,5-11 Lacs PA,"Power Bi, Tableau, Data Governance, SQL, Data Analysis, Governance, Bi, Analysis",Data Analyst,Naukri,1 day ago,https://www.naukri.com/job-listings-data-analyst-kiya-ai-mumbai-suburban-navi-mumbai-mumbai-all-areas-5-to-7-years-050626009639
Data Analyst,Indian School of Business & Finance (ISBF),"Prayagraj, Varanasi, Ghaziabad, Kanpur, Lucknow, Agra",2-5 Yrs,Not Available,"Data analysis, metadata, SAS, Data management, Compliance, Analytical, E-governance, data governance",Data Analyst,Naukri,5 days ago,https://www.naukri.com/job-listings-data-analyst-indian-school-of-business-and-finance-prayagraj-varanasi-ghaziabad-kanpur-lucknow-agra-2-to-5-years-010626503487
Excellent Job Opening _ Data Analyst _ Chennai,Clover Infotech,Chennai,7-12 Yrs,Not Available,"Data Warehousing, Financial Sector, Data analyst, Banking Sector, Data Modeling, ETL, SQL, Modeling",Data Analyst,Naukri,2 days ago,https://www.naukri.com/job-listings-excellent-opening-data-analyst-chennai-clover-infotech-chennai-7-to-12-years-040626022993
IRR Liquidity PBR Data Analyst,Krazymantra It Solutions,Pune,6-10 Yrs,Not Available,"python, sql queries, data analysis, data analytics, sas, data mining, predictive analytics, machine learning",Data Analyst,Naukri,1 week ago,https://www.naukri.com/job-listings-irr-liquidity-pbr-data-analyst-krazymantra-it-solutions-pune-6-to-10-years-260526505709
Data Analyst,Sourceease Hr Services,"Delhi / NCR, Dwarka Sector 07",1-3 Yrs,3-4 Lacs PA,"SQL, Power Bi, Data Analytics, Data analysis, Analytics, Data, Bi",Data Analyst,Naukri,1 week ago,https://www.naukri.com/job-listings-data-analyst-sourceease-hr-services-delhi-ncr-dwarka-sector-07-1-to-3-years-280526030629
Data Analyst - Invoice 360,Mostedge,Hyderabad,1-3 Yrs,Not Available,"Power BI, Advanced MS Excel, Tableau, Data Analytics, python, data analysis, data validation, mathematics",Data Analyst,Naukri,1 week ago,https://www.naukri.com/job-listings-data-analyst-invoice-360-mostedge-hyderabad-1-to-3-years-250526928630
Data Analyst,CarTrade,Navi Mumbai,1-4 Yrs,5-7.5 Lacs PA,"SQL, Power Bi, Data Analytics, Data analysis, Analytics, Data, Bi",Data Analyst,Naukri,1 week ago,https://www.naukri.com/job-listings-data-analyst-cartrade-navi-mumbai-1-to-4-years-260526023451
Transportation Data Analyst,Azure Power,Hyderabad,3-7 Yrs,Not Available,"python, macros, data analysis, data analytics, data management, pivot table, power bi, business analysis",Data Analyst,Naukri,1 week ago,https://www.naukri.com/job-listings-transportation-data-analyst-azure-power-hyderabad-3-to-7-years-280526501725
Data Analyst - AI & Bedrock Specialization,Tekskills india,Hyderabad,5-10 Yrs,Not Available,"Bedrock, Natural Language Processing, Data Analysis, Data Analytics, Machine Learning, ML, Languages, Processing",Data Analyst,Naukri,1 week ago,https://www.naukri.com/job-listings-data-analyst-ai-bedrock-specialization-tekskills-hyderabad-5-to-10-years-290526917085
Data Analyst - AI & Bedrock Specialization,Tekskills india,Pune,5-10 Yrs,Not Available,"Bedrock, Natural Language Processing, Data Analysis, Data Analytics, Machine Learning, ML, Process, Languages",Data Analyst,Naukri,1 week ago,https://www.naukri.com/job-listings-data-analyst-ai-bedrock-specialization-tekskills-pune-5-to-10-years-290526917082
Data Analyst - AI & Bedrock Specialization,Tekskills india,Kolkata,5-10 Yrs,Not Available,"Bedrock, Natural Language Processing, Data Analysis, Data Analytics, Machine Learning, ML, Process, Languages",Data Analyst,Naukri,1 week ago,https://www.naukri.com/job-listings-data-analyst-ai-bedrock-specialization-tekskills-kolkata-5-to-10-years-290526917081
Data Analyst,MNC Group,Gurugram(Cyber City),0 Yrs,6 Lacs PA,"Power Bi, Advanced Excel, Data Analytics, SQL, Communication Skills, Excel, Data Analysis, Data",Data Analyst,Naukri,3 weeks ago,https://www.naukri.com/job-listings-data-analyst-persol-gurugram-0-to-0-years-140526016673
Data Analyst Course,Eduluk,New Delhi,0-3 Yrs,Not Available,"master data, metadata, python, data analysis, data management, data analytics, data validation, configuration",Data Analyst,Naukri,3+ weeks ago,https://www.naukri.com/job-listings-data-analyst-course-eduluk-new-delhi-0-to-3-years-240725503929
Data analyst,Inginit,Mumbai,0-3 Yrs,Not Available,"master data, metadata, python, data analysis, data management, data analytics, data validation, configuration",Data Analyst,Naukri,3+ weeks ago,https://www.naukri.com/job-listings-data-analyst-inginit-mumbai-0-to-3-years-020925501272
Data Analyst,Clustor Computing,Nagpur,0-2 Yrs,Not Available,"Analytical skills, Data analysis, Manager Quality Assurance, data science, power bi, Data analytics, data visualization, digital transformation",Data Analyst,Naukri,3+ weeks ago,https://www.naukri.com/job-listings-data-analyst-cluster-computing-nagpur-0-to-2-years-190326505544
Data Analyst,E4 Softwares,Mumbai,0-3 Yrs,Not Available,"python, data analysis, data analytics, sas, natural language processing, data mining, predictive analytics, process improvement",Data Analyst,Naukri,3+ weeks ago,https://www.naukri.com/job-listings-data-analyst-e4-softwares-mumbai-0-to-3-years-170426502441
Data Analyst,Ebizneeds (India) Internet Solutions Pvt. Ltd,Jaipur,0-3 Yrs,Not Available,"master data, metadata, python, data analysis, data management, data analytics, data validation, configuration",Data Analyst,Naukri,3+ weeks ago,https://www.naukri.com/job-listings-data-analyst-ebizneeds-india-internet-solutions-pvt-ltd-jaipur-0-to-3-years-140725501950
Data Analyst,Maven Marketing,Chennai,0-7 Yrs,Not Available,"database maintenance, python, data analysis, data management, data analytics, problem solving, dashboards, sql",Data Analyst,Naukri,3+ weeks ago,https://www.naukri.com/job-listings-data-analyst-maven-marketing-private-limited-chennai-0-to-7-years-260326501210
Data Engineer / Analyst,We Shine Academy,Chennai,0-3 Yrs,Not Available,"hive, python, data analysis, data analytics, oracle, scala, data mining, data warehousing",Data Analyst,Naukri,3+ weeks ago,https://www.naukri.com/job-listings-data-engineer-analyst-we-shine-academic-chennai-0-to-3-years-080125502324
Data Analyst,Legistify,Gurugram,0-1 Yrs,Not Available,"metadata, python, data analysis, data management, data analytics, data validation, configuration, data mining",Data Analyst,Naukri,3+ weeks ago,https://www.naukri.com/job-listings-data-analyst-legistify-gurugram-0-to-1-years-221124503733
Python Data Analyst,Trigyn Technologies,Remote,3-8 Yrs,Not Available,"Django, Python, SQL, Pandas, Flask, Data analysis, Python Data, Data",Data Analyst,Naukri,2 days ago,https://www.naukri.com/job-listings-python-data-analyst-trigyn-technologies-mumbai-all-areas-3-to-8-years-030626032654
Data Analyst (Deployment),Legistify,Gurugram,0-2 Yrs,Not Available,"metadata, python, data analysis, data management, data analytics, data validation, configuration, data mining",Data Analyst,Naukri,3+ weeks ago,https://www.naukri.com/job-listings-data-analyst-deployment-legistify-gurugram-0-to-2-years-221124503740
Data Analyst,PCI India,New Delhi,1-5 Yrs,Not Available,"Economics, Data analysis, Data collection, Performance appraisal, Data Analyst, microsoft, Powerpoint, Advertising",Data Analyst,Naukri,4 days ago,https://www.naukri.com/job-listings-data-analyst-pci-global-india-new-delhi-1-to-5-years-020626503556
Data Analyst,dt,Hyderabad,6-11 Yrs,5-11 Lacs PA,"Power Bi, Excellent Communication In English, Advanced Excel, Excellent Verbal And Written Communication Skills, Written communication, Data analysis, Writing, Excel",Data Analyst,Naukri,1 day ago,https://www.naukri.com/job-listings-data-analyst-orcapod-consulting-services-hyderabad-6-to-11-years-150225005334
Data Analyst,Incedo,Hybrid - Gurugram,6-10 Yrs,Not Available,"Power Bi, SQL, Life Sciences, Tableau, Pharmaceutical, Data analysis, Science, Data",Data Analyst,Naukri,3 days ago,https://www.naukri.com/job-listings-data-analyst-incedo-gurugram-6-to-10-years-030626025052
Data Analyst,Incedo,Gurugram,6-10 Yrs,Not Available,"Life sciences or pharma domain experience required, Power BI, SQL, Databricks SQL Dashboard, or Qlik., Tableau, Looker, Pharmaceutical",Data Analyst,Naukri,3 days ago,https://www.naukri.com/job-listings-data-analyst-incedo-gurugram-6-to-10-years-030626023560
Data Analyst,Conneqt,Mumbai (All Areas),9-13 Yrs,15-20 Lacs PA,"Data Stewardship, Data Management, Data Governance, Business Intelligence, Power Bi, data cleaning, Master Data Management, Data Analysis",Data Analyst,Naukri,4 days ago,https://www.naukri.com/job-listings-data-analyst-conneqt-mumbai-all-areas-9-to-13-years-020626007008
Data Analyst - Snowflake/ Data Bricks/Azure Data Factory,Optum,Bengaluru,1-6 Yrs,Not Available,"data analyst, snowflake, python, data analysis, natural language processing, ai, databricks, power bi",Data Analyst,Naukri,1 week ago,https://www.naukri.com/job-listings-data-analyst-snowflake-data-bricks-azure-data-factory-optum-global-solutions-india-private-limited-bengaluru-1-to-6-years-260526933305
Data Analyst 3,Lam Research,Bengaluru,7-9 Yrs,Not Available,"Supply chain, Automation, Data analysis, Business analytics, Flex, power bi, Troubleshooting, Data mining",Data Analyst,Naukri,2 weeks ago,https://www.naukri.com/job-listings-data-analyst-3-lam-research-bengaluru-7-to-9-years-220526501833
Data Analyst,Capgemini,"Hyderabad, Chennai, Bengaluru",6-10 Yrs,Not Available,"Data analyst, Pyspark, Banking domain, Python, Data Validation, Hadoop, User Acceptance, Agile Process",Data Analyst,Naukri,1 week ago,https://www.naukri.com/job-listings-data-analyst-capgemini-hyderabad-chennai-bengaluru-6-to-10-years-280526019457
Data Analyst - US Shift,Morningstar,Navi Mumbai,0-2 Yrs,Not Available,"bi, pfmea, equity, research, sql, operations, fmea, writing",Data Analyst,Naukri,3 weeks ago,https://www.naukri.com/job-listings-data-analyst-us-shift-morningstar-india-p-ltd-navi-mumbai-0-to-2-years-130526026223
Data Analyst,Capco,Pune,0-7 Yrs,Not Available,"Delivery excellence, remediation, Management consulting, Banking, Manager Technology, Consultancy, Data Analyst, Financial services",Data Analyst,Naukri,3 weeks ago,https://www.naukri.com/job-listings-data-analyst-capco-technologies-pvt-ltd-pune-0-to-7-years-110526502223
Data Analyst,Tata Consultancy Services,"Pune, Bengaluru",4-8 Yrs,25-40 Lacs PA,"Power Bi, Data Analyst, Tableau, SQL, Data Analytics, Hadoop, GCP, Data Analysis",Data Analyst,Naukri,2 weeks ago,https://www.naukri.com/job-listings-data-analyst-tata-consultancy-services-pune-bengaluru-4-to-8-years-190526010408
Data Analyst - Ongoing Contract,The Lifetime Value Co,Remote,2-6 Yrs,Not Available,"Automation, Data analysis, Manager Quality Assurance, Data modeling, Analytical, Machine learning, Javascript, Selenium",Data Analyst,Naukri,3 days ago,https://www.naukri.com/job-listings-data-analyst-ongoing-contract-the-lifetime-value-co-remote-2-to-6-years-030626505257
Data Analyst - 10th April - Virtual Interview - Pan India,Tata Consultancy Services,"India, Bengaluru, Mumbai (All Areas)",7-12 Yrs,Not Available,"Power Bi, Tableau, Data Analytics, Data analysis, Analytics, Interviewing, Bi, Pan",Data Analyst,Naukri,3 days ago,https://www.naukri.com/job-listings-data-analyst-10th-april-virtual-interview-pan-india-tata-consultancy-services-bengaluru-mumbai-all-areas-india-7-to-12-years-090426005873
Data Analyst,The Briminc,Bengaluru,1-3 Yrs,Not Available,"Computer science, Automation, Data analysis, Analytical, Machine learning, Workflow, Analytics, SQL",Data Analyst,Naukri,3 days ago,https://www.naukri.com/job-listings-data-analyst-the-briminc-bengaluru-1-to-3-years-030626504105
"Data Analyst ( APLD , LAAD)",PRI Global,Hybrid - Bengaluru,5-9 Yrs,9-13 Lacs PA,"APLD, LAAD, SQL, Life Sciences, Patient Level Data, Clinical, Data Analyst, Medical",Data Analyst,Naukri,5 days ago,https://www.naukri.com/job-listings-data-analyst-apld-laad-pri-india-it-services-bengaluru-5-to-9-years-270426003938
Data Analyst,Tata Consultancy Services,Hyderabad,5-10 Yrs,10-20 Lacs PA,"Data analyst, Data Warehousing, Data Transformation, Data Validation, Data Analysis, ETL, Data Mapping, SQL",Data Analyst,Naukri,1 week ago,https://www.naukri.com/job-listings-data-analyst-tata-consultancy-services-hyderabad-5-to-10-years-270526038992
Engineer - Methods & Tools (Data Analyst),Premium Aerotec,Bengaluru,6-11 Yrs,Not Available,"PLM, ERP, Data analysis, Change management, Data modeling, Agile, Scrum, Analytics",Data Analyst,Naukri,1 week ago,https://www.naukri.com/job-listings-engineer-methods-tools-data-analyst-aerotec-bengaluru-6-to-11-years-280526503382
Data Analyst,Magellanic Cloud,"Hyderabad, Pune, Bengaluru",5-8 Yrs,8-18 Lacs PA,"Data Validation, Azure Data Factory, databricks, ETL, SQL, Data Lakehouse, Python, Microsoft Azure",Data Analyst,Naukri,5 days ago,https://www.naukri.com/job-listings-data-analyst-magellanic-cloud-hyderabad-pune-bengaluru-5-to-8-years-010626002873
Data Analyst,Tata International,New Delhi,1-5 Yrs,1-5 Lacs PA,"Dashboards, Marketing Analytics, Sales Analytics, Data analysis, Marketing, Analytics, Data, Sales",Data Analyst,Naukri,1 week ago,https://www.naukri.com/job-listings-data-analyst-tata-international-new-delhi-1-to-5-years-290526007266
Apprentice - Data Analyst,S&P Global Market Intelligence,"Mumbai, Gurugram",1-2 Yrs,Not Available,"Data Analyst, Financial Reporting, Sap, Compliance, Dispute Resolution, Finance, Research, Supply Chain",Data Analyst,Naukri,1 week ago,https://www.naukri.com/job-listings-apprentice-data-analyst-s-p-capital-iq-india-pvt-ltd-mumbai-gurugram-1-to-2-years-270526935645
Data Analyst,Bajaj Finance,Pune,1-2 Yrs,Not Available,"compliance, security compliance, project management, cloud services, issue resolution, information security, cloud platform, caching",Data Analyst,Naukri,1 week ago,https://www.naukri.com/job-listings-data-analyst-bajaj-finance-limited-pune-1-to-2-years-260526930409
"Online Data Analyst - ""Punjabi""",TELUS Digital,Remote,2-5 Yrs,"50,000 PA","Google Maps, Punjabi, English, Data Analysis, Mapserver, Map, Data, Cartography",Data Analyst,Naukri,1 week ago,https://www.naukri.com/job-listings-online-data-analyst-punjabi-telus-digital-india-2-to-5-years-270526034022
Data Analyst,TP,Gurugram,1-4 Yrs,Not Available,"Call Center, Customer Service, Sales, Customer Experience, Customer Experience Management, Sales Targets, Contact Center, Software Installation",Data Analyst,Naukri,1 week ago,https://www.naukri.com/job-listings-data-analyst-teleperformance-global-business-private-limited-gurugram-1-to-4-years-270526936095
Data Analyst,Optum,Noida,4-9 Yrs,Not Available,"data analyst, Azure, Agile Methodologies, Ai, Cms, Cloud Platform, Ai Tools, Analytics",Data Analyst,Naukri,1 week ago,https://www.naukri.com/job-listings-data-analyst-optum-global-solutions-india-private-limited-noida-4-to-9-years-290526920832
Data Analyst,S&P Global Market Intelligence,Ahmedabad,2-5 Yrs,Not Available,"Data Analyst, Java, Accounting, Analytical Skills, Sigma, Microsoft Office, Data Collection, Research",Data Analyst,Naukri,1 week ago,https://www.naukri.com/job-listings-data-analyst-s-p-capital-iq-india-pvt-ltd-ahmedabad-2-to-5-years-270526936048
Data Analyst,Ocwen Financial Corporation,"Hybrid - Pune, Bengaluru, Mumbai (All Areas)",6-9 Yrs,Not Available,"Artificial Intelligence, Machine Learning, SQL, Power Bi, Data analysis, Machine, Data, Bi",Data Analyst,Naukri,4 days ago,https://www.naukri.com/job-listings-data-analyst-ocwen-financial-corporation-pune-bengaluru-mumbai-all-areas-6-to-9-years-020626018811
Data Analyst,LatentView,"Hyderabad, Gurugram, Bengaluru",4-7 Yrs,Not Available,"Tableau, SQL, Predictive Modeling, Time Series Analysis, Data Analysis, Ab Testing, Statistics, Python",Data Analyst,Naukri,2 weeks ago,https://www.naukri.com/job-listings-data-analyst-latentview-hyderabad-gurugram-bengaluru-4-to-7-years-230526004502
Data Analyst,TechBlocks,"Hyderabad, Ahmedabad",5-10 Yrs,Not Available,"Data Analyst, Power Bi, Debugging, Natural Language Processing, Ai, Looker, Machine Learning, Statistics",Data Analyst,Naukri,5 days ago,https://www.naukri.com/job-listings-data-analyst-techblocks-consulting-pvt-ltd-hyderabad-ahmedabad-5-to-10-years-010626922994
Data Analyst,DAZN,Hyderabad,4-9 Yrs,Not Available,"Business Intelligence, Power BI, Reporting & Dashboarding, Problem Solving, Data Analysis, Data Visualization, Advanced Excel, Tableau",Data Analyst,Naukri,3 days ago,https://www.naukri.com/job-listings-data-analyst-dazn-group-hyderabad-4-to-9-years-030626503353
Data Analyst,V Patrol,Gurugram,1-4 Yrs,Not Available,"database maintenance, data analysis, modeling, bi, power bi, problem solving, data integrity, machine learning",Data Analyst,Naukri,3 days ago,https://www.naukri.com/job-listings-data-analyst-vpatrol-ai-private-limited-gurugram-1-to-4-years-030626505047
Data Analyst,Skylink Fibernet,Coimbatore,2-6 Yrs,Not Available,"Computer science, Data analysis, data science, Analytical, power bi, Database maintenance, Data Analyst, data visualization",Data Analyst,Naukri,3 days ago,https://www.naukri.com/job-listings-data-analyst-skylink-fibernet-coimbatore-2-to-6-years-030626502558
Data Analyst,Han Digital Solution,"Vijayawada, Visakhapatnam, Guntur, Nellore",1-2 Yrs,Not Available,"SAP, Trend analysis, power bi, Data analytics, Data Analyst, Budgeting, Vendor, Forecasting",Data Analyst,Naukri,3+ weeks ago,https://www.naukri.com/job-listings-data-analyst-han-digital-solution-vijayawada-visakhapatnam-guntur-nellore-1-to-2-years-221125501020
Transportation Data Analyst,ADVICS,Rohtak,2-5 Yrs,Not Available,"database maintenance, data analysis, bi, documentation, power bi, problem solving, dashboards, database administration",Data Analyst,Naukri,5 days ago,https://www.naukri.com/job-listings-transportation-data-analyst-advics-rohtak-2-to-5-years-010626502440
Data Anonymization Analyst,Innova Solutions,Hybrid - Bengaluru,4-9 Yrs,Not Available,"python, SAS, Clinical Data, sql, Adam, Cdisc, SAS Programming, sdtm",Data Analyst,Naukri,1 day ago,https://www.naukri.com/job-listings-data-anonymization-analyst-innova-solutions-bengaluru-4-to-9-years-050626019999
Data Analyst,Amgen Inc,Hyderabad,8-13 Yrs,Not Available,"Data Analyst, Change Management, Biotechnology, Power Bi, Sales Operations, Tableau, Analytics, Onboarding",Data Analyst,Naukri,4 days ago,https://www.naukri.com/job-listings-data-analyst-amgen-inc-hyderabad-8-to-13-years-020626924622
Data Analyst,Banking,India,4-9 Yrs,8-17 Lacs PA,"Power Bi, ETL, SQL, Data analysis, Bi, Data",Data Analyst,Naukri,3 days ago,https://www.naukri.com/job-listings-data-analyst-winfort-india-4-to-9-years-030626023537
Data Verification Analyst,Foundation Ai,"Kolkata, Mumbai, New Delhi, Hyderabad, Pune, Chennai, Bengaluru",0-5 Yrs,Not Available,"metadata, python, data analysis, data management, data analytics, data validation, configuration, data mining",Data Analyst,Naukri,3+ weeks ago,https://www.naukri.com/job-listings-data-verification-analyst-foundation-ai-kolkata-mumbai-new-delhi-hyderabad-pune-chennai-bengaluru-0-to-5-years-101224501433
Data Analyst,Sia Partners,Mumbai,3-6 Yrs,Not Available,"Computer science, French, Analytical, Data Analyst, Corporate finance, SSIS, Business intelligence, microsoft",Data Analyst,Naukri,3 days ago,https://www.naukri.com/job-listings-data-analyst-sia-partners-mumbai-3-to-6-years-030626502245
Data Analyst,Deloitte Consulting,"Hyderabad, Bengaluru",10-15 Yrs,18-33 Lacs PA,"GenAI, Artificial Intelligence, Data Analytics, Machine Learning, Python, Intelligence, Data analysis, Analytics",Data Analyst,Naukri,1 week ago,https://www.naukri.com/job-listings-data-analyst-cxc-global-com-hyderabad-bengaluru-10-to-15-years-270526026751
Data analyst,Dr Agarwals Eye Hospital,Mumbai,2-4 Yrs,Not Available,"PowerBI, Advanced Excel, Tableau, VLOOKUP, Dashboards, Macros, HLOOKUP, MIS Reporting",Data Analyst,Naukri,4 days ago,https://www.naukri.com/job-listings-data-analyst-dr-agarwals-eye-hospital-mumbai-2-to-4-years-020626017085
Underwriter & Data Analyst,Maruti Insurance,Gurugram(Cyber City),1-5 Yrs,Not Available,"Underwriting, MIS, Commercial Underwriting, Risk Analysis, Data Analysis, Risk Management, Commercial, Management",Data Analyst,Naukri,4 days ago,https://www.naukri.com/job-listings-underwriter-data-analyst-maruti-insurance-gurugram-1-to-5-years-020626006828
Data Analyst,Medusind,Mumbai,1-6 Yrs,Not Available,"database maintenance, python, data analysis, modeling, sas, predictive analytics, problem solving, process improvement",Data Analyst,Naukri,5 days ago,https://www.naukri.com/job-listings-data-analyst-medusind-solutions-mumbai-1-to-6-years-010626501575
Data Analyst,Tata Technologies,Pune,3-8 Yrs,Not Available,"data analyst, snowflake, data analysis, power bi, regulatory compliance, sales, marketing, tableau",Data Analyst,Naukri,1 week ago,https://www.naukri.com/job-listings-data-analyst-tata-technologies-ltd-pune-3-to-8-years-290526920741
UX Data Analyst (Contract),Anatta,Remote,4-7 Yrs,Not Available,"Software testing, CRO, Data analysis, Google Analytics, Compliance, Project management, E-commerce, Data Analyst",Data Analyst,Naukri,5 days ago,https://www.naukri.com/job-listings-ux-data-analyst-contract-anatta-remote-4-to-7-years-010626503608
Data Analyst,HMH Technology Private Limited,Pune,2-4 Yrs,Not Available,"data analyst, snowflake, sap, data analysis, steward, power bi, business analysis, business analyst",Data Analyst,Naukri,5 days ago,https://www.naukri.com/job-listings-data-analyst-houghton-mifflin-harcourt-technology-private-limit-ed-pune-2-to-4-years-010626922781
Data Analyst,Multinational Company,Pune,5-10 Yrs,Not Available,"Fast Api, Databricks, Python Development, Python, SQL, Data analysis, API, Data Bricks",Data Analyst,Naukri,1 week ago,https://www.naukri.com/job-listings-data-analyst-orcapod-consulting-services-pune-5-to-10-years-300526010058
Data Analyst,Blitzpath Innovations,Remote,9-10 Yrs,Not Available,"Computer science, Executive leadership, Automation, Excel, Data collection, Data Analyst, Statistics, Analytics",Data Analyst,Naukri,5 days ago,https://www.naukri.com/job-listings-data-analyst-blitzpath-innovations-private-limited-remote-9-to-10-years-010626504411
Data Analyst,Persistent,Pune,5-8 Yrs,Not Available,"database, stakeholder engagement skills, Data Analyst, Data, Stakeholder Engagement, Data analysis, Engagement, DBMS",Data Analyst,Naukri,2 weeks ago,https://www.naukri.com/job-listings-data-analyst-persistent-pune-5-to-8-years-220526021079
Data Analyst,Tech Mahindra,Mumbai (All Areas)(Malad),1-3 Yrs,3.5-6 Lacs PA,"Data Analytics, SQL, Python, Data, Data analysis, Analytics",Data Analyst,Naukri,3+ weeks ago,https://www.naukri.com/job-listings-data-analyst-tech-mahindra-mumbai-all-areas-1-to-3-years-260326036717
Data Analyst,tuv Rheinland,Bengaluru(Electronics City Phase 1),4-8 Yrs,Not Available,"Communication Skills, Power Bi, Master Data Management, Data Visualization, Data Analytics, Data Modeling, Tableau, Dashboards",Data Analyst,Naukri,3 weeks ago,https://www.naukri.com/job-listings-data-analyst-tuv-rheinland-bengaluru-4-to-8-years-120526011442
Data Analyst,NTT DATA,Hybrid - Chennai,3-7 Yrs,Not Available,"Power Bi, Data Analytics, SQL, Data Visualization, Analytics, Bi, Data analysis, Data",Data Analyst,Naukri,3+ weeks ago,https://www.naukri.com/job-listings-data-analyst-ntt-data-business-solutions-chennai-3-to-7-years-050526005350
Data Analyst,General Mills,Hybrid - Mumbai (All Areas)(Powai),10-20 Yrs,Not Available,"Python, SQL, Data Analysis, Data Analytics, Supply Chain, Analysis, Analytics, Data",Data Analyst,Naukri,3+ weeks ago,https://www.naukri.com/job-listings-data-analyst-randstad-mumbai-all-areas-10-to-20-years-050526043877
Data Analyst with MDM,Clifyx Technology,Bengaluru,0-5 Yrs,Not Available,"Stakeholder Engagement, RFI, Data structures, software asset management, Business process mapping, Data Analyst, Windows, Vendor",Data Analyst,Naukri,3+ weeks ago,https://www.naukri.com/job-listings-data-analyst-with-mdm-clifyx-technology-bengaluru-0-to-5-years-260326500793
Data Analyst,Habuild,Bengaluru,1-4 Yrs,Not Available,"data analysis, modeling, problem solving, process improvement, sql, database design, excel, operations",Data Analyst,Naukri,1 week ago,https://www.naukri.com/job-listings-data-analyst-habuild-bengaluru-1-to-4-years-250526503278
Data Analyst,Leading Client,Bengaluru,4-6 Yrs,Not Available,"Data Analyst, Business Intelligence, Administration, Agile Methodologies, Analytical Skills, Statistics, Analytics, Sql",Data Analyst,Naukri,1 week ago,https://www.naukri.com/job-listings-data-analyst-ideslabs-private-limited-bengaluru-4-to-6-years-280526926768
Data Analyst,Ahana Systems & Solutions,Bengaluru,1-4 Yrs,Not Available,"Automation, Process improvement, Marketing campaigns, model development, Data Analyst, banking products, Operations, Business banking",Data Analyst,Naukri,1 week ago,https://www.naukri.com/job-listings-data-analyst-ahana-systems-and-solutions-bengaluru-1-to-4-years-260526505927
BA / Data Analyst,tekskills,"Hybrid - Bengaluru, india",10-18 Yrs,Not Available,"Database, ETL, Data warehousing, Data Science, Big Data, Data, Data analysis, DBMS",Data Analyst,Naukri,1 week ago,https://www.naukri.com/job-listings-ba-data-analyst-tekskills-bengaluru-india-10-to-18-years-290526920059
Data Analyst,Cava Athleisure,Bengaluru,2-7 Yrs,Not Available,"Customer acquisition, Automation, SMS, Data quality, Rate analysis, Forecasting, Marketing strategy, Analytics",Data Analyst,Naukri,1 week ago,https://www.naukri.com/job-listings-data-analyst-cava-athleisure-bengaluru-2-to-7-years-270526501980
Data Analyst,Bahwan CyberTek,Chennai,3-4 Yrs,Not Available,"Data analysis, Manager Quality Assurance, Version control, GIT, Information security, Data quality, Analytics, Reporting tools",Data Analyst,Naukri,1 week ago,https://www.naukri.com/job-listings-data-analyst-bahwan-cybertek-chennai-3-to-4-years-290526506217
Data Analyst,Simply Vyapar Apps,Bengaluru,2-4 Yrs,Not Available,"database maintenance, python, data analysis, sas, bi, power bi, problem solving, business intelligence",Data Analyst,Naukri,1 week ago,https://www.naukri.com/job-listings-data-analyst-vyapar-bengaluru-2-to-4-years-280526505163
Petrophysics Data Analyst-G&G Ops Specialist 5+ Yrs,Leading Client,Hybrid - Bengaluru,5-10 Yrs,Not Available,"Data analysis, G&G Ops, Geomechanics, troubleshooting, requirement management system, petrophysics, Requirements, Ops",Data Analyst,Naukri,1 week ago,https://www.naukri.com/job-listings-petrophysics-data-analyst-g-g-ops-specialist-5-yrs-bcforward-india-technologies-private-limited-bengaluru-5-to-10-years-250526923063
"Data Analyst (NetSuite, Workday, Snowflake)",Leading Client,"Hybrid - Kolkata, Pune, Chennai",5-10 Yrs,Not Available,"NetSuite, BI tools, ERP transition, Snowflake, R Language, Data Analysis, Workday, SQL",Data Analyst,Naukri,1 week ago,https://www.naukri.com/job-listings-data-analyst-netsuite-workday-snowflake-iospl-technology-services-private-limited-kolkata-pune-chennai-5-to-10-years-250526927582
Data Analyst,Ecolab Global Services,Pune,6-8 Yrs,Not Available,"data analyst, data analysis, data systems, data governance, etl, elt, sql, Governance",Data Analyst,Naukri,1 week ago,https://www.naukri.com/job-listings-data-analyst-ecolab-global-services-private-limited-pune-6-to-8-years-250526935348
Data Analyst,Stack Digital,"Hubli, Mangaluru, Mysuru, Bengaluru, Belgaum",4-9 Yrs,Not Available,"Data analysis, Agile scrum, Data Analyst, FMCG, microsoft, consumer goods, Data warehousing, Analytics",Data Analyst,Naukri,1 week ago,https://www.naukri.com/job-listings-data-analyst-stack-digital-hubli-mangaluru-mysuru-bengaluru-belgaum-4-to-9-years-280526505421
Petrophysics Data Analyst-G&G Ops Specialist,Leading Client,Hybrid - Bangalore Rural,5-10 Yrs,Not Available,"Data analysis, G&G Ops, Geomechanics, troubleshooting, requirement management system, petrophysics, Requirements, Ops",Data Analyst,Naukri,1 week ago,https://www.naukri.com/job-listings-petrophysics-data-analyst-g-g-ops-specialist-bcforward-india-technologies-private-limited-bangalore-rural-5-to-10-years-250526923044
Petrophysics Data Analyst-G&G Ops Specialist,Leading Client,Hybrid - Bengaluru,5-10 Yrs,Not Available,"Data analysis, G&G Ops, Geomechanics, troubleshooting, requirement management system, petrophysics, Requirements management, Ops",Data Analyst,Naukri,1 week ago,https://www.naukri.com/job-listings-petrophysics-data-analyst-g-g-ops-specialist-bcforward-india-technologies-private-limited-bengaluru-5-to-10-years-250526923046
Data Analyst,UOB,"Mumbai Suburban, Hyderabad, Bengaluru",8-12 Yrs,Not Available,"Financial Crimes, Credit Risk, Python, data fabric, Power Bi, Amp, Hadoop, SQL",Data Analyst,Naukri,1 week ago,https://www.naukri.com/job-listings-data-analyst-techmasters-infomatrix-mumbai-suburban-hyderabad-bengaluru-8-to-12-years-270526017868
Data Analyst,Skill Hive Hub,Hyderabad,1-4 Yrs,Not Available,"Computer science, Data analysis, Data validation, Analytical, Data Analyst, Data analytics, Internship, Analytics",Data Analyst,Naukri,3+ weeks ago,https://www.naukri.com/job-listings-data-analyst-skill-hive-hub-hyderabad-1-to-4-years-010526501153
Data Analyst,Winzo,New Delhi,10-15 Yrs,Not Available,"Team management, MySQL, Conceptualization, Mentor, Data analytics, Data Analyst, Gaming, Analytics",Data Analyst,Naukri,3+ weeks ago,https://www.naukri.com/job-listings-data-analyst-winzo-games-new-delhi-10-to-15-years-180425503188
Data Analyst,CGI,Hybrid - Hyderabad,5-7 Yrs,8-18 Lacs PA,"Data Analytics, SQL, Python, Data analysis, Analytics, Data",Data Analyst,Naukri,3 weeks ago,https://www.naukri.com/job-listings-data-analyst-cgi-hyderabad-5-to-7-years-150526018833
Data Analyst,Aays Analytics,Gurugram,3-7 Yrs,Not Available,"Client solutions, SSRS, Consulting, Senior Data Analyst, Data analytics, SSIS, microsoft, SQL",Data Analyst,Naukri,3+ weeks ago,https://www.naukri.com/job-listings-data-analyst-aays-analytics-gurugram-3-to-7-years-111125502285
Data Analyst,Reputed Client Company,Vadodara,5-10 Yrs,6-8 Lacs PA,"Data Analyst, SQL, Python, Power Bi, Data Analysis, Data Visualization, Tableau, Data Analytics",Data Analyst,Naukri,1 week ago,https://www.naukri.com/job-listings-data-analyst-prominent-consultant-vadodara-5-to-10-years-091025042866
Data Analyst,Prudent Insurance Brokers,Gurugram,4-6 Yrs,Not Available,"Power Bi, Data Analytics, SQL, Data, Bi, Data analysis, Analytics",Data Analyst,Naukri,3+ weeks ago,https://www.naukri.com/job-listings-data-analyst-prudent-insurance-brokers-gurugram-4-to-6-years-050526022427
Data Analyst,Talisman Hr Solutions,Mumbai (All Areas),2-7 Yrs,Not Available,"Data Analyst, Python, SQL, real-world data studies, Claims, Data Analysis, clinical trial design, Databricks",Data Analyst,Naukri,2 weeks ago,https://www.naukri.com/job-listings-data-analyst-talisman-hr-solutions-mumbai-all-areas-2-to-7-years-200526012583
Data Analyst,MAN TRUCK BUS,Pune,6-9 Yrs,Not Available,"microsoft power bi, advanced analytics, python, data analysis, modeling, sap, data analytics, software testing",Data Analyst,Naukri,3+ weeks ago,https://www.naukri.com/job-listings-data-analyst-man-truck-bus-pune-6-to-9-years-290426503589
Data Analyst,Shell Info Technologies,Shillong,5-10 Yrs,8-18 Lacs PA,"Pandas, Data Visualization, Data Analytics, Numpy, Python, Google Sheets, Advanced Excel, Sheet",Data Analyst,Naukri,2 weeks ago,https://www.naukri.com/job-listings-data-analyst-shell-infotech-shillong-5-to-10-years-200526043517
Data Governance Analyst,Alstom,Bengaluru,4-7 Yrs,Not Available,"Data Governance, Change Management, Communication Skills, Data Quality, Power Bi, Data Analysis, Data Catalog, Data Visualization",Data Analyst,Naukri,1 week ago,https://www.naukri.com/job-listings-data-governance-analyst-alstom-transport-india-ltd-bengaluru-4-to-7-years-250526934567
Data Analyst,HMH Technology Private Limited,Hybrid - Pune,3-7 Yrs,Not Available,"Data analyst, Power Bi, Snowflake, Tableau, SQL, ETL, Data, Data analysis",Data Analyst,Naukri,1 week ago,https://www.naukri.com/job-listings-data-analyst-hmh-technology-private-limited-pune-3-to-7-years-290526023358
Data Analyst,Luxoft,Noida,6-8 Yrs,Not Available,"data analyst, Enterprise Applications, Automation, It Operations, Aviation, It Services, Stakeholder Communication, Analytics",Data Analyst,Naukri,1 week ago,https://www.naukri.com/job-listings-data-analyst-luxoft-india-llp-noida-6-to-8-years-290526920607
Data Analyst,Eulerity,Pune,3-8 Yrs,Not Available,"Data analysis, Manager Quality Assurance, Business analytics, Javascript, Account management, Troubleshooting, Business intelligence, Monitoring",Data Analyst,Naukri,1 week ago,https://www.naukri.com/job-listings-data-analyst-eulerity-pune-3-to-8-years-290526505904
Data Governance Analyst,Careernet,Bengaluru,4-7 Yrs,Not Available,"Collibra, Metadata, Data Steward, Data Analyst, Data Governance, Data Management, Data, Management",Data Analyst,Naukri,2 weeks ago,https://www.naukri.com/job-listings-data-governance-analyst-careernet-bengaluru-4-to-7-years-220526027406
Data Analyst,360DigiTMG,Hyderabad,Not Available,Unpaid,Not Available,Data Analyst,Naukri,Starts in 1-3 months,https://www.naukri.com/job-listings-data-analyst-360digitmg-hyderabad-1-to-2-years-180825504268
Walk-in || Data Analyst,Indmax It Services,Unknown,Not Available,Not Available,"MySQL, Join, SQL Server, ETL Tool, Ai Platform, SQL, Data analysis, Server",Data Analyst,Naukri,1 day ago,https://www.naukri.com/job-listings-data-analyst-indmax-it-services-hyderabad-1-to-2-years-050626017016
Data Analyst,Millennium Organisation,Mumbai (All Areas),2-4 Yrs,3-6 Lacs PA,"Power Bi Dashboards, Power Bi, VLOOKUP, Advanced Excel, HLOOKUP, Power Bi Reports, Pivot Table, Data Analysis",Data Analyst,Naukri,Today,https://www.naukri.com/job-listings-data-analyst-millennium-organisation-mumbai-all-areas-2-to-4-years-060626002867
Data Analyst,Momento Cybertech Solutions,Remote,3-5 Yrs,Not Available,"Visualization Tools, Data Modeling, Bi Applications, Financial Modelling, Data analysis, Tools, Modeling, Finance",Data Analyst,Naukri,1 week ago,https://www.naukri.com/job-listings-data-analyst-momento-cybertech-solutions-india-3-to-5-years-280526025032
Data Analyst,Brainware University,Kolkata,5-10 Yrs,3.5-7 Lacs PA,"Data Science, Power Bi, Data Analysis, Python, Machine Learning Algorithms, Data Visualization, Tableau, commerce",Data Analyst,Naukri,1 week ago,https://www.naukri.com/job-listings-data-analyst-brainware-university-kolkata-5-to-10-years-260526024886
Data Analyst - Fintech,HT Digital Streams,Gurugram,2-7 Yrs,Not Available,"SQL, Bigquery, Redshift Aws, AWS, Data, Data analysis, Amazon Redshift, Fintech",Data Analyst,Naukri,1 week ago,https://www.naukri.com/job-listings-data-analyst-fintech-ht-digital-streams-gurugram-2-to-7-years-250526015681
"Python Data Analyst (Indore, Full Time)",MavenMagnet,Indore,1-3 Yrs,Not Available,"Python, xlwings, SciPy, Pandas, AI, NumPy, openpyxl, Data analysis",Data Analyst,Naukri,2 weeks ago,https://www.naukri.com/job-listings-python-data-analyst-indore-full-time-mavenmagnet-indore-1-to-3-years-220526918375
Data Analyst,elevate,Chandigarh,2-5 Yrs,3-5 Lacs PA,"MS Excel, VLOOKUP, Pivot, Macros, Data analysis, Microsoft, Excel, Data",Data Analyst,Naukri,1 week ago,https://www.naukri.com/job-listings-data-analyst-elevate-chandigarh-2-to-5-years-280526015203
Data Analyst,Straive,Remote,2-6 Yrs,Not Available,"EMR, EHR, SQL, Python, Amazon Redshift, Redshift Aws, Redshift Db, ETL",Data Analyst,Naukri,1 week ago,https://www.naukri.com/job-listings-data-analyst-straive-chennai-2-to-6-years-290526003271
Data Analyst AI ML,Getronics,Chennai,4-6 Yrs,Not Available,"Power Bi, Prompt Engineering, SQL, Python, Aiml, Data, Data analysis, Artificial Intelligence",Data Analyst,Naukri,1 week ago,https://www.naukri.com/job-listings-data-analyst-ai-ml-getronics-chennai-4-to-6-years-280526019580
Data Analyst,Facctum,Pune,2-3 Yrs,Not Available,"Data analysis, Automation, Compliance, Analytical, Flex, Data quality, data integrity, Data Analyst",Data Analyst,Naukri,1 week ago,https://www.naukri.com/job-listings-data-analyst-facctum-it-solutions-india-private-limited-pune-2-to-3-years-280526503216
Data Analyst,HT Digital Streams,Gurugram,2-10 Yrs,Not Available,"Credit Bureau, Cibil, SQL, NBFC, Bigquery, Redshift Aws, RBI, AWS",Data Analyst,Naukri,1 week ago,https://www.naukri.com/job-listings-data-analyst-ht-digital-streams-gurugram-2-to-10-years-250526016800
Data Analyst,Syneos Health,Gurugram,3-8 Yrs,Not Available,"Career development, Field operations, Pharma, Agile, Healthcare, Life sciences, HTTP, Business intelligence",Data Analyst,Naukri,2 weeks ago,https://www.naukri.com/job-listings-data-analyst-syneos-health-gurugram-3-to-8-years-220526502603
Data Analyst,Valenta Bpo Solutions,Nashik,3-4 Yrs,Not Available,"Online research, Administration, Basic, Data management, Data Analyst, Management, Supervision, Data entry",Data Analyst,Naukri,1 week ago,https://www.naukri.com/job-listings-data-analyst-valenta-bpo-solutions-nashik-3-to-4-years-260526504056
Data Analyst,Valenta Bpo Solutions,New Delhi,3-4 Yrs,Not Available,"Online research, Administration, Basic, Data management, Data Analyst, Management, Supervision, Data entry",Data Analyst,Naukri,1 week ago,https://www.naukri.com/job-listings-data-analyst-valenta-bpo-solutions-new-delhi-3-to-4-years-260526504053
Data Analyst,Acuity It Solutions,Remote,4-8 Yrs,Not Available,"Fintech, SQL, Client Management, Javascript, Data Warehousing, Client, Data analysis, Management",Data Analyst,Naukri,1 week ago,https://www.naukri.com/job-listings-data-analyst-acuity-it-solutions-remote-4-to-8-years-270526031947
Data Analyst,Rezo,Noida,5-7 Yrs,Not Available,"SQL queries, Data analysis, Database design, Report writing, Data collection, Design development, Data Analyst, Data mining",Data Analyst,Naukri,1 week ago,https://www.naukri.com/job-listings-data-analyst-rezo-ai-noida-5-to-7-years-250526502266
Site Data Analyst,Apraava Renewable Energy,Jaipur,4-9 Yrs,Not Available,"Project implementation, Compliance, Relationship, Gap analysis, Data Analyst, SCM, Functionality testing, Principal",Data Analyst,Naukri,1 week ago,https://www.naukri.com/job-listings-site-data-analyst-apraava-energy-jaipur-4-to-9-years-250526502948
Data Analyst,Kiya.ai,Hybrid - Chennai,5-10 Yrs,Not Available,"Dashboards AND Executive reporting, Power Bi, Governance, Stakeholder Management, Data Analysis, Reporting, Dashboards, Bi",Data Analyst,Naukri,1 week ago,https://www.naukri.com/job-listings-data-analyst-kiya-ai-chennai-5-to-10-years-290526003371
Data Analysts,PRODAT,Bengaluru,1-3 Yrs,Not Available,"hlookup, macros, python, data analysis, data management, data analytics, data validation, data mining",Data Analyst,Naukri,3+ weeks ago,https://www.naukri.com/job-listings-data-analysts-prodat-bengaluru-1-to-3-years-131125503843
Data Analyst,Sbicap Securities,Mumbai,Not Available,10-15 Lacs PA,"Data Analysis, Predictive Modeling, Statistical Modeling, Data Analytics, SQL, Python, Predictive Analytics, Predictive",Data Analyst,Naukri,3 weeks ago,https://www.naukri.com/job-listings-data-analyst-sbicap-securities-mumbai-2-to-5-years-130426027758
Data Analyst,Mudra Ooh,Bengaluru,2-7 Yrs,Not Available,"database maintenance, macros, data analysis, data analytics, data mining, business analysis, power bi, dashboards",Data Analyst,Naukri,3+ weeks ago,https://www.naukri.com/job-listings-data-analyst-mudra-ooh-bengaluru-2-to-7-years-130226506067
Data Privacy Analyst,Indusind Bank,Hybrid - Mumbai (All Areas),7-10 Yrs,20-25 Lacs PA,"data protection, privacy compliance, Data Privacy, HP data protector, Data, Compliance",Data Analyst,Naukri,1 day ago,https://www.naukri.com/job-listings-data-privacy-analyst-indusind-bank-mumbai-all-areas-7-to-10-years-040626034336
Data Analyst,Eduport,Kozhikode,0-1 Yrs,Not Available,"Data analysis, Machine learning, Data processing, power bi, Predictive modeling, Data Analyst, Forecasting, SQL",Data Analyst,Naukri,3+ weeks ago,https://www.naukri.com/job-listings-data-analyst-eduport-kozhikode-0-to-1-years-150426501948
Data Analyst,Exly,Gurugram,0-4 Yrs,Not Available,"Computer science, Data analysis, tableau, Postgresql, SAAS, Agile, Healthcare, Data quality",Data Analyst,Naukri,3 weeks ago,https://www.naukri.com/job-listings-data-analyst-exly-yc-w19-gurugram-0-to-4-years-110526501305
Data Analyst,Improx Data And Cloud Consulting,Pune,0-2 Yrs,Not Available,"Operations Analyst, Data management, Coding, Data collection, Test cases, Continuous improvement, Information technology, SQL",Data Analyst,Naukri,3+ weeks ago,https://www.naukri.com/job-listings-data-analyst-improx-data-and-cloud-consulting-pvt-ltd-pune-0-to-2-years-311022501968
Data Analyst,Magic Infomedia,New Delhi,0-2 Yrs,Not Available,"Business Analyst, Data Analyst, Data analysis, Data, Business analysis",Data Analyst,Naukri,3+ weeks ago,https://www.naukri.com/job-listings-data-analyst-magic-infomedia-new-delhi-0-to-2-years-290525504067
Data Analyst,Relinns,Mohali,Not Available,Unpaid,Not Available,Data Analyst,Naukri,Starts in 1-3 months,https://www.naukri.com/job-listings-data-analyst-relinns-technologies-mohali-0-to-3-years-230125503894
Data Analyst,Zero Gravity Photography,Chennai,0-2 Yrs,Not Available,"Data analysis, Business reporting, Data Analyst, Management, Reporting, Analysis, Data",Data Analyst,Naukri,3+ weeks ago,https://www.naukri.com/job-listings-data-analyst-zero-gravity-photography-chennai-0-to-2-years-191125503577
Data Analyst,Claight Corporation Expert Market Research,Noida,0-1 Yrs,Not Available,"Data analysis, Data Analyst, Analysis, Data",Data Analyst,Naukri,3+ weeks ago,https://www.naukri.com/job-listings-data-analyst-claight-corporation-expert-market-research-noida-0-to-1-years-190225502681
Data Analyst,Fireblaze Ai School,Ahmedabad,0-2 Yrs,Not Available,"Performance tuning, Automation, Data analysis, Data modeling, Analytical, Machine learning, Macros, SQL",Data Analyst,Naukri,3+ weeks ago,https://www.naukri.com/job-listings-data-analyst-fireblaze-ai-school-ahmedabad-0-to-2-years-180625500856
Data Analyst,Mr Technical Veer Digital Services,Lalitpur,0-3 Yrs,Not Available,"Data Analyst, Data, Data analysis",Data Analyst,Naukri,3+ weeks ago,https://www.naukri.com/job-listings-data-analyst-mr-technical-veer-digital-services-lalitpur-0-to-3-years-120325503295
Data Analyst,Kaleesuwari Refinery and Industry (KRIPL),"Madurai, Tiruppur, Salem, Chennai, Tiruchirapalli, Coimbatore",0-3 Yrs,Not Available,"Data Analyst, Data analysis, Data",Data Analyst,Naukri,3+ weeks ago,https://www.naukri.com/job-listings-data-analyst-kaleeswari-refinery-p-ltd-madurai-tiruppur-salem-chennai-tiruchirapalli-coimbatore-0-to-3-years-040324501668
Data Analyst,Peroptyx,Remote,0-2 Yrs,Not Available,"Protection system, Independent Contractor, Analytical, Social media, Antivirus, Data Analyst, Research, Evaluator",Data Analyst,Naukri,3+ weeks ago,https://www.naukri.com/job-listings-data-analyst-peroptyx-remote-0-to-2-years-040226500962
Data Analyst,Diensten Tech,Gurugram,0-1 Yrs,Not Available,"Data Analyst, Data analysis, Data",Data Analyst,Naukri,3+ weeks ago,https://www.naukri.com/job-listings-data-analyst-diensten-tech-limited-gurugram-0-to-1-years-030325500332
Data Analyst,Snware Research Services,Gurugram,0-3 Yrs,Not Available,"Data validation, Quality standards, Project tracking, Quality check, Debugging, query, Data Analyst, SPSS",Data Analyst,Naukri,3+ weeks ago,https://www.naukri.com/job-listings-data-analyst-snware-research-services-pvt-ltd-gurugram-0-to-3-years-030125503189
Petrophysics Data Analyst-G&G Ops Specialist,Leading Client,Hybrid - Delhi / NCR,5-10 Yrs,Not Available,"Data analysis, G&G Ops, Geomechanics, troubleshooting, requirement management system, petrophysics, Ops, Data",Data Analyst,Naukri,1 week ago,https://www.naukri.com/job-listings-petrophysics-data-analyst-g-g-ops-specialist-bcforward-india-technologies-private-limited-delhi-ncr-5-to-10-years-250526923048
Data Analyst,Stripe,Bengaluru,3-8 Yrs,Not Available,"Usage, data science, Business Analyst, spark, Data Analyst, Data analytics, Business intelligence, SQL",Data Analyst,Naukri,3 weeks ago,https://www.naukri.com/job-listings-data-analyst-stripe-bengaluru-3-to-8-years-120526501270
Data Analyst,Black Box,Bengaluru,4-8 Yrs,5-10 Lacs PA,"Data Analysis, Data Analytics, Data Reporting, Analytics, Analysis, Data, Reporting",Data Analyst,Naukri,2 weeks ago,https://www.naukri.com/job-listings-data-analyst-black-box-bengaluru-4-to-8-years-180526006767
Data Analyst,The Art Of Living Human Resources,Bengaluru,2-4 Yrs,Not Available,"database maintenance, python, data analysis, data analytics, oracle, spotfire, problem solving, dashboards",Data Analyst,Naukri,3+ weeks ago,https://www.naukri.com/job-listings-data-analyst-the-art-of-living-human-resource-bengaluru-2-to-4-years-230426504671
Statistician/Data Analyst,Two95 International,Bengaluru,5-10 Yrs,Not Available,"GIS, Data analysis, Data validation, Analytical, power bi, Data Analyst, Data analytics, data visualization",Data Analyst,Naukri,3 weeks ago,https://www.naukri.com/job-listings-statistician-data-analyst-two95-international-inc-bengaluru-5-to-10-years-140526502692
Walk-in || Virtual Drive - 6th June | Chargeback Analyst | NTT DATA,"NTT DATA, Inc.",Unknown,Not Available,Not Available,"Chargeback, Banking Process, Banking Operations, International Banking, Card Operations, Master Card, Credit Cards, Credit Card Operations",Data Analyst,Naukri,1 day ago,https://www.naukri.com/job-listings-virtual-drive-6th-june-chargeback-analyst-ntt-data-ntt-data-inc-gurugram-2-to-5-years-050626007164
Data Analyst,Corporate Web Solutions,Bengaluru,Not Available,Unpaid,Not Available,Data Analyst,Naukri,Starts in 1-3 months,https://www.naukri.com/job-listings-data-analyst-corporate-web-solutions-bengaluru-1-to-4-years-160525501890
Data Analyst,Naghavi Fintech,Bengaluru,5-9 Yrs,Not Available,"SAS, Cognos, TIBCO, power bi, Data analytics, Analytics, Data, Data analysis",Data Analyst,Naukri,3+ weeks ago,https://www.naukri.com/job-listings-data-analyst-naghavi-fintech-bengaluru-5-to-9-years-260724502918
Data Analyst,ExcelR,Bengaluru,1-4 Yrs,Not Available,"excel, data extraction, data management, data analytics, data mining, predictive analytics, data visualization, Predictive",Data Analyst,Naukri,3+ weeks ago,https://www.naukri.com/job-listings-data-analyst-excelr-solutions-bengaluru-1-to-4-years-110326500153
Data Analyst,Imast Operations,Indore(MG Road),0-1 Yrs,2.75-3.75 Lacs PA,"Sales, Presales, Business Development, IT Services, Sales Support / Presales, Sales support, Data analysis, Data",Data Analyst,Naukri,3 weeks ago,https://www.naukri.com/job-listings-data-analyst-imast-operations-indore-0-to-1-years-120526034570
Data Analyst,Teplar Solutions,Coimbatore,0-4 Yrs,Not Available,"Analytical, Litigation, Workflow, Customer support, Business Development Executive, Client interaction, Data Analyst, MS Office",Data Analyst,Naukri,3+ weeks ago,https://www.naukri.com/job-listings-data-analyst-teplar-solutions-coimbatore-0-to-4-years-310320500022
Data Analyst,Paramount Health Services,Thane,0-4 Yrs,Not Available,"Analytical skills, tableau, Machine learning, Data Analyst, Oracle, SQL, Python, Analytical Skill",Data Analyst,Naukri,3+ weeks ago,https://www.naukri.com/job-listings-data-analyst-paramount-health-services-tpa-pvt-ltd-thane-0-to-4-years-281125500926
Data Analysts / HTML Editor,I-tech Infonet,Rajkot,0-2 Yrs,Not Available,"Training, Adobe Acrobat, PDF, XML, Epub, HTML, Editor, Testing",Data Analyst,Naukri,3+ weeks ago,https://www.naukri.com/job-listings-data-analysts-html-editor-i-tech-infonet-pvt-ltd-rajkot-0-to-2-years-260922500760
Data Analyst,Sociomix,New Delhi,0-5 Yrs,Not Available,"Data analysis, Statistical analysis, Excel, Data Analyst, data visualization, SQL, Statistics, Data",Data Analyst,Naukri,3+ weeks ago,https://www.naukri.com/job-listings-data-analyst-sociomix-new-delhi-0-to-5-years-240524500357
Data Analyst,Recruitrix Technologies,Hyderabad,0-2 Yrs,Not Available,"Graphics, Excel, Data management, Data Analyst, Statistics, Data analysis, Management, Data",Data Analyst,Naukri,3+ weeks ago,https://www.naukri.com/job-listings-data-analyst-recruitrix-technologies-llp-hyderabad-0-to-2-years-091122500313
Data Analyst,Arcgate,Udaipur,0-5 Yrs,Not Available,"Data Analyst, Data, Data analysis",Data Analyst,Naukri,3+ weeks ago,https://www.naukri.com/job-listings-data-analyst-arcgate-udaipur-0-to-5-years-070525502773
Data Analyst - German,Numerator,Vadodara,0-7 Yrs,Not Available,"Training, Retail, Usage, Database, German, Data Analyst, Research, Data entry",Data Analyst,Naukri,3+ weeks ago,https://www.naukri.com/job-listings-data-analyst-german-numerator-vadodara-0-to-7-years-010825503747
Data Analysts / HTML Editor,Ace Software Exports,Rajkot,0-4 Yrs,Not Available,"Training, Adobe Acrobat, XML, Epub, HTML, Editor, Testing, Data analysis",Data Analyst,Naukri,3+ weeks ago,https://www.naukri.com/job-listings-data-analysts-html-editor-ace-soft-export-rajkot-0-to-4-years-280723503843
Data Analyst,Net2Source,Bengaluru,4-6 Yrs,Not Available,"Power Bi, Tableau, Python, Data Analytics, Data, Analytics, Data analysis, Bi",Data Analyst,Naukri,3 weeks ago,https://www.naukri.com/job-listings-data-analyst-net2source-llp-bengaluru-4-to-6-years-140526012932
Data Analyst,Black and white Business Solution,"Hyderabad, Bengaluru",8-13 Yrs,10-20 Lacs PA,"Tableau, Data Analytics, SQL, Snowflake, Data Bricks, Data analysis, Bricks, Analytics",Data Analyst,Naukri,3 weeks ago,https://www.naukri.com/job-listings-data-analyst-black-and-white-business-solutions-hyderabad-bengaluru-8-to-13-years-140526018753
Data Analyst,Fintech Cloud,Noida(Sector 63),3-7 Yrs,4-9 Lacs PA,"Python, Metabase, Data Engineering, Power Bi, Data Visualization, Tableau, Data Analytics, ETL",Data Analyst,Naukri,2 weeks ago,https://www.naukri.com/job-listings-data-analyst-fintech-cloud-noida-3-to-7-years-180526003408
Data Analyst,Energytech Ventures,Kolkata,2-5 Yrs,Not Available,"Managed services, Excel, Process improvement, Data collection, HTTP, Data analytics, Data Analyst, Powerpoint",Data Analyst,Naukri,3+ weeks ago,https://www.naukri.com/job-listings-data-analyst-energytech-ventures-kolkata-2-to-5-years-170120500029
Data Analyst,Bootcoding,Nagpur,1-6 Yrs,Not Available,"python, macros, data analysis, data analytics, data management, data mining, predictive analytics, power bi",Data Analyst,Naukri,3 weeks ago,https://www.naukri.com/job-listings-data-analyst-bootcoding-nagpur-1-to-6-years-150526502860
Workday Data Analyst,Nam Info,Chennai,2-5 Yrs,Not Available,"Business process, Analytical skills, Data analysis, Data migration, Data conversion, Data management, Data analytics, Data Analyst",Data Analyst,Naukri,3+ weeks ago,https://www.naukri.com/job-listings-workday-data-analyst-nam-info-inc-chennai-2-to-5-years-120326501189
Data Analyst,TIC Fiber,Chennai,3-6 Yrs,Not Available,"master data, metadata, python, data analysis, data management, data analytics, data validation, configuration",Data Analyst,Naukri,3+ weeks ago,https://www.naukri.com/job-listings-data-analyst-tic-fiber-chennai-3-to-6-years-110724502789
Data Analyst,Lorven Technologies,Pune,5-10 Yrs,Not Available,"database maintenance, python, data analytics, data analysis, data management, data validation, data mining, business analysis",Data Analyst,Naukri,3+ weeks ago,https://www.naukri.com/job-listings-data-analyst-lorventech-solutions-india-pvt-ltd-pune-5-to-10-years-090326502601
Data Analyst,The Scholar,New Delhi,4-9 Yrs,Not Available,"SQL queries, Automation, Data management, Finance, Issue resolution, Data quality, Data analytics, Data Analyst",Data Analyst,Naukri,3+ weeks ago,https://www.naukri.com/job-listings-data-analyst-thescholar-new-delhi-4-to-9-years-081025501148
Data Analyst,Tattva Foundation,Lucknow,1-4 Yrs,Not Available,"master data, metadata, python, data analysis, data management, data analytics, data validation, configuration",Data Analyst,Naukri,3+ weeks ago,https://www.naukri.com/job-listings-data-analyst-tattvafoundation-lucknow-1-to-4-years-050925506581
Data Analyst,Metlife,Hybrid - Hyderabad,8-10 Yrs,Not Available,"Data Validation, Data Analytics, Requirement Gathering, Data Profiling, Data Analysis, FRD, Data Warehousing, SQL",Data Analyst,Naukri,3+ weeks ago,https://www.naukri.com/job-listings-data-analyst-metlife-hyderabad-8-to-10-years-050526043258
Data Analyst,Squareone Insights,Mumbai,2-7 Yrs,Not Available,"Data analysis, SAS, Report writing, Data collection, Packaging, power bi, Advanced Excel, Data analytics",Data Analyst,Naukri,3+ weeks ago,https://www.naukri.com/job-listings-data-analyst-squareone-insights-mumbai-2-to-7-years-030925500908
Data Analyst,Admini Boosting Productivity,Siliguri,1-4 Yrs,Not Available,"master data, metadata, python, data analysis, data management, data analytics, data validation, configuration",Data Analyst,Naukri,3+ weeks ago,https://www.naukri.com/job-listings-data-analyst-admini-boosting-productivity-siliguri-1-to-4-years-020725503605
Data Analyst,Velodata Global,"Madurai, Tiruppur, Salem, Chennai, Tiruchirapalli, Coimbatore",1-4 Yrs,Not Available,"database maintenance, python, data analysis, modeling, data analytics, bi, power bi, problem solving",Data Analyst,Naukri,3+ weeks ago,https://www.naukri.com/job-listings-data-analyst-velodata-global-pvt-ltd-madurai-tiruppur-salem-chennai-tiruchirapalli-coimbatore-1-to-4-years-010526501284
Data Analyst,Leading Client,Hyderabad,6-9 Yrs,Not Available,"Data Analyst, Pandas, Snowflake, Database Management, Etl, Analytics, Python, Sql",Data Analyst,Naukri,1 week ago,https://www.naukri.com/job-listings-data-analyst-ideslabs-private-limited-hyderabad-6-to-9-years-280526926976
Data Analyst,Talworx,Hybrid - Thane,3-8 Yrs,10-14 Lacs PA,"Data Analytics, Python, Data Visualization, SQL, Analytics, Data, Data analysis",Data Analyst,Naukri,3+ weeks ago,https://www.naukri.com/job-listings-data-analyst-talworx-solutions-thane-3-to-8-years-050526041823
Data Analyst,GEETHA TECHNOLOGY SOLUTIONS PRIVATE LIMITED,Madurai,5-7 Yrs,Not Available,"Data Analytics, Power Bi, Ai Techniques, Advanced Excel, SQL, Python, Analytics, Data analysis",Data Analyst,Naukri,3+ weeks ago,https://www.naukri.com/job-listings-data-analyst-geetha-technology-solutions-madurai-5-to-7-years-050526004292
Data Analyst,Rohan Builders & Developers,Pune,4-8 Yrs,Not Available,"database maintenance, data analysis, data analytics, data interpretation, design development, data mining, power bi, data collection",Data Analyst,Naukri,3+ weeks ago,https://www.naukri.com/job-listings-data-analyst-rohan-builders-developers-pune-4-to-8-years-260326500439
Data Analyst,Techknomatic,Pune,2-5 Yrs,Not Available,"Power Bi, Data Visualization, Dashboards, Data Analytics, SQL, Data, Bi, Data analysis",Data Analyst,Naukri,3+ weeks ago,https://www.naukri.com/job-listings-data-analyst-techknomatic-pune-2-to-5-years-050526010222
Data Analyst (BigQuery),Enfuse Solutions,Mumbai,2-4 Yrs,Not Available,"Data quality, Data analytics, Data Analyst, Data, Analytics, Data analysis, Quality, Bigquery",Data Analyst,Naukri,3+ weeks ago,https://www.naukri.com/job-listings-data-analyst-bigquery-enfuse-solutions-pvt-ltd-mumbai-2-to-4-years-300725504333
Data Analyst,UE Autotech (i),New Delhi,2-6 Yrs,Not Available,"metadata, python, data analysis, data management, data analytics, data validation, configuration, data mining",Data Analyst,Naukri,3+ weeks ago,https://www.naukri.com/job-listings-data-analyst-ue-autotech-new-delhi-2-to-6-years-291025500975
Data Analyst,Yocreativ,Gurugram,1-3 Yrs,Not Available,"database maintenance, python, data analytics, data analysis, data mining, predictive analytics, business analysis, power bi",Data Analyst,Naukri,3+ weeks ago,https://www.naukri.com/job-listings-data-analyst-yocreativ-gurugram-1-to-3-years-290725501993
Data Analyst,Alcircle,Kolkata,1-3 Yrs,Not Available,"metadata, python, data analysis, data management, data analytics, data validation, configuration, data mining",Data Analyst,Naukri,3+ weeks ago,https://www.naukri.com/job-listings-data-analyst-alcircle-kolkata-1-to-3-years-290525502439
Data Analyst,Primo Tech,Mohali,1-3 Yrs,Not Available,"master data, metadata, python, data analysis, data management, data analytics, data validation, configuration",Data Analyst,Naukri,3+ weeks ago,https://www.naukri.com/job-listings-data-analyst-primo-tech-mohali-1-to-3-years-281025501523
Data Analyst with Hadoop,Asky Services Llp,Gurugram,5-7 Yrs,Not Available,"metadata, python, data analysis, data management, data analytics, data validation, configuration, data mining",Data Analyst,Naukri,3+ weeks ago,https://www.naukri.com/job-listings-data-analyst-with-hadoop-asky-services-gurugram-5-to-7-years-270825502639
Data Analyst,Saven Technologies,Hyderabad,3-5 Yrs,Not Available,"RCA, Root cause analysis, Analytical, Social media, Data analytics, data visualization, Analytics, SQL",Data Analyst,Naukri,3+ weeks ago,https://www.naukri.com/job-listings-data-analyst-saven-technologies-limited-hyderabad-3-to-5-years-270824501177
DATA ANALYST,Nutris Crop Solutions India,Satara,1-6 Yrs,Not Available,"metadata, python, data analysis, data management, data analytics, data validation, configuration, data mining",Data Analyst,Naukri,3+ weeks ago,https://www.naukri.com/job-listings-data-analyst-nutris-crop-solutions-india-pvt-ltd-satara-1-to-6-years-270525503903
Data Analyst,Goodwin Financial Holdings,Hyderabad,2-5 Yrs,Not Available,"metadata, python, data analysis, data management, data analytics, data validation, configuration, data mining",Data Analyst,Naukri,3+ weeks ago,https://www.naukri.com/job-listings-data-analyst-goodwin-financial-holdings-p-ltd-hyderabad-2-to-5-years-270525503891
Data Analyst,Hashtag Infosystem,Surat,3-6 Yrs,Not Available,"data analysis, data analytics, forecasting, bi, strong analytical skills, power bi, pivot table, business analysis",Data Analyst,Naukri,3+ weeks ago,https://www.naukri.com/job-listings-data-analyst-hashtag-infosystem-surat-3-to-6-years-270224500754
Data Analyst,Socialion Media,Navi Mumbai,1-6 Yrs,Not Available,"database maintenance, python, data analysis, data analytics, data mining, predictive analytics, business analysis, power bi",Data Analyst,Naukri,3+ weeks ago,https://www.naukri.com/job-listings-data-analyst-socialion-media-navi-mumbai-1-to-6-years-250625502174
Data Analyst,Disc Technology Services,Mumbai,3-5 Yrs,Not Available,"master data, metadata, python, data analysis, data management, data analytics, data validation, configuration",Data Analyst,Naukri,3+ weeks ago,https://www.naukri.com/job-listings-data-analyst-disc-technology-services-pvt-ltd-mumbai-3-to-5-years-240925500058
Data Analyst,Freedom From Diabetes,Pune,3-8 Yrs,Not Available,"Computer science, Automation, Data modeling, Analytical, Data processing, Data analytics, Data quality, Business intelligence",Data Analyst,Naukri,3+ weeks ago,https://www.naukri.com/job-listings-data-analyst-freedom-from-diabetes-pvt-ltd-pune-3-to-8-years-240326503473
Data Analyst,Facts N Data,Noida,3-6 Yrs,Not Available,"metadata, python, data analysis, data management, data analytics, data validation, configuration, data mining",Data Analyst,Naukri,3+ weeks ago,https://www.naukri.com/job-listings-data-analyst-facts-n-data-noida-3-to-6-years-230424501594
Data Analyst,IBS Software Services,Chennai,2-3 Yrs,Not Available,"python, data analysis, data analytics, data management, data mining, power bi, pivot table, business analysis",Data Analyst,Naukri,2 weeks ago,https://www.naukri.com/job-listings-data-analyst-ibs-software-chennai-2-to-3-years-210526500634
Data Analyst,Clustrex Data,Chennai,2-5 Yrs,Not Available,"master data, metadata, python, data analysis, data management, data analytics, data validation, configuration",Data Analyst,Naukri,3+ weeks ago,https://www.naukri.com/job-listings-data-analyst-clustrex-chennai-2-to-5-years-201125502485
Data Analyst,Manufapp,New Delhi,1-3 Yrs,Not Available,"python, data analysis, data analytics, data mining, power bi, problem solving, analysis, machine learning",Data Analyst,Naukri,3+ weeks ago,https://www.naukri.com/job-listings-data-analyst-manufapp-new-delhi-1-to-3-years-200325504598
Business Analyst,Wipro,Hyderabad,4-9 Yrs,Not Available,"Business Analytics, Artificial Intelligence, Machine Learning, Python, SQL, Java, Business Consulting",Business Analyst,Naukri,4 days ago,https://www.naukri.com/job-listings-business-analyst-wipro-hyderabad-4-to-9-years-290426018169
Business Analyst,G4S,Remote,5-10 Yrs,Not Available,"Project Management, IT Project Management, Stakeholder Management, Delivery Management, IT management, Business analysis, IT projects, Management",Business Analyst,Naukri,4 days ago,https://www.naukri.com/job-listings-business-analyst-g4s-gurugram-5-to-10-years-110326036916
Business Analyst,Angel One,Hybrid - Mumbai(Andheri East),4-6 Yrs,17-25 Lacs PA,"Business Analytics, Tableau, SQL, Python, Analytics, Business analysis",Business Analyst,Naukri,2 days ago,https://www.naukri.com/job-listings-business-analyst-angel-one-mumbai-4-to-6-years-040626008631
Business Analyst,Matrimony com,Chennai,2-5 Yrs,Not Available,"Business Analytics, Business Insights, Dashboard Development, SQL, Python, Business analysis, Business Insight, Development",Business Analyst,Naukri,2 days ago,https://www.naukri.com/job-listings-business-analyst-matrimony-com-chennai-2-to-5-years-020526006552
Immediate Hiring For Business Analyst,Tech Mahindra,"Hybrid - Hyderabad, Chennai, Bengaluru",6-10 Yrs,Not Available,"Business Analytics, Business Analysis, Business Requirement Analysis, Requirement analysis, Analytics, Analysis, Hiring, Requirements",Business Analyst,Naukri,1 week ago,https://www.naukri.com/job-listings-immediate-hiring-for-business-analyst-tech-mahindra-hyderabad-chennai-bengaluru-6-to-10-years-190526038966
Business Analyst,Deloitte Shared Services India,"Hybrid - Bengaluru, Delhi / NCR, Mumbai (All Areas)",3-8 Yrs,Not Available,"Business Analytics, Requirement Gathering, scrum, Data Warehousing, Business Analysis, Power Bi, Bi Tools, Agile",Business Analyst,Naukri,Few hours ago,https://www.naukri.com/job-listings-business-analyst-deloitte-shared-services-india-bengaluru-delhi-ncr-mumbai-all-areas-3-to-8-years-060626008571
Business Analyst,ManageArtworks,Chennai,0-3 Yrs,Not Available,"Business Analyst, Consulting, Packaging, Workflow, Customer support, Representative, Management, Customer engagement",Business Analyst,Naukri,2 days ago,https://www.naukri.com/job-listings-business-analyst-manageartworks-chennai-0-to-3-years-040626502707
Business Analyst,Cardekho.com,Gurugram,3-5 Yrs,Not Available,"Business Analytics, Business Insights, Strategic Insights, Insight Generation, Marketing Analytics, Analytics, Insights, Business analysis",Business Analyst,Naukri,5 days ago,https://www.naukri.com/job-listings-business-analyst-cardekho-com-gurugram-3-to-5-years-100326025439
Business Analyst,Rhysley,New Delhi(Mohan Co operative),5-10 Yrs,Not Available,"Business Analytics, workflow analysis, Reporting Analysis, Use Cases, Power BI, BRD, Requirement Gathering, User Stories",Business Analyst,Naukri,1 day ago,https://www.naukri.com/job-listings-business-analyst-rhysley-new-delhi-5-to-10-years-050626006217
Business Analyst,EY,"Hybrid - Chennai, Bengaluru",7-12 Yrs,10-20 Lacs PA,"Integration, BRD, FSD, AS-ISTO-BE, Requirements, Data analysis, ERP, Business analysis",Business Analyst,Naukri,2 days ago,https://www.naukri.com/job-listings-business-analyst-ey-chennai-bengaluru-7-to-12-years-040626014015
Business Analyst,Acuvate Software,Hyderabad,0-5 Yrs,Not Available,"IT services, Automation, Sales operations, Business analysis, Coding, Analytical, Gap analysis, Visio",Business Analyst,Naukri,1 day ago,https://www.naukri.com/job-listings-business-analyst-acuvate-software-hyderabad-0-to-5-years-050626502718
Business Analyst - Manufacturing,Leading MNC into Steam Manufacturing,Chennai,6-11 Yrs,16-22.5 Lacs PA,"Business Analyst, Business Analytics, Azure Solution Architect, Data Analytics, Manufacturing, Microsoft Azure, Business analysis, Analytics",Business Analyst,Naukri,2 days ago,https://www.naukri.com/job-listings-business-analyst-manufacturing-nexus-manpower-solutions-chennai-6-to-11-years-040626023184
Business Analyst/AI Specialist / AI Professional,ADG Online Solutions,Remote,4-9 Yrs,12-14 Lacs PA,"Artificial Intelligence, Gap Analysis, Data Science, Business Analytics, Large Language Model, Requirement Gathering, Natural Language Processing, Machine Learning",Business Analyst,Naukri,2 days ago,https://www.naukri.com/job-listings-business-analyst-ai-specialist-ai-professional-adg-online-solutions-delhi-ncr-4-to-9-years-040626028287
Business Analyst,Tech Mahindra,Hybrid - Chennai,5-10 Yrs,Not Available,"Business Analytics, Business Analysis, Requirement Gathering, Analytics, Requirements, Analysis",Business Analyst,Naukri,2 days ago,https://www.naukri.com/job-listings-business-analyst-tech-mahindra-chennai-5-to-10-years-020626027500
Business Analyst,Newgen,Mumbai (All Areas),4-7 Yrs,Not Available,"CLOS/RLOS domain, CLOS, Business Analysis, Business Analytics, Brd, Lending Domain, Requirement Gathering, Omniflow",Business Analyst,Naukri,1 day ago,https://www.naukri.com/job-listings-business-analyst-newgen-mumbai-all-areas-4-to-7-years-050626014147
Business Analyst,Accenture,Bengaluru,1-4 Yrs,Not Available,"project management, project implementation, business analysis, business requirement analysis, process mapping, data analysis, gap analysis, business solutions",Business Analyst,Naukri,5 days ago,https://www.naukri.com/job-listings-business-analyst-accenture-solutions-pvt-ltd-bengaluru-1-to-4-years-010626919099
Business Analyst,Broadridge,Bengaluru,0-2 Yrs,Not Available,"Product management, Usage, Manager Quality Assurance, Business Analyst, Fixed income, Artificial Intelligence, Agile, product life cycle",Business Analyst,Naukri,1 week ago,https://www.naukri.com/job-listings-business-analyst-broadridge-financial-solutions-india-pvt-ltd-bengaluru-0-to-2-years-260526503748
Business Analyst,A Reputed FinTech Company,Mumbai (All Areas),4-9 Yrs,5-6 Lacs PA,"Business Analytics, Power Bi, Fintech, Tableau, JIRA, Workflow System, Visio, Balsamiq",Business Analyst,Naukri,4 days ago,https://www.naukri.com/job-listings-business-analyst-max-hr-solutions-mumbai-all-areas-4-to-9-years-020626003966
Gen AI Business Analyst,Capgemini,Kolkata,4-9 Yrs,Not Available,"client engagement, order to cash, p2p, r2r, finance, project management, business analysis, business analytics",Business Analyst,Naukri,5 days ago,https://www.naukri.com/job-listings-gen-ai-business-analyst-capgemini-technology-services-india-limited-kolkata-4-to-9-years-010626911949
Business Analyst,IQVIA,Hybrid - India,8-13 Yrs,Not Available,"Business Analytics, Requirement Gathering, Reltio, Informatica Mdm, Mdm Informatica, MDM, Data Warehousing, Business Analysis",Business Analyst,Naukri,2 weeks ago,https://www.naukri.com/job-listings-business-analyst-iqvia-india-8-to-13-years-220526027068
Business Analyst,Accenture,Chennai,5-10 Yrs,Not Available,"Business Analyst, Analytical Skills, Business Processes, Research, Strategic Planning, Operations, Stakeholder Management, Business Requirements",Business Analyst,Naukri,2 days ago,https://www.naukri.com/job-listings-business-analyst-accenture-solutions-pvt-ltd-chennai-5-to-10-years-040626915958
Business Analyst,Surya Software Systems,Kolkata,0-1 Yrs,4-5 Lacs PA,"Finance, Risk Management, Fintech, Bfsi, Financial Products, Banking And Finance, Banking Products, Management",Business Analyst,Naukri,6 days ago,https://www.naukri.com/job-listings-business-analyst-surya-software-systems-kolkata-0-to-1-years-301025024257
Analyst/ Sr Analyst/ Manager/ AVP- T24 Business Analyst,MUFG Bank,Bengaluru,2-15 Yrs,Not Available,"Business process, Loans, Automation, Publishing, Trade finance, Analytical, Gap analysis, Analytics",Business Analyst,Naukri,1 day ago,https://www.naukri.com/job-listings-analyst-sr-analyst-manager-avp-t24-business-analyst-bank-of-tokyo-mitsubishi-ufj-ltd-bengaluru-2-to-15-years-050626501309
Project Manager+Senior Business Analyst,Luxoft,Bengaluru,15-20 Yrs,Not Available,"project manager, trading, project management, financial institution, investment banking, cash management, market data, business analyst",Business Analyst,Naukri,1 day ago,https://www.naukri.com/job-listings-project-manager-senior-business-analyst-luxoft-india-llp-bengaluru-15-to-20-years-050626924171
Business Analyst HCM,Tata Consultancy Services,"Kolkata, Bengaluru",6-11 Yrs,"50,000-1.25 Lacs PA","HR Analytics, Business Intelligence Reporting, Data Analytics, Hrsd, Business analysis, Analytics, Business intelligence, Data",Business Analyst,Naukri,1 day ago,https://www.naukri.com/job-listings-business-analyst-hcm-tata-consultancy-services-kolkata-bengaluru-6-to-11-years-050626021282
Business Analyst,Accenture,Pune,3-8 Yrs,Not Available,"Business Analyst, Project Execution, Project Management, Analytical Skills, Business Processes, Business Models, Research, Stakeholder Management",Business Analyst,Naukri,2 days ago,https://www.naukri.com/job-listings-business-analyst-accenture-solutions-pvt-ltd-pune-3-to-8-years-040626919054
Business Analyst,Persistent,Bengaluru,8-11 Yrs,Not Available,"Denodo, BD, BA, Business analysis",Business Analyst,Naukri,1 day ago,https://www.naukri.com/job-listings-business-analyst-persistent-bengaluru-8-to-11-years-050626016634
Denodo Business Analyst,Persistent,"Hyderabad, Pune, Bengaluru",4-9 Yrs,Not Available,"Denodo, Data Analysis, Business Analysis, Analysis, Data",Business Analyst,Naukri,1 day ago,https://www.naukri.com/job-listings-denodo-business-analyst-persistent-hyderabad-pune-bengaluru-4-to-9-years-050626015637
Business Analyst,Dew Solutions,Gurugram,0-4 Yrs,Not Available,"Manager Quality Assurance, Business analysis, Consulting, Agile, E-governance, Business process mapping, Gap analysis, JIRA",Business Analyst,Naukri,3 days ago,https://www.naukri.com/job-listings-business-analyst-dew-solutions-pvt-ltd-gurugram-0-to-4-years-030626502960
"Staff Consultant, Business Analyst (CASA/TD)",Nagarro,Remote,6-11 Yrs,Not Available,"Computer science, System integration testing, Test scenarios, Gap analysis, Test cases, Information technology, Operations, Monitoring",Business Analyst,Naukri,1 day ago,https://www.naukri.com/job-listings-staff-consultant-business-analyst-casa-td-nagarro-software-pvt-ltd-remote-6-to-11-years-050626504110
Business Analyst,Celebal Technologies,"Noida, Pune, Jaipur",5-7 Yrs,Not Available,"Business Analytics, Documentation Skills, Data Mesh, Technical Documentation, Data Catalog, Visio, Modeling, Data Bricks",Business Analyst,Naukri,1 day ago,https://www.naukri.com/job-listings-business-analyst-celebal-technologies-noida-pune-jaipur-5-to-7-years-030626032548
Business Analyst,Accenture,Mumbai,1-4 Yrs,Not Available,"project management, business solutions, business analysis, process mapping, duck creek, gap analysis, documentation, ATCI-5114907-S1898178",Business Analyst,Naukri,1 week ago,https://www.naukri.com/job-listings-business-analyst-accenture-solutions-pvt-ltd-mumbai-1-to-4-years-280526922504
Business Analyst,Cleartax,Bengaluru,2-4 Yrs,12-18 Lacs PA,"SQL, Business Analytics, Power Bi, Bi Tools, Data Visualization, Data Analytics, Business analysis, Tools",Business Analyst,Naukri,5 days ago,https://www.naukri.com/job-listings-business-analyst-cleartax-bengaluru-2-to-4-years-010626007914
Business Analyst,Broadridge,Hyderabad,0-2 Yrs,Not Available,"Product management, Usage, Manager Quality Assurance, Business Analyst, Fixed income, Artificial Intelligence, Agile, product life cycle",Business Analyst,Naukri,1 week ago,https://www.naukri.com/job-listings-business-analyst-broadridge-financial-solutions-india-pvt-ltd-hyderabad-0-to-2-years-290526500824
Business Analyst-Cybersecurity,Visionet Systems,Bengaluru,0-4 Yrs,Not Available,"project management, cyber security, business requirements, gap analysis, business analysis, uat, problem solving, user stories",Business Analyst,Naukri,4 days ago,https://www.naukri.com/job-listings-business-analyst-cybersecurity-visionet-systems-inc-bengaluru-0-to-4-years-020626502481
"business analyst,",CGI,"Chennai, Bengaluru",4-9 Yrs,"50,000-3 Lacs PA","Requirement Gathering, Gap Analysis, Business Analytics, Business Analysis, Requirements, Analytics, Gap, Analysis",Business Analyst,Naukri,1 week ago,https://www.naukri.com/job-listings-business-analyst-cgi-chennai-bengaluru-4-to-9-years-260526026906
Business Analyst,Nik Baker's,Mohali,3-7 Yrs,7-12 Lacs PA,"Business Analytics, Business Analysis, SQL, Analytics, Analysis",Business Analyst,Naukri,3 days ago,https://www.naukri.com/job-listings-business-analyst-nik-baker-s-mohali-3-to-7-years-030626018471
Business Analyst,CTD Techs,Chennai,4-7 Yrs,8-12 Lacs PA,"Rpa, Bdd, Business Analytics, Documentation, Presales, Sddc, Business analysis, Analytics",Business Analyst,Naukri,4 days ago,https://www.naukri.com/job-listings-business-analyst-ctd-techs-chennai-4-to-7-years-020626017031
Business Analyst- Intern/Freshers,Orcapod Consulting Services,Gurugram,0-3 Yrs,Not Available,"Business Analysis, Excel, Requirement Gathering, Data Analysis, Requirements, Analysis, Data",Business Analyst,Naukri,Today,https://www.naukri.com/job-listings-business-analyst-intern-freshers-orcapod-consulting-services-gurugram-0-to-3-years-220526019458
Business Analyst,Persistent,Pune,11-15 Yrs,Not Available,"Denodo, BD, BA, Business analysis",Business Analyst,Naukri,1 day ago,https://www.naukri.com/job-listings-business-analyst-persistent-pune-11-to-15-years-050626016883
Business Analyst,Hdfc Securities,Thane,5-10 Yrs,Not Available,"trading, documentation, business analysis, uat, ems, market data, data integrity, capital market",Business Analyst,Naukri,2 days ago,https://www.naukri.com/job-listings-business-analyst-hdfc-securities-ltd-thane-5-to-10-years-040626503996
Business Analyst,Crisil,Pune,2-5 Yrs,Not Available,"remediation, Due diligence, Time management, Analytical, Project management, Workflow, Management, Research",Business Analyst,Naukri,2 days ago,https://www.naukri.com/job-listings-business-analyst-crisil-pune-2-to-5-years-040626501979
Business Analyst,CGI,Hybrid - Hyderabad,8-12 Yrs,Not Available,"Agile Methodology, Business Requirement Analysis, Requirement Gathering, JIRA, SDLC Life Cycle, Brd, Life cycle, Business analysis",Business Analyst,Naukri,2 days ago,https://www.naukri.com/job-listings-business-analyst-cgi-hyderabad-8-to-12-years-040626023311
Business Analyst,Barclays,Pune,0-5 Yrs,Not Available,"Data analysis, Change management, Automation, Business analysis, Process improvement, Workflow, Assistant Vice President, Operations",Business Analyst,Naukri,1 week ago,https://www.naukri.com/job-listings-business-analyst-barclays-shared-services-pune-0-to-5-years-290526506449
Business Analyst,HCLTech,Hybrid - Bengaluru,8-10 Yrs,Not Available,"Agile, Business Analysis, SQL, Analysis",Business Analyst,Naukri,4 days ago,https://www.naukri.com/job-listings-business-analyst-hcltech-bengaluru-8-to-10-years-310526003942
Business Analyst,Action Data Systems,Mumbai(Marol),2-3 Yrs,Not Available,"Business Analytics, Requirement Gathering, Business Analysis, User Acceptance Testing, User Acceptance, Gap Analysis, Use Cases, User Stories",Business Analyst,Naukri,1 week ago,https://www.naukri.com/job-listings-business-analyst-action-data-systems-mumbai-2-to-3-years-270526037460
Business Analyst,Gallagher,"Hybrid - Pune, Bengaluru",6-11 Yrs,Not Available,"Business Analytics, Insurance Domain, excel, word, SQL, Business Analysis, DNS, Analytics",Business Analyst,Naukri,2 weeks ago,https://www.naukri.com/job-listings-business-analyst-gallagher-pune-bengaluru-6-to-11-years-060426024686
Business Analyst,Cognizant,"Noida, Chennai, Bengaluru",8-13 Yrs,15-30 Lacs PA,"Life Insurance, Business analyst, Retirement, Requirement Gathering, 401K, Business analysis, Insurance, Requirements",Business Analyst,Naukri,3 days ago,https://www.naukri.com/job-listings-business-analyst-cognizant-noida-chennai-bengaluru-8-to-13-years-030626012140
BUSINESS ANALYST,Capgemini,"Hyderabad, Pune, Bengaluru",2-5 Yrs,Not Available,"Business Analyst, User Stories, Manufacturing, Supply Chain, Analytics, Logistics, Supply, Business analysis",Business Analyst,Naukri,4 days ago,https://www.naukri.com/job-listings-business-analyst-capgemini-technology-services-india-limited-hyderabad-pune-bengaluru-2-to-5-years-020626924345
Business Analyst (AI & Automation),Deloitte Shared Services India,Hybrid - Bengaluru,6-10 Yrs,Not Available,"Generative AI, Business Analyst, Workflow Automation, Business Process Improvement, AI Automation, GenAI, Process Automation, Artificial Intelligence",Business Analyst,Naukri,3 days ago,https://www.naukri.com/job-listings-business-analyst-ai-automation-deloitte-us-india-offices-bengaluru-6-to-10-years-030626027676
Business Analyst,Crimson Interactive,Mumbai,1-6 Yrs,Not Available,"Matrix, Business Analyst, Management systems, Configuration management, Focus, System design, Management, Information technology",Business Analyst,Naukri,2 days ago,https://www.naukri.com/job-listings-business-analyst-crimson-interactive-pvt-ltd-mumbai-1-to-6-years-040626502789
Business Analyst,Circles,Bengaluru,3-8 Yrs,Not Available,"Usage, HP data protector, Business Analyst, telco, Business analytics, Business planning, Customer service, Roaming",Business Analyst,Naukri,1 week ago,https://www.naukri.com/job-listings-business-analyst-circles-bengaluru-3-to-8-years-260526501746
Business Analyst,Premium Aerotec,Bengaluru,3-7 Yrs,Not Available,"PLM, Computer science, French, Compliance, Customer satisfaction, Demand management, Agile, JIRA",Business Analyst,Naukri,2 days ago,https://www.naukri.com/job-listings-business-analyst-aerotec-bengaluru-3-to-7-years-040626503185
Business Analyst,Idemia Group,Noida,3-8 Yrs,Not Available,"Supply chain management, Business Analyst, Time management, Project management, devops, Technology leadership, Customer service, Management",Business Analyst,Naukri,2 days ago,https://www.naukri.com/job-listings-business-analyst-idemia-group-noida-3-to-8-years-040626501056
Business Analyst,Useready,Bengaluru,6-11 Yrs,Not Available,"Technical analysis, Data analysis, Business analysis, Project management, Process improvement, Healthcare, Scheduling, Cash management",Business Analyst,Naukri,2 days ago,https://www.naukri.com/job-listings-business-analyst-useready-technology-bengaluru-6-to-11-years-040626501129
Reinsurance Business Analyst,Iflow,"Hubli, Mangaluru, Mysuru, Bengaluru, Belgaum",6-10 Yrs,Not Available,"Data analysis, Manager Quality Assurance, Business Analyst, Data management, Financial reporting, Analytical, Reconciliation, Workflow",Business Analyst,Naukri,1 day ago,https://www.naukri.com/job-listings-reinsurance-business-analyst-iflow-hubli-mangaluru-mysuru-bengaluru-belgaum-6-to-10-years-050626503317
Business Analyst,Visionet Systems,Bengaluru,5-10 Yrs,Not Available,"Basic, Client relationship management, Mortgage, Underwriting, Banking, business rules, data mapping, Troubleshooting",Business Analyst,Naukri,1 day ago,https://www.naukri.com/job-listings-business-analyst-visionet-systems-inc-bengaluru-5-to-10-years-050626501863
Temenos Business Analyst,Luxoft,Bengaluru,6-11 Yrs,Not Available,"business analyst, trading, crs, business analysis, batch processing, accounting, regulatory reporting, capital markets",Business Analyst,Naukri,1 day ago,https://www.naukri.com/job-listings-temenos-business-analyst-luxoft-india-llp-bengaluru-6-to-11-years-050626924392
Business Analyst -Life Asia,Puresoftware Technology,Hybrid - Bengaluru,8-13 Yrs,Not Available,"LA400, Life asia, Business Analysis, Analysis",Business Analyst,Naukri,1 day ago,https://www.naukri.com/job-listings-business-analyst-life-asia-puresoftware-technology-bengaluru-8-to-13-years-040626034418
Business Analyst,Black and white Business,Bengaluru,0 Yrs,2-2.5 Lacs PA,"E-commerce Management, Adobe Photoshop, Procurement & Vendor Management, Creative Design & Marketing, Canva, Operations & Logistics, Adobe, Creative",Business Analyst,Naukri,1 week ago,https://www.naukri.com/job-listings-business-analyst-black-and-white-business-solutions-bengaluru-0-to-0-years-270526027966
Business Analyst,Mamaearth,Gurugram,2-6 Yrs,Not Available,"SQL, Python, Business Analytics, product analyst, Data Analytics, Business analysis, Analytics, Product analysis",Business Analyst,Naukri,1 week ago,https://www.naukri.com/job-listings-business-analyst-mamaearth-gurugram-2-to-6-years-260526012645
Business Analyst,Accenture,Ahmedabad,3-8 Yrs,Not Available,"business analyst, business models, process mapping, project management, design, business processes, analytical skills, research",Business Analyst,Naukri,5 days ago,https://www.naukri.com/job-listings-business-analyst-accenture-solutions-pvt-ltd-ahmedabad-3-to-8-years-010626912978
Career opportunity For Business Analyst @ Banaglore,Tekskills india,Bengaluru,6-11 Yrs,Not Available,"Requirements, Capital Market, Business Analytics, Requirement Gathering, Gathering, BA, Business Analysis, Onboarding",Business Analyst,Naukri,1 week ago,https://www.naukri.com/job-listings-career-opportunity-for-business-analyst-banaglore-tekskills-bengaluru-6-to-11-years-290526915576
Business Analyst - Atos,Atos,"Hybrid - Mumbai, Chennai, Bengaluru",10-15 Yrs,Not Available,"Loans, Business Analyst, Banking, Business analysis",Business Analyst,Naukri,4 days ago,https://www.naukri.com/job-listings-business-analyst-atos-atos-mumbai-chennai-bengaluru-10-to-15-years-010626028951
Business Analyst,Tekskills India pvt ltd,Hybrid - Bengaluru,8-13 Yrs,Not Available,"Business Analytics, Business Analysis, Requirement Gathering, Data Analysis, Stakeholder Management, Requirements, Analytics, Management",Business Analyst,Naukri,1 week ago,https://www.naukri.com/job-listings-business-analyst-tekskills-bengaluru-8-to-13-years-290526921688
Business Analyst,Meditab Software,Ahmedabad,0 Yrs,Not Available,"Excel, Raci, Requirement Gathering, RTM, SQL, Gap Analysis, Data Science, FSD",Business Analyst,Naukri,1 week ago,https://www.naukri.com/job-listings-business-analyst-meditab-software-ahmedabad-0-to-0-years-280525030809
Business Analyst,Barclays,Chennai,1-4 Yrs,Not Available,"Process design, Change management, Operational excellence, Production support, Business analysis, Project management, Agile, Business strategy",Business Analyst,Naukri,2 days ago,https://www.naukri.com/job-listings-business-analyst-barclays-shared-services-chennai-1-to-4-years-040626500331
GenAI Business Analyst,Adecco India,Hybrid - Lucknow,3-8 Yrs,Not Available,"Agentforce, Generative Ai, AI, Business Analysis, requirement gathering, Requirement Analysis, Salesforce, Requirements",Business Analyst,Naukri,1 day ago,https://www.naukri.com/job-listings-genai-business-analyst-adecco-india-lucknow-3-to-8-years-040626032926
Job Openings For Business Analyst in South India,OnTime Global Pvt Ltd,"Hybrid - Hyderabad, Chennai, Bengaluru",5-10 Yrs,15-20 Lacs PA,"Business Analyst, Supply chain, SAP, OTC, Business analysis, Supply",Business Analyst,Naukri,2 days ago,https://www.naukri.com/job-listings-openings-for-business-analyst-in-south-india-ontime-global-hyderabad-chennai-bengaluru-5-to-10-years-040626009401
Business Analyst cum Developer - MS SQL (MSSQL),Gebbs Healthcare Solutions,Navi Mumbai,2-6 Yrs,10-14 Lacs PA,"python, data analytics, analytical, performance tuning, data manipulation, business reporting, business analysis, dbms",Business Analyst,Naukri,1 day ago,https://www.naukri.com/job-listings-business-analyst-developer-ms-sql-mssql-gebbs-healthcare-solutions-navi-mumbai-2-to-6-years-040626033157
Business Analyst,Top Global Consulting Firm,Remote,5-10 Yrs,15-25 Lacs PA,"Credit Risk Management, Debugging, Wholesale Credit Risk, Business Analysis, Risk Rating Systems, Regulatory Reporting, Governance Reporting, Process Improvement",Business Analyst,Naukri,2 days ago,https://www.naukri.com/job-listings-business-analyst-anlage-infotech-bengaluru-5-to-10-years-040626010699
"Urgent Hiring - Business Analyst at ECI, Bangalore",Eze Castle Integration,Bengaluru,5-10 Yrs,Not Available,"Waterfall, Agile, Data Analysis, Scrum, Business Analysis, ECI, Hiring, Analysis",Business Analyst,Naukri,1 day ago,https://www.naukri.com/job-listings-urgent-hiring-business-analyst-at-eci-bangalore-eze-castle-integration-eci-bengaluru-5-to-10-years-040626032679
Business Analyst,Hocco Industries,Mumbai,0-1 Yrs,Not Available,"Business Strategy, Corporate Strategy, Presentation Skills, Excel Powerpoint, Growth Strategy, Powerpoint, Presentation, Business analysis",Business Analyst,Naukri,1 week ago,https://www.naukri.com/job-listings-business-analyst-hocco-industries-mumbai-0-to-1-years-250526032277
Business Analyst,Ezovion Solutions Private Limited,Chennai,3-6 Yrs,3.5-8 Lacs PA,"Requirement Gathering, Documentation, Healthcare Domain, HL7, Business Analytics, Power Bi, EMR, EHR",Business Analyst,Naukri,1 week ago,https://www.naukri.com/job-listings-business-analyst-ezovion-solutions-private-limited-chennai-3-to-6-years-250526018080
Business Analyst Cum Internal Auditer,Surya Hospital,Pune(Wakad),0-4 Yrs,10-15 Lacs PA,"Internal Audit, Audit Management, Audit Compliance, Business analysis, Management, Compliance, Auditing",Business Analyst,Naukri,1 week ago,https://www.naukri.com/job-listings-business-analyst-internal-auditer-surya-hospital-pune-0-to-4-years-250526006841
Business Analyst,Hops Healthcare,Ahmedabad,2-5 Yrs,Not Available,"project management, data analysis, data analytics, gap analysis, business analysis, uat, power bi, business analytics",Business Analyst,Naukri,1 week ago,https://www.naukri.com/job-listings-business-analyst-hops-healthcare-ahmedabad-2-to-5-years-290526507987
Business Analyst,Kotecha Steel Forge And Cast Industries,Rajkot,2-4 Yrs,4-5 Lacs PA,"Business Analytics, Bi, Tableau, Business Analysis, SQL, Analytics, Analysis",Business Analyst,Naukri,1 week ago,https://www.naukri.com/job-listings-business-analyst-kotecha-steel-forge-and-cast-industries-rajkot-2-to-4-years-260526036456
Business Analyst,Team Computers,New Delhi(Bhikaji Cama Place),3-8 Yrs,4-7 Lacs PA,"Business Analytics, Business Intelligence, Google Analytics, Power Bi, Bi Tools, Tableau, Visio, Powerpoint",Business Analyst,Naukri,1 week ago,https://www.naukri.com/job-listings-business-analyst-team-computers-new-delhi-3-to-8-years-280526016862
Business Analyst,Advance Graphite Materials Pvt LTD.,Ranchi,2-3 Yrs,2.5-3.5 Lacs PA,"Business Analytics, Business Strategy, Collaboration, Business Development, Growth Strategy, Consumer Insights, Requirement Analysis, Market Research",Business Analyst,Naukri,2 weeks ago,https://www.naukri.com/job-listings-business-analyst-advance-graphite-materials-pvt-ltd-ranchi-2-to-3-years-220526023206
Business Analyst,Shyam Metalics And Energy,Kolkata(Taratala),1-4 Yrs,Not Available,"Business Analytics, Market Research And Analysis, Business Analysis, Research analysis, Analytics, Market research, Market research, Research",Business Analyst,Naukri,1 week ago,https://www.naukri.com/job-listings-business-analyst-shyam-metalics-and-energy-kolkata-1-to-4-years-290526025087
Business Analyst,Choice International,Mumbai,2-5 Yrs,Not Available,"Excel, Pivot Table, Business Analytics, VLOOKUP, Advanced Excel, HLOOKUP, Pivot, Business analysis",Business Analyst,Naukri,1 week ago,https://www.naukri.com/job-listings-business-analyst-choice-international-mumbai-2-to-5-years-280526020700
Business Analyst,Embarkgcc Services,"Hyderabad, Pune, Bengaluru",8-10 Yrs,Not Available,"Insurance, Business Analysis, Use Cases, Requirement Gathering, User Stories, Insurance Domain, Usage, DNS",Business Analyst,Naukri,2 days ago,https://www.naukri.com/job-listings-business-analyst-embarkgcc-services-hyderabad-pune-bengaluru-8-to-10-years-040626021208
Business Analyst,Meeden Labs,Bengaluru,8-16 Yrs,Not Available,"Global Payment, Payment, Cross Border Payment, Payment Operations, Iso 20022, Swift Payments, Operations, ISO",Business Analyst,Naukri,Today,https://www.naukri.com/job-listings-business-analyst-meeden-labs-bengaluru-8-to-16-years-060626003140
Business Analyst,TP,Noida,1-2 Yrs,Not Available,"AGILE, Technical Documentation, Software Development, Business Analyst, Requirements Gathering, Customer Experience, Software Testing, Knowledge Base",Business Analyst,Naukri,3 days ago,https://www.naukri.com/job-listings-business-analyst-teleperformance-global-business-private-limited-noida-1-to-2-years-030626927943
Business Analyst,IT Services Company,"Hyderabad, Pune, Gurugram, Bengaluru",8-12 Yrs,15-25 Lacs PA,"Business Analytics, Requirement Gathering, Salesforce CRM, Stakeholder Management, Brd, FRD, Requirements, Business analysis",Business Analyst,Naukri,4 days ago,https://www.naukri.com/job-listings-business-analyst-talentico-consultancy-services-hyderabad-pune-gurugram-bengaluru-8-to-12-years-020626023936
"Specialist, Business Analyst Content Workflow & Platform Enablement",Merck Sharp & Dohme (MSD),Hyderabad,4-5 Yrs,Not Available,"Relationship management, Process design, Automation, Strategic planning, Healthcare, Workflow, Asset management, Adobe",Business Analyst,Naukri,3 days ago,https://www.naukri.com/job-listings-specialist-business-analyst-content-workflow-platform-enablement-msd-pharmaceuticals-private-limited-hyderabad-4-to-5-years-030626502874
Business Analyst,Talent Corner HR Services,Hybrid - Chennai,2-5 Yrs,4.5-8 Lacs PA,"Business Analytics, Requirement Gathering, Workflow Automation, project tools, Business Analysis, Team Collaboration, Excel, Automation Anywhere",Business Analyst,Naukri,1 week ago,https://www.naukri.com/job-listings-business-analyst-talent-corner-hr-services-chennai-2-to-5-years-260526015332
Business Analyst : Andheri W : Sal 10 LPA - Saturday / Sunday off,NBFC,Mumbai (All Areas)(Andheri West),4-9 Yrs,10-11 Lacs PA,"Loans, Business Analytics, Wireframe, LOS, NBFC, business Analyst, Loan Origination System, Financial Services",Business Analyst,Naukri,1 week ago,https://www.naukri.com/job-listings-business-analyst-andheri-w-sal-10-lpa-saturday-sunday-off-jobspothr-mumbai-all-areas-4-to-9-years-250526036883
Business Analyst,Cognizant,Chennai,4-6 Yrs,Not Available,"providing, analytical, business requirements, configuration, documentation, business analysis, specifications, providing training",Business Analyst,Naukri,4 days ago,https://www.naukri.com/job-listings-business-analyst-cognizant-chennai-4-to-6-years-020626020317
Business Analyst,Accenture,Gurugram,3-8 Yrs,Not Available,"Business Analyst, Design, Project Management, Analytical Skills, Business Processes, Business Process, Business Models, Business Process Modeling",Business Analyst,Naukri,4 days ago,https://www.naukri.com/job-listings-business-analyst-accenture-solutions-pvt-ltd-gurugram-3-to-8-years-020626922045
Business Analyst,PW,Noida,3-6 Yrs,Not Available,"project management, data analysis, data analytics, gap analysis, business analysis, uat, business analytics, user stories",Business Analyst,Naukri,1 week ago,https://www.naukri.com/job-listings-business-analyst-pw-noida-3-to-6-years-270526505094
Business Analyst,EY,Hyderabad,4-7 Yrs,Not Available,"Assurance, Consulting, System integration, Agile, Manager Technology, Application development, Test cases, Stakeholder management",Business Analyst,Naukri,4 days ago,https://www.naukri.com/job-listings-business-analyst-ernst-young-hyderabad-4-to-7-years-020626501289
AI Business Analyst,Capgemini,Kolkata,10-13 Yrs,Not Available,"Business Analyst, Automation, Process Automation, Generative Ai, Process Mapping, Agile Methodologies, Finance, Artificial Intelligence",Business Analyst,Naukri,5 days ago,https://www.naukri.com/job-listings-ai-business-analyst-capgemini-technology-services-india-limited-kolkata-10-to-13-years-010626922026
Business Analyst,banking,"Hybrid - Hyderabad, Pune, Delhi / NCR",7-12 Yrs,Not Available,"Business Analytics, Cyber Security, Business Modeling, Bau Support, Data Analysis, Process Management, Data Visualization, Quality Assurance",Business Analyst,Naukri,1 week ago,https://www.naukri.com/job-listings-business-analyst-purview-services-hyderabad-pune-delhi-ncr-7-to-12-years-280526928147
Business Analyst - Business Channel,Sarvagram Fincare,Pune,3-6 Yrs,Not Available,"emi, nbfc, project management, lending, documentation, business analysis, business rules, user stories",Business Analyst,Naukri,2 days ago,https://www.naukri.com/job-listings-business-analyst-business-channel-sarvagram-pune-3-to-6-years-040626503359
Hiring For Business Analyst,Varuna Integrated Logistics,Gurugram,1-3 Yrs,3-4 Lacs PA,"Brd, Gap Analysis, Agile Methodology, Business Requirement Analysis, Business Analyst, Use Cases, Requirement Gathering, FRD",Business Analyst,Naukri,Just now,https://www.naukri.com/job-listings-hiring-for-business-analyst-varuna-integrated-logistics-gurugram-1-to-3-years-060626009923
Business Analyst,Atlas,Pune,7-12 Yrs,Not Available,"insurance, security compliance, bpmn, product strategy, data analysis, business requirements, solutioning, strong analytical skills",Business Analyst,Naukri,1 day ago,https://www.naukri.com/job-listings-business-analyst-atlas-pune-7-to-12-years-050626503639
Manager - Business Analyst,Akasa Air,Mumbai,7-12 Yrs,Not Available,"Business process, Change management, Claims, Project management, Analytical, Gap analysis, Stakeholder management, Monitoring",Business Analyst,Naukri,2 days ago,https://www.naukri.com/job-listings-manager-business-analyst-akasa-air-mumbai-7-to-12-years-040626503126
CLM Business Analyst,Luxoft,Gurugram,3-6 Yrs,Not Available,"business analyst, data management, automation, operations, kyc, digital onboarding, compliance, data platforms",Business Analyst,Naukri,1 day ago,https://www.naukri.com/job-listings-clm-business-analyst-luxoft-india-llp-gurugram-3-to-6-years-050626924374
Business Analyst,Credence Analytics,Mumbai(Malad West),2-4 Yrs,7.5-10 Lacs PA,"Business Analysis, Mockups, Demo, Use Cases, Requirement Gathering, User Stories, UAT, SDLC Life Cycle",Business Analyst,Naukri,1 day ago,https://www.naukri.com/job-listings-business-analyst-credence-analytics-mumbai-2-to-4-years-050626020581
Business Analyst,Jithvar,Lucknow,1-5 Yrs,Not Available,"Client handling, Business Analyst, Business analysis, Project documentation, Project management, Analytical, Project coordination, Workflow",Business Analyst,Naukri,1 day ago,https://www.naukri.com/job-listings-business-analyst-jithvar-lucknow-1-to-5-years-050626502261
Business Analyst,Bismarck,Mumbai,2-5 Yrs,Not Available,"Supply chain, Business communication, Administration, Interpersonal skills, Excel, Business reporting, Assistant Business Analyst, Operations",Business Analyst,Naukri,1 day ago,https://www.naukri.com/job-listings-business-analyst-bismarck-group-mumbai-2-to-5-years-050626502159
Murex Business Analyst,Luxoft,Hyderabad,4-9 Yrs,Not Available,"business analyst, trading, risk management, data analysis, var, business analysis, user stories, accounting",Business Analyst,Naukri,1 day ago,https://www.naukri.com/job-listings-murex-business-analyst-luxoft-india-llp-hyderabad-4-to-9-years-050626924119
Business Analyst,QualityKiosk,Thane,5-7 Yrs,Not Available,"Process design, Automation, SAP, Business Analyst, business rules, Design, Business analysis, Process",Business Analyst,Naukri,1 day ago,https://www.naukri.com/job-listings-business-analyst-qualitykiosk-thane-5-to-7-years-050626500701
Axiom Business Analyst,Luxoft,"Mumbai, Pune, Chennai",3-7 Yrs,Not Available,"business analyst, data analysis, data platforms, business processes, databricks, regulatory reporting, financial services, reconciliation",Business Analyst,Naukri,1 day ago,https://www.naukri.com/job-listings-axiom-business-analyst-luxoft-india-llp-mumbai-pune-chennai-3-to-7-years-050626924074
Business Analyst,Daivik Technologies,Kochi,2-5 Yrs,Not Available,"Computer science, Analytical skills, Typesetting, Excel, Business Analyst, Agile scrum, Compliance, Agile",Business Analyst,Naukri,1 day ago,https://www.naukri.com/job-listings-business-analyst-daivik-technologies-kochi-2-to-5-years-050626502583
Business Analyst - Scrum Master,intellisourcetech,Pune,3-6 Yrs,Not Available,"PMP, Project management, Healthcare, Market research, Risk management, Continuous improvement, Stakeholder management, Release management",Business Analyst,Naukri,1 day ago,https://www.naukri.com/job-listings-business-analyst-scrum-master-intellisourcetech-pune-3-to-6-years-050626502003
Business Analyst Accounting,Outsource Insurance Professionals,Hyderabad,3-5 Yrs,Not Available,"Procurement, ERP, Manager Quality Assurance, Business Analyst, Accounting, Business analysis, Project management, Agile",Business Analyst,Naukri,1 day ago,https://www.naukri.com/job-listings-business-analyst-accounting-outsource-insurance-professionals-hyderabad-3-to-5-years-050626501449
Temenos Business Analyst Corp Actions,Luxoft,Chennai,12-17 Yrs,Not Available,"business analyst, project management, confluence, data analysis, business analysis, accounting, change management, sql",Business Analyst,Naukri,1 day ago,https://www.naukri.com/job-listings-temenos-business-analyst-corp-actions-luxoft-india-llp-chennai-12-to-17-years-050626923834
Business Analyst,CMS Computers,"Noida, Greater Noida, Delhi / NCR",4-9 Yrs,Not Available,"RSS, Government Projects, Requirement Gathering, FRD, Brd, Srs, Public Sector, FRS",Business Analyst,Naukri,Today,https://www.naukri.com/job-listings-business-analyst-cms-computers-noida-greater-noida-delhi-ncr-4-to-9-years-060626002562
Business Analyst,IDM Works It Solutions Global,Remote,2-7 Yrs,Not Available,"Business process, Business analysis, Access management, Project management, Healthcare, Customer service, Risk management, Information technology",Business Analyst,Naukri,2 days ago,https://www.naukri.com/job-listings-business-analyst-idmworks-remote-2-to-7-years-040626503816
Business Analyst,Bigformula Solutions,Kochi,2-7 Yrs,Not Available,"Business administration, Training, Usage, Business Analyst, Gap analysis, Test cases, IT architecture, Information technology",Business Analyst,Naukri,1 day ago,https://www.naukri.com/job-listings-business-analyst-bigformula-kochi-2-to-7-years-050626502909
Business Analyst,Qube Cinema,Chennai,8-10 Yrs,Not Available,"design development, business requirements, business management, data mining, business strategy, business analysis, market research, javascript",Business Analyst,Naukri,1 day ago,https://www.naukri.com/job-listings-business-analyst-qube-cinema-chennai-8-to-10-years-050626503634
Business Analyst,QAgile Services,Mumbai(Santacruz),3-7 Yrs,"60,000-2 Lacs PA","Capital Market, Wealth Management, Requirement Gathering, Equity Market, Trading Platform, Gap Analysis, Wealth Product, Use Cases",Business Analyst,Naukri,1 day ago,https://www.naukri.com/job-listings-business-analyst-qagile-services-mumbai-3-to-7-years-050626018940
Clinical Business Analyst- 6 days WFO,Virtuoso Staffing Solutions,Chennai,4-6 Yrs,Not Available,"Clinical business analyst, Clinical BA, business analyst, clinical data, OPD, OT, Clinical Workflows, ICU",Business Analyst,Naukri,2 days ago,https://www.naukri.com/job-listings-clinical-business-analyst-6-days-wfo-virtuoso-staffing-solutions-chennai-4-to-6-years-040626032009
Business Analyst - Edelweiss Group,Clover Infotech,"Mumbai, Mumbai Suburban, Mumbai (All Areas)",2-4 Yrs,5.5-7.5 Lacs PA,"LOS, LMS, BRD, FRD, Agile, UAT, Business analysis",Business Analyst,Naukri,1 day ago,https://www.naukri.com/job-listings-business-analyst-edelweiss-group-clover-infotech-mumbai-mumbai-suburban-mumbai-all-areas-2-to-4-years-040626032799
Business Analyst,Sisco Jobs,Chennai,3-8 Yrs,Not Available,"Computer science, Change management, Process optimization, Business Analyst, Analytical, Market research, Business solutions, Project delivery",Business Analyst,Naukri,2 days ago,https://www.naukri.com/job-listings-business-analyst-sisco-jobs-chennai-3-to-8-years-040626501363
Business Analyst - HCM,Smiths Detection,Bengaluru,2-7 Yrs,Not Available,"Change management, Google Analytics, Aviation, Performance management, Billing, DNS, HTML, Continuous improvement",Business Analyst,Naukri,3 days ago,https://www.naukri.com/job-listings-business-analyst-hcm-smiths-detection-bengaluru-2-to-7-years-030626502852
Business Analyst,Bicxo - Enterprise Performance Management,Thane,3-6 Yrs,Not Available,"data analysis, business requirements, business analysis, problem solving, user stories, sql, strong interpersonal skills, requirement gathering",Business Analyst,Naukri,2 days ago,https://www.naukri.com/job-listings-business-analyst-bicxo-enterprise-performance-management-thane-3-to-6-years-040626500936
Business Analyst,Credentek Software & Consultancy,"Mumbai, Pune",2-4 Yrs,Not Available,"Business process, Process design, Business Analyst, Analytical, Agile, Gap analysis, MS Office, JIRA",Business Analyst,Naukri,2 days ago,https://www.naukri.com/job-listings-business-analyst-credentek-software-consultancy-pvt-ltd-mumbai-pune-2-to-4-years-040626501690
Business Analyst,Techgrit Solutions India,Hybrid - Hyderabad,4-7 Yrs,Not Available,"User Stories, Sprint Planning, Agile Methodology, Backlog Refinement, JIRA, Retrospective, Stakeholder Management, Agile",Business Analyst,Naukri,2 days ago,https://www.naukri.com/job-listings-business-analyst-techgrit-solutions-india-hyderabad-4-to-7-years-040626017412
Business Analyst,Nila Apps,Chennai(Taramani),3-6 Yrs,Not Available,"Saas Products, Business Analysis, Stakeholder Management, MySQL, JIRA, Data Analytics, Ai Platform, Data",Business Analyst,Naukri,2 days ago,https://www.naukri.com/job-listings-business-analyst-nila-apps-chennai-3-to-6-years-040626026649
GPP Business Analyst,Ample Enterprise Technologies,"Hybrid - Pune, Chennai",6-11 Yrs,Not Available,"Finastra Fusion Global PAYplus, Finastra Payments To Go, GPP, Business Analysis, Global Payplus, Fusion, Analysis, Payments",Business Analyst,Naukri,2 days ago,https://www.naukri.com/job-listings-gpp-business-analyst-ample-enterprise-technologies-pune-chennai-6-to-11-years-040626013234
Manager - Business Analyst,Outpost,Mumbai,5-10 Yrs,Not Available,"Accountancy, Payroll, Business reporting, Consulting, Manager Business Analyst, Labour, commercial finance, Operations",Business Analyst,Naukri,2 days ago,https://www.naukri.com/job-listings-manager-business-analyst-outpost-mumbai-5-to-10-years-040626502463
T24 Migration Business Analyst,A Client of Anlage,Chennai,5-10 Yrs,Not Available,"T24, Gap Analysis, Temenos T24, Core Banking, Requirement Gathering, FRS, User Stories, Fdd",Business Analyst,Naukri,2 days ago,https://www.naukri.com/job-listings-t24-migration-business-analyst-anlage-infotech-chennai-5-to-10-years-040626010298
Business Analyst,Cloudxtreme,"Hyderabad, Pune, Chennai",6-11 Yrs,Not Available,"Capital Market, Scrum, Banking Management, Banking Sector, Agile, Business Analysis, Management, Analysis",Business Analyst,Naukri,2 days ago,https://www.naukri.com/job-listings-business-analyst-cloudxtreme-hyderabad-pune-chennai-6-to-11-years-040626020845
Business Analyst - Guidewire Claim Centre/Billing Center,PSRTEK,Coimbatore,6-9 Yrs,Not Available,"insurance, software testing, configuration, manual testing, business analysis, user stories, hibernate, guidewire",Business Analyst,Naukri,2 days ago,https://www.naukri.com/job-listings-business-analyst-guidewire-claim-centre-billing-center-psr-tek-coimbatore-6-to-9-years-040626501295
Business Analyst,Cognizant,"Gurugram, Chennai, Bengaluru",8-13 Yrs,16-25 Lacs PA,"Requirement Gathering, life and annuity, Business analyst, Business Consulting, Business analysis, Consulting, Requirements",Business Analyst,Naukri,1 week ago,https://www.naukri.com/job-listings-business-analyst-cognizant-gurugram-chennai-bengaluru-8-to-13-years-290526002977
Business Analyst (Scrum Master),Infosys,Bengaluru,3-5 Yrs,Not Available,"Business Analyst, Digital Experience, Backlog Refinement, Use Cases, Scrum Master, User Stories, Agile, Ai",Business Analyst,Naukri,1 week ago,https://www.naukri.com/job-listings-business-analyst-scrum-master-infosys-limited-bengaluru-3-to-5-years-290526905503
HyperAutomation_Sr. Business Analyst,Yash Technologies,Hyderabad,6-9 Yrs,Not Available,"Data analysis, Claims, Business transformation, Business analysis, Project management, Underwriting, Analytical, Back office",Business Analyst,Naukri,5 days ago,https://www.naukri.com/job-listings-hyperautomation-sr-business-analyst-yash-technologies-hyderabad-6-to-9-years-010626500533
Business Analyst-GTT,Hexaware Technologies,Bengaluru,5-10 Yrs,Not Available,"Process mapping, Translation, Aviation, Business Analyst, Cloud, Agile, Workflow, Scheduling",Business Analyst,Naukri,1 week ago,https://www.naukri.com/job-listings-business-analyst-gtt-hexaware-technologies-bengaluru-5-to-10-years-290526503052
Business Analyst,Sapiens,Bengaluru,7-11 Yrs,Not Available,"Property And Casualty Insurance, Property And Casualty, Requirement Gathering, Insurance, Business analysis, Property, Property, Casualty",Business Analyst,Naukri,1 week ago,https://www.naukri.com/job-listings-business-analyst-sapiens-bengaluru-7-to-11-years-270526017002
Business Analyst,Mansa Inc.,Remote,Not Available,Unpaid,Not Available,Business Analyst,Naukri,Starts : 13th Jul' 21,https://www.naukri.com/job-listings-business-analyst-mansa-inc-remote-0-to-3-years-130526500509
Business Analyst,Cloud Analogy,Mohali,0-1 Yrs,Not Available,"project management, data analysis, data analytics, gap analysis, business analysis, uat, business analytics, user stories",Business Analyst,Naukri,3 weeks ago,https://www.naukri.com/job-listings-business-analyst-cloud-analogy-mohali-0-to-1-years-140526504221
Business Analyst,Scalable Systems,"Hyderabad, Chennai, Bengaluru",9-14 Yrs,Not Available,"Business Analyst, Trade Finance, Business Analytics, Business Analysis, Trade, Analytics, Finance, Analysis",Business Analyst,Naukri,3 days ago,https://www.naukri.com/job-listings-business-analyst-scalable-systems-hyderabad-chennai-bengaluru-9-to-14-years-030626012642
GN-IC-CG&S-Agri Business-Analyst,Accenture,Bengaluru,3-8 Yrs,Not Available,"business analyst, trading, emerging technologies, project management, sap, ai, business development, business intelligence",Business Analyst,Naukri,1 week ago,https://www.naukri.com/job-listings-gn-ic-cg-s-agri-business-analyst-accenture-solutions-pvt-ltd-bengaluru-3-to-8-years-250526928643
Business Analyst,Cognizant,"Pune, Chennai, Bengaluru",6-11 Yrs,16-25 Lacs PA,"Business Consulting, Life Insurance, Brd, Requirement Gathering, US Market, Insurance, Business analysis, Consulting",Business Analyst,Naukri,2 weeks ago,https://www.naukri.com/job-listings-business-analyst-cognizant-pune-chennai-bengaluru-6-to-11-years-220526017801
Business Analyst Required in Germany /Sweden under Govt program,Radvision World Consultancy,"Sweden, Germany",6-11 Yrs,Not Available,"Business analyst, Business Strategy, Business Research, Business Consulting, Business And Technical Requirements, Business Analytics, Business Process Analysis, b.tech",Business Analyst,Naukri,Few hours ago,https://www.naukri.com/job-listings-business-analyst-required-in-germany-sweden-under-govt-program-radvision-world-consultancy-sweden-germany-6-to-11-years-210219009063
BUSINESS ANALYST,Godigi Infotech,New Delhi,0-1 Yrs,Not Available,"Automation testing, Web services, Business Analyst, Software testing, Business analysis, Automation, Web technologies",Business Analyst,Naukri,3+ weeks ago,https://www.naukri.com/job-listings-business-analyst-godigi-infotech-new-delhi-0-to-1-years-061123500196
BUSINESS ANALYST,Godigi Infotech,Mumbai,0-1 Yrs,Not Available,"Business Analyst, Business analysis",Business Analyst,Naukri,2 weeks ago,https://www.naukri.com/job-listings-business-analyst-godigi-infotech-mumbai-0-to-1-years-061123500783
Business Insights Analyst,Icubespro,Remote,2-5 Yrs,Not Available,"Data analysis, Senior Analyst, Project management, Business analytics, Analytical, Strategic planning, Market research, FMCG",Business Analyst,Naukri,1 week ago,https://www.naukri.com/job-listings-business-insights-analyst-icubespro-remote-2-to-5-years-280526500405
Business Analyst (Guidewire BillingCenter),Blitzenx,Bengaluru,6-11 Yrs,Not Available,"Business process, Data analysis, Data migration, Data conversion, Business analysis, Analytical, Billing, Agile",Business Analyst,Naukri,3 days ago,https://www.naukri.com/job-listings-business-analyst-guidewire-billingcenter-blitzenx-rapid-consulting-services-bengaluru-6-to-11-years-030626502676
Business Analyst,Leading Client,Bengaluru,9-12 Yrs,Not Available,"Business Analyst, Private Banking, Banking, Visio, Jira, Sql, Wealth Management, Business Processes",Business Analyst,Naukri,1 week ago,https://www.naukri.com/job-listings-business-analyst-ideslabs-private-limited-bengaluru-9-to-12-years-280526927382
Nintex K2 Business Analyst,Software Systems,muscat,6-11 Yrs,Not Available,"Nintex, Requirement Gathering, Requirement Analysis, Business Analysis, Requirements, Kubernetes, Analysis",Business Analyst,Naukri,4 days ago,https://www.naukri.com/job-listings-nintex-k2-business-analyst-software-systems-muscat-6-to-11-years-020626009290
MES Business Analyst,Tata Electronics (TEPL),Jagiroad,3-8 Yrs,Not Available,"Business Analyst, Root Cause Analysis, Automation, Erp, Semiconductor, Design System, Eda, Manufacturing Execution",Business Analyst,Naukri,1 week ago,https://www.naukri.com/job-listings-mes-business-analyst-tata-electronics-private-limited-jagiroad-3-to-8-years-290526905032
Business Analyst-GTT,Hexaware Technologies,Ahmedabad,5-10 Yrs,Not Available,"Process mapping, Translation, Aviation, Business Analyst, Cloud, Agile, Workflow, Scheduling",Business Analyst,Naukri,1 week ago,https://www.naukri.com/job-listings-business-analyst-gtt-hexaware-technologies-ahmedabad-5-to-10-years-290526503051
Business Analyst-GTT,Hexaware Technologies,Dehradun,5-10 Yrs,Not Available,"Process mapping, Translation, Aviation, Business Analyst, Cloud, Agile, Workflow, Scheduling",Business Analyst,Naukri,1 week ago,https://www.naukri.com/job-listings-business-analyst-gtt-hexaware-technologies-dehradun-5-to-10-years-290526503050
Business Analyst-GTT,Hexaware Technologies,Noida,5-10 Yrs,Not Available,"Process mapping, Translation, Aviation, Business Analyst, Cloud, Agile, Workflow, Scheduling",Business Analyst,Naukri,1 week ago,https://www.naukri.com/job-listings-business-analyst-gtt-hexaware-technologies-noida-5-to-10-years-290526503049
Business Analyst-GTT,Hexaware Technologies,Coimbatore,5-10 Yrs,Not Available,"Process mapping, Translation, Aviation, Business Analyst, Cloud, Agile, Workflow, Scheduling",Business Analyst,Naukri,1 week ago,https://www.naukri.com/job-listings-business-analyst-gtt-hexaware-technologies-coimbatore-5-to-10-years-290526503048
Business Analyst-GTT,Hexaware Technologies,Chennai,5-10 Yrs,Not Available,"Process mapping, Translation, Aviation, Business Analyst, Cloud, Agile, Workflow, Scheduling",Business Analyst,Naukri,1 week ago,https://www.naukri.com/job-listings-business-analyst-gtt-hexaware-technologies-chennai-5-to-10-years-290526503047
Business Analyst-GTT,Hexaware Technologies,Hyderabad,5-10 Yrs,Not Available,"Process mapping, Translation, Aviation, Business Analyst, Cloud, Agile, Workflow, Scheduling",Business Analyst,Naukri,1 week ago,https://www.naukri.com/job-listings-business-analyst-gtt-hexaware-technologies-hyderabad-5-to-10-years-290526503046
Business Analyst-GTT,Hexaware Technologies,Pune,5-10 Yrs,Not Available,"Process mapping, Translation, Aviation, Business Analyst, Cloud, Agile, Workflow, Scheduling",Business Analyst,Naukri,1 week ago,https://www.naukri.com/job-listings-business-analyst-gtt-hexaware-technologies-pune-5-to-10-years-290526503045
Business Analyst-GTT,Hexaware Technologies,Nagpur,5-10 Yrs,Not Available,"Process mapping, Translation, Aviation, Business Analyst, Cloud, Agile, Workflow, Scheduling",Business Analyst,Naukri,1 week ago,https://www.naukri.com/job-listings-business-analyst-gtt-hexaware-technologies-nagpur-5-to-10-years-290526503044
Business Analyst-GTT,Hexaware Technologies,Mumbai,5-10 Yrs,Not Available,"Process mapping, Translation, Aviation, Business Analyst, Cloud, Agile, Workflow, Scheduling",Business Analyst,Naukri,1 week ago,https://www.naukri.com/job-listings-business-analyst-gtt-hexaware-technologies-mumbai-5-to-10-years-290526503043
Business Analyst-GTT,Hexaware Technologies,Bhopal,5-10 Yrs,Not Available,"Process mapping, Translation, Aviation, Business Analyst, Cloud, Agile, Workflow, Scheduling",Business Analyst,Naukri,1 week ago,https://www.naukri.com/job-listings-business-analyst-gtt-hexaware-technologies-bhopal-5-to-10-years-290526503042
Guidewire Billing Center (BC) Business Analyst,Hexaware Technologies,"Noida, Pune, Chennai",6-11 Yrs,Not Available,"Billing Center, Guidewire, Business Analysis, BRD, User Stories, FRD, Center, Bc",Business Analyst,Naukri,1 week ago,https://www.naukri.com/job-listings-guidewire-billing-center-bc-business-analyst-hexaware-technologies-noida-pune-chennai-6-to-11-years-290526014394
Business Analyst,Aptech Limited,Noida,2-5 Yrs,Not Available,"Brd, FRS, RTM, MIS, Business analysis, FR",Business Analyst,Naukri,1 week ago,https://www.naukri.com/job-listings-business-analyst-aptech-limited-noida-2-to-5-years-290526014152
DE-NCLC-Business-Analyst-GDSN02,EY,Noida,5-10 Yrs,Not Available,"Business Analyst, Capital Markets, User Stories, Fashion, Ai, It Systems, Testing Tools, Software Development Life Cycle",Business Analyst,Naukri,1 week ago,https://www.naukri.com/job-listings-de-nclc-business-analyst-gdsn02-ernst-young-llp-noida-5-to-10-years-260526927268
Guidewire Business Analyst,Cognizant,Hybrid - India,5-10 Yrs,Not Available,"Claim center, Billing Center, Policy Center, Rally, JIRA, Guidewire, P & C, Claims",Business Analyst,Naukri,1 week ago,https://www.naukri.com/job-listings-guidewire-business-analyst-cognizant-india-5-to-10-years-260526037377
Business Analyst,Accenture,Hyderabad,15-20 Yrs,Not Available,"business analyst, business models, data analytics, business processes, power bi, visualization tools, analytical skills, research",Business Analyst,Naukri,1 week ago,https://www.naukri.com/job-listings-business-analyst-accenture-solutions-pvt-ltd-hyderabad-15-to-20-years-250526925870
AI Business Analyst - C2,Capgemini,Noida,4-7 Yrs,Not Available,"business analyst, algorithms, ai, project execution, machine learning, Execution, Artificial Intelligence, Business analysis",Business Analyst,Naukri,1 week ago,https://www.naukri.com/job-listings-ai-business-analyst-c2-capgemini-technology-services-india-limited-noida-4-to-7-years-250526906503
Business Analyst - AI,EY,Hybrid - Pune,5-7 Yrs,20-25 Lacs PA,"Artificial Intelligence, Credit Scoring, Retrieval Augmented Generation, Power Bi, Large Language Model, Vertex Ai, Natural Language Processing, Machine Learning Operations",Business Analyst,Naukri,1 week ago,https://www.naukri.com/job-listings-business-analyst-ai-ey-pune-5-to-7-years-250526012485
RPGLE Business Analyst,Synechron,Pune,8-12 Yrs,Not Available,"AS400, RPGLE, Business Analysis, Business Requirement Analysis, Requirement analysis, Requirements, Analysis",Business Analyst,Naukri,1 week ago,https://www.naukri.com/job-listings-rpgle-business-analyst-synechron-pune-8-to-12-years-250526009764
Business Analyst-ADM,IBM,Pune,1-4 Yrs,Not Available,"asset management, vendor management, business loan, project management, team management, documentation, sme sales, business analysis",Business Analyst,Naukri,2 weeks ago,https://www.naukri.com/job-listings-business-analyst-adm-ibm-india-pvt-limited-pune-1-to-4-years-220526926265
Business Analyst,Ion Exchange,Mumbai (All Areas),2-4 Yrs,Not Available,"Gap Analysis, Market Research, Business Analysis, Requirement Gathering, Requirement Analysis, Marketing, Research, Gap",Business Analyst,Naukri,1 week ago,https://www.naukri.com/job-listings-business-analyst-ion-exchange-mumbai-all-areas-2-to-4-years-201125022019
Business Analyst-GTT,Hexaware Technologies,Mangaluru,5-10 Yrs,Not Available,"Process mapping, Translation, Aviation, Business Analyst, Cloud, Agile, Workflow, Scheduling",Business Analyst,Naukri,1 week ago,https://www.naukri.com/job-listings-business-analyst-gtt-hexaware-technologies-mangaluru-5-to-10-years-270526500231
Business Analyst,Comprinno Technologies,Bengaluru,4-7 Yrs,Not Available,"project management, business requirements, gap analysis, business analysis, uat, market research, user stories, research",Business Analyst,Naukri,1 week ago,https://www.naukri.com/job-listings-business-analyst-comprinno-technologies-pvt-ltd-bengaluru-4-to-7-years-290526507367
Business Analyst,Bahwan CyberTek,Mumbai,5-8 Yrs,Not Available,"Security management, Information security, Antivirus, Windows, Troubleshooting, IPS, Technical support, SDLC",Business Analyst,Naukri,1 week ago,https://www.naukri.com/job-listings-business-analyst-bahwan-cybertek-mumbai-5-to-8-years-270526500869
Business Analyst,Bahwan CyberTek,Chennai,4-6 Yrs,Not Available,"Data analysis, Business Analyst, Analytical, Project management, Billing, Agile, Technology solutions, Information technology",Business Analyst,Naukri,1 week ago,https://www.naukri.com/job-listings-business-analyst-bahwan-cybertek-chennai-4-to-6-years-270526500666
Business Analyst,IBS Software,Kochi,7-12 Yrs,Not Available,Not Available,Business Analyst,Naukri,3 weeks ago,https://www.naukri.com/job-listings-150526501957
Business Analyst,Kiya.ai,"Hybrid - Mumbai Suburban, Navi Mumbai, Mumbai (All Areas)",2-7 Yrs,4-9 Lacs PA,"Capital Market, Brd, FRD, Investment Banking, FSD, Agile, Financial Markets, SDLC",Business Analyst,Naukri,3 days ago,https://www.naukri.com/job-listings-business-analyst-kiya-ai-mumbai-suburban-navi-mumbai-mumbai-all-areas-2-to-7-years-140426011476
LoanIQ Developer/ Tester/ Business Analyst,Atyeti,Hybrid - Chennai,1-4 Yrs,Not Available,"Loaniq, SDK, Loan Iq Sdk, Development, IQ, Software testing, Business analysis",Business Analyst,Naukri,3 days ago,https://www.naukri.com/job-listings-loaniq-developer-tester-business-analyst-atyeti-chennai-1-to-4-years-040526029573
Manager Business Analyst,Fidelity International,Gurugram,10-12 Yrs,Not Available,Not Available,Business Analyst,Naukri,3 days ago,https://www.naukri.com/job-listings-manager-business-analyst-fil-india-business-and-research-services-private-limited-gurugram-10-to-12-years-030626930868
Business Analyst,Katbotz Llc,Remote,7-12 Yrs,Not Available,"Business process, Solution design, System testing, ERP, SAP, Business Analyst, Analytical, Gap analysis",Business Analyst,Naukri,3 days ago,https://www.naukri.com/job-listings-business-analyst-katbotz-llc-remote-7-to-12-years-030626505109
Business Analyst - HRMS,The Briminc,Bhopal,4-7 Yrs,Not Available,"Procurement, Payroll, Change management, Claims, E-governance, Gap analysis, Budgeting, Operations",Business Analyst,Naukri,3 days ago,https://www.naukri.com/job-listings-business-analyst-hrms-the-briminc-bhopal-4-to-7-years-030626504139
Business Analyst,Superprocure,Ahmedabad,6-8 Yrs,Not Available,"data analysis, business requirements, strong analytical skills, business analysis, problem solving, market research, user stories, research",Business Analyst,Naukri,3 days ago,https://www.naukri.com/job-listings-business-analyst-superprocure-ahmedabad-6-to-8-years-030626501610
Business Analyst - Business Analyst III,TekWissen India,Pune,3-5 Yrs,Not Available,Not Available,Business Analyst,Naukri,3 days ago,https://www.naukri.com/job-listings-business-analyst-business-analyst-iii-tekwissen-india-pune-3-to-5-years-030626501506
Business Analyst ( BA ),Rainstreamweb,Ahmedabad,1-2 Yrs,Not Available,"Computer science, Client handling, Business Analyst, Project documentation, SOW, HR, Hrsd, Project",Business Analyst,Naukri,3 days ago,https://www.naukri.com/job-listings-business-analyst-ba-rainstreamweb-ahmedabad-1-to-2-years-030626501274
Business Analyst,Aditya Birla Insulators,Ahmedabad,2-3 Yrs,Not Available,"Sales, Business Analyst, Senior Analyst, Credit appraisal, Monitoring, Business analysis, Credit, Appraisal",Business Analyst,Naukri,3 days ago,https://www.naukri.com/job-listings-business-analyst-aditya-birla-insulators-ahmedabad-2-to-3-years-030626501181
Business Analyst ( Rotational Shifts ),Provana,"Noida, Ghaziabad, New Delhi",2-7 Yrs,Not Available,Not Available,Business Analyst,Naukri,2 days ago,https://www.naukri.com/job-listings-business-analyst-rotational-shifts-provana-noida-ghaziabad-new-delhi-2-to-7-years-030626032567
Business Analyst,Clover Infotech,"Goregaon, Virar, Mumbai (All Areas)",3-6 Yrs,1-5 Lacs PA,Not Available,Business Analyst,Naukri,2 days ago,https://www.naukri.com/job-listings-business-analyst-clover-infotech-goregaon-virar-mumbai-all-areas-3-to-6-years-030626032563
Business Analyst - CX,Zonka Technologies,Gurugram,2-5 Yrs,Not Available,"Business Requirements, Requirement Gathering, Requirement Analysis, Business Analysis, Business Research, Product Development Life Cycle, Development, Product development",Business Analyst,Naukri,3 days ago,https://www.naukri.com/job-listings-business-analyst-cx-zonka-technologies-gurugram-2-to-5-years-030626025011
Business Analyst,Axa Xl,Gurugram,1-4 Yrs,Not Available,Not Available,Business Analyst,Naukri,4 days ago,https://www.naukri.com/job-listings-business-analyst-xl-india-business-services-pvt-ltd-gurugram-1-to-4-years-020626925862
Business Analyst-Loyalty Programs,Eazy Dms,Gurugram,1-5 Yrs,Not Available,"ERP, Payroll, project support, Business Analyst, ISO 27001, Cross functional coordination, Dms, Business solutions",Business Analyst,Naukri,4 days ago,https://www.naukri.com/job-listings-business-analyst-loyalty-programs-eazy-dms-distributor-management-system-gurugram-1-to-5-years-020626502537
Business Analyst,QualityKiosk,Mumbai,3-5 Yrs,Not Available,"insurance, project management, business requirements, health insurance, gap analysis, business analysis, uat, user stories",Business Analyst,Naukri,4 days ago,https://www.naukri.com/job-listings-business-analyst-qualitykiosk-mumbai-3-to-5-years-020626502156
Business Analyst-Loyalty Programs,Eazy Erp Technologies,Gurugram,1-5 Yrs,Not Available,"ERP, Payroll, project support, Business Analyst, ISO 27001, Cross functional coordination, Dms, Business solutions",Business Analyst,Naukri,4 days ago,https://www.naukri.com/job-listings-business-analyst-loyalty-programs-eazy-technologies-gurugram-1-to-5-years-020626501193
Business Analyst,Iflow,Pune,1-4 Yrs,Not Available,Not Available,Business Analyst,Naukri,4 days ago,https://www.naukri.com/job-listings-business-analyst-iflow-pune-1-to-4-years-020626500928
Business Analyst,Zouma Creative Studios,Mohali,5-6 Yrs,Not Available,Not Available,Business Analyst,Naukri,4 days ago,https://www.naukri.com/job-listings-business-analyst-zouma-creative-studios-mohali-5-to-6-years-020626500737
Business Analyst,Cloudsmartz,Mohali,4-7 Yrs,Not Available,"Maven, Version control, GIT, Functional testing, MySQL, Black Box Testing, Performance testing, MongoDB",Business Analyst,Naukri,4 days ago,https://www.naukri.com/job-listings-business-analyst-cloudsmartz-mohali-4-to-7-years-020626500143
Business Analyst,Nice Software Solutions,"Nagpur, Pune",6-10 Yrs,Not Available,"General Insurance, Claims, Business Analyst, User Stories, JIRA, Requirement Gathering, Underwriting, Requirements",Business Analyst,Naukri,4 days ago,https://www.naukri.com/job-listings-business-analyst-nice-software-solutions-nagpur-pune-6-to-10-years-020626017550
Business Analyst,IntouchCX,Hyderabad,5-10 Yrs,Not Available,"Business Analyst, Google Sheets, Root Cause Analysis, Administration, Automation, Process Mapping, Workflow Automation, Business Analysis",Business Analyst,Naukri,5 days ago,https://www.naukri.com/job-listings-business-analyst-intouchcx-hyderabad-5-to-10-years-010626922656
Business Analyst,Cushman & Wakefield,Gurugram,2-7 Yrs,Not Available,"business analyst, financial analysis, project management, erp, data analytics, forecasting, power bi, accounting",Business Analyst,Naukri,5 days ago,https://www.naukri.com/job-listings-business-analyst-cushman-wakefield-india-pvt-ltd-gurugram-2-to-7-years-010626912046
Business Analyst - Codincity,Codincity Digital Technologies,Chennai,4-6 Yrs,Not Available,"Process analysis, PDF, Business Analyst, Analytical, Corporate, Data quality, Data analytics, Continuous improvement",Business Analyst,Naukri,5 days ago,https://www.naukri.com/job-listings-business-analyst-codincity-codincity-digital-technologies-chennai-4-to-6-years-010626504960
Business Analyst,Onit,Pune,3-8 Yrs,Not Available,"Computer science, Automation, Product engineering, Coding, Artificial Intelligence, Troubleshooting, Continuous improvement, Software implementation",Business Analyst,Naukri,5 days ago,https://www.naukri.com/job-listings-business-analyst-onit-pune-3-to-8-years-010626504269
AI-Business Analyst,Agrim Housing Finance,Dombivli,2-5 Yrs,Not Available,"project management, data analysis, business requirements, gap analysis, business analysis, uat, user stories, financial services",Business Analyst,Naukri,5 days ago,https://www.naukri.com/job-listings-ai-business-analyst-agrim-housing-finance-dombivli-2-to-5-years-010626502230
Insights Business Analyst,Quincy Compressor,Pune,3-8 Yrs,Not Available,"Health insurance, remediation, Data analysis, Functional testing, Analytical, Process improvement, Agile, Scrum",Business Analyst,Naukri,5 days ago,https://www.naukri.com/job-listings-insights-business-analyst-quincy-compressor-pune-3-to-8-years-010626501007
Business Analyst-ECM,Ltimindtree,Hybrid - Pune,5-10 Yrs,Not Available,"Enterprise Content Management, Reinsurance, Business Analysis, Enterprise, Content, Content management, Management, Analysis",Business Analyst,Naukri,4 days ago,https://www.naukri.com/job-listings-business-analyst-ecm-ltimindtree-pune-5-to-10-years-010626028918
Business Analyst,softhunters,Jaipur,1-2 Yrs,Not Available,"Client handling, Lead generation, Basic, Interpersonal skills, Networking, Business Analyst, MS Office, IT Sales Executive",Business Analyst,Naukri,5 days ago,https://www.naukri.com/job-listings-business-analyst-softhunters-jaipur-1-to-2-years-010626501443
Business Analyst,Novisync Solutions India,Visakhapatnam,0-1 Yrs,Not Available,"Training, Usage, Business Analyst, Testing, Business analysis, Software testing",Business Analyst,Naukri,3+ weeks ago,https://www.naukri.com/job-listings-business-analyst-novisync-solutions-india-private-limited-visakhapatnam-0-to-1-years-030125503401
Business Analyst,Apidel Technologies,Pune,4-9 Yrs,Not Available,"business analyst, Accounting, Finance, UAT, BA, Processing, Business analysis, Process",Business Analyst,Naukri,3 days ago,https://www.naukri.com/job-listings-business-analyst-apidel-technologies-pune-4-to-9-years-030626011400
Business Analyst,Experis,New Delhi,5-10 Yrs,Not Available,"Business Analyst, Requirement Gathering, UAT, SRS, Stakeholder Management, Change Management, Use Cases, FRS",Business Analyst,Naukri,2 days ago,https://www.naukri.com/job-listings-business-analyst-experis-new-delhi-5-to-10-years-020626008648
Business Analyst,Muthoot Housing Finance Company (MHFCL),Mumbai(Bandra Kurla Complex),2-7 Yrs,Not Available,"Power Bi, Business Analytics, Data Visualization, Data Analysis, SQL, Business Analysis, Data, Analytics",Business Analyst,Naukri,1 week ago,https://www.naukri.com/job-listings-business-analyst-muthoot-housing-finance-company-mhfcl-mumbai-2-to-7-years-290126015228
Adobe Target Business Analyst,Embarkgcc Services,Bengaluru,5-10 Yrs,Not Available,"Adobe Target, Multivariate Analysis, Ab Testing, Software testing, Target, Adobe, Ab, Analysis",Business Analyst,Naukri,1 day ago,https://www.naukri.com/job-listings-adobe-target-business-analyst-embarkgcc-services-bengaluru-5-to-10-years-050626012155
Business Analyst,TP,Malad,0-4 Yrs,Not Available,"business analyst, customer service, call center, sales targets, sales, customer support, Business analysis, Sales Activities",Business Analyst,Naukri,3+ weeks ago,https://www.naukri.com/job-listings-business-analyst-teleperformance-global-business-private-limited-malad-0-to-4-years-060526931638
Business Analyst,Dynamic Technosoft,Noida,0-2 Yrs,Not Available,"Business Analyst, Management, Business analysis",Business Analyst,Naukri,3+ weeks ago,https://www.naukri.com/job-listings-business-analyst-dynamic-technosoft-com-noida-0-to-2-years-280623500416
Data Scientist,Tata Consultancy Services,"Hyderabad, Chennai",5-10 Yrs,Not Available,"Artificial Intelligence, Machine Learning, Python, Natural Language Processing, Ml, Process, Languages, Machine",Data Scientist,Naukri,1 week ago,https://www.naukri.com/job-listings-data-scientist-tata-consultancy-services-hyderabad-chennai-5-to-10-years-260326026450
Data Scientist,EXL,"Hybrid - Gurugram, Bengaluru",5-8 Yrs,Not Available,"Generative Ai, Artificial Intelligence, Python, SQL, Data Science, Data, Intelligence, Science",Data Scientist,Naukri,2 days ago,https://www.naukri.com/job-listings-data-scientist-exl-gurugram-bengaluru-5-to-8-years-031125016780
Data Scientist I,Sparta Systems,Bengaluru,0-5 Yrs,Not Available,"Computer science, Data analysis, Statistical modeling, data science, Analytical, Machine learning, Programming, Mathematics",Data Scientist,Naukri,2 days ago,https://www.naukri.com/job-listings-data-scientist-i-spartasystems-bengaluru-0-to-5-years-040626501401
AI / ML Data Scientist I,Nielsen Sports,Bengaluru,0-3 Yrs,Not Available,"Cloud computing, Operations research, Automation, Primary research, data science, Machine learning, JIRA, Statistics",Data Scientist,Naukri,3 days ago,https://www.naukri.com/job-listings-ai-ml-data-scientist-i-nielsen-sports-bengaluru-0-to-3-years-030626504161
Walkin Drive | Bangalore | June 13 | Data Scientist,Tata Consultancy Services,Unknown,Not Available,Not Available,"Generative Ai, Data Scientist, Aiml, Python, Drives, Data, Artificial Intelligence",Data Scientist,Naukri,2 days ago,https://www.naukri.com/job-listings-walkin-drive-bangalore-june-13-data-scientist-tata-consultancy-services-bengaluru-4-to-9-years-040626025289
Data Scientist,Tata Consultancy Services,"Hyderabad, Pune, Bengaluru",6-10 Yrs,Not Available,"Machine Learning, Python, SQL, Natural Language Processing, Hadoop, Data, Processing, Languages",Data Scientist,Naukri,2 days ago,https://www.naukri.com/job-listings-data-scientist-tata-consultancy-services-hyderabad-pune-bengaluru-6-to-10-years-040626017185
Marketing Data Scientist/Engineer,Wipro,"Hybrid - Noida, Kolkata, Bengaluru",5-10 Yrs,Not Available,"Insight Generation, Statistical Modeling, Python, Marketing Database, Customer Analytics, R Program, SQL, Modeling",Data Scientist,Naukri,1 day ago,https://www.naukri.com/job-listings-marketing-data-scientist-engineer-wipro-noida-kolkata-bengaluru-5-to-10-years-050626025990
Walk-in || Data Scientist 13th June Mega Walk-in Drive,Tata Consultancy Services,Unknown,Not Available,Not Available,"Data Science, Python, Artificial Intelligence, Ml, Data, Intelligence, Drives, Science",Data Scientist,Naukri,2 days ago,https://www.naukri.com/job-listings-data-scientist-13th-june-mega-walk-in-drive-tata-consultancy-services-india-4-to-9-years-040626028317
Data Scientist-Artificial Intelligence,IBM,Bangalore Rural,6-8 Yrs,Not Available,"kubernetes, scikit-learn, foundation, artificial intelligence, jquery, sql, react.js, tensorflow",Data Scientist,Naukri,2 days ago,https://www.naukri.com/job-listings-data-scientist-artificial-intelligence-ibm-bangalore-rural-6-to-8-years-040626028156
Data Scientist,VOLKSWAGEN GROUP DIGITAL SOLUTIONS PRIVATE LIMITED,"Pune, Gurugram, Bengaluru",3-6 Yrs,Not Available,"Data Scientist, Ml Engineer, Azure, Ai, Rest Api, Devops, Vector Search, Design",Data Scientist,Naukri,2 days ago,https://www.naukri.com/job-listings-data-scientist-volkswagen-group-technology-solutions-india-private-limited-pune-gurugram-bengaluru-3-to-6-years-040626927643
Walk-in || Data Scientist (AIML),Tata Consultancy Services,Unknown,Not Available,Not Available,"GENAI, MLOPS, Artificial Intelligence, Machine Learning, scikit-learn, NumPy, Python, TensorFlow",Data Scientist,Naukri,1 day ago,https://www.naukri.com/job-listings-data-scientist-aiml-tata-consultancy-services-visakhapatnam-4-to-9-years-050626016734
Data Scientist-Artificial Intelligence,IBM,Bengaluru,6-8 Yrs,Not Available,"Data Scientist, Tensorflow, Matplotlib, Azure, Github, Artificial Intelligence, Natural Language Processing, Ai",Data Scientist,Naukri,1 day ago,https://www.naukri.com/job-listings-data-scientist-artificial-intelligence-ibm-india-pvt-limited-bengaluru-6-to-8-years-050626922414
Walk-in || Data Scientist,Tata Consultancy Services,Unknown,Not Available,Not Available,"Natural Language Processing, Python, Tensorflow, Cloud, Numpy, Data, Processing, Languages",Data Scientist,Naukri,2 days ago,https://www.naukri.com/job-listings-data-scientist-tata-consultancy-services-bengaluru-6-to-11-years-040626015793
"Data Scientist Time Series, Statistical Modelling & Azure Data Bricks",Capco,Bengaluru,2-9 Yrs,Not Available,"Data analysis, data science, Analytical, Management consulting, Data quality, Forecasting, Operations, Analytics",Data Scientist,Naukri,1 day ago,https://www.naukri.com/job-listings-data-scientist-time-series-statistical-modelling-azure-data-bricks-capco-technologies-pvt-ltd-bengaluru-2-to-9-years-050626502793
"Data Scientist Time Series, Statistical Modelling & Azure Data Bricks",Capco,"Hyderabad, Pune, Chennai, Gurugram, Bengaluru",2-9 Yrs,Not Available,"Data analysis, data science, Analytical, Management consulting, Data quality, Forecasting, Operations, Analytics",Data Scientist,Naukri,1 day ago,https://www.naukri.com/job-listings-data-scientist-time-series-statistical-modelling-azure-data-bricks-capco-technologies-pvt-ltd-hyderabad-pune-chennai-gurugram-bengaluru-2-to-9-years-050626501600
Data Scientist / Machine Learning Engineer,Interra Information Technologies,"Noida, New Delhi, Greater Noida",4-6 Yrs,19-22.5 Lacs PA,"Data Science, Anomaly Detection, Python, Predictive Modeling, Data Engineering, Artificial Intelligence, Natural Language Processing, Regression",Data Scientist,Naukri,1 day ago,https://www.naukri.com/job-listings-data-scientist-machine-learning-engineer-interra-information-technologies-noida-new-delhi-greater-noida-4-to-6-years-160326021413
Data Scientist,Careernet,Hybrid - Bengaluru,10-20 Yrs,Not Available,"Data Science, Ncr, Ccn, Artificial Intelligence, Machine Learning, Machine, Science, Data",Data Scientist,Naukri,2 days ago,https://www.naukri.com/job-listings-data-scientist-careernet-bengaluru-10-to-20-years-040626018097
Data Scientist,Aon,Bengaluru,5-9 Yrs,Not Available,"Translation, data science, Scalability, Agile, Actuarial, Business partnering, Risk analysis, Corporate strategy",Data Scientist,Naukri,1 day ago,https://www.naukri.com/job-listings-data-scientist-aon-bengaluru-5-to-9-years-050626502720
Data Scientist-Artificial Intelligence,IBM,Gurugram,5-10 Yrs,Not Available,"python, analytical, natural language processing, scikit-learn, predictive, pyspark, huggingface, machine learning",Data Scientist,Naukri,1 day ago,https://www.naukri.com/job-listings-data-scientist-artificial-intelligence-ibm-gurugram-5-to-10-years-050626019687
Walk-in || Data Scientist (AIML)_Walkin Drive_Hyderabad_13th June,Tata Consultancy Services,Unknown,Not Available,Not Available,"Gen AI, Cloud Platform, Machine Learning, Natural Language Processing, Deep Learning, Languages, Cloud, Processing",Data Scientist,Naukri,Few hours ago,https://www.naukri.com/job-listings-data-scientist-aiml-walkin-drive-hyderabad-13th-june-tata-consultancy-services-hyderabad-14-to-15-years-050626018937
Walkin Drive | Chennai | June 13 | Data Scientist,Tata Consultancy Services,Unknown,Not Available,Not Available,"Generative Ai, Data Scientist, Aiml, Python, Drives, Data, Artificial Intelligence",Data Scientist,Naukri,2 days ago,https://www.naukri.com/job-listings-walkin-drive-chennai-june-13-data-scientist-tata-consultancy-services-chennai-4-to-9-years-040626026236
Walkin Drive | Pune | June 13 | Data Scientist,Tata Consultancy Services,Unknown,Not Available,Not Available,"Data Scientist, Aiml, Python, Generative Ai, Machine Learning, Data, Artificial Intelligence, Drives",Data Scientist,Naukri,2 days ago,https://www.naukri.com/job-listings-walkin-drive-pune-june-13-data-scientist-tata-consultancy-services-pune-4-to-9-years-040626025810
Data Scientist,Caterpillar Inc,Bengaluru,1-6 Yrs,Not Available,"Procurement, Automation, Data management, Analytical, Data processing, Workflow, data visualization, Data mining",Data Scientist,Naukri,1 day ago,https://www.naukri.com/job-listings-data-scientist-caterpillar-brazil-bengaluru-1-to-6-years-050626501395
Data Scientist,Lowes Services India Private limited,Bengaluru,2-7 Yrs,Not Available,"Computer science, Economics, deep learning, data science, Project management, Analytical, Machine learning, Mathematics",Data Scientist,Naukri,1 day ago,https://www.naukri.com/job-listings-data-scientist-lowes-services-india-private-limited-bengaluru-2-to-7-years-050626502786
Data Scientist-Artificial Intelligence,IBM,Hyderabad,6-8 Yrs,Not Available,"kubernetes, scikit-learn, foundation, bootstrap, artificial intelligence, jquery, sql, react.js",Data Scientist,Naukri,1 day ago,https://www.naukri.com/job-listings-data-scientist-artificial-intelligence-ibm-hyderabad-6-to-8-years-050626023028
Staff Data Scientist | (AI ML |Graph Neural Networks and NLP),Neuron7,Bengaluru,10-15 Yrs,Not Available,"Backend, Artificial Intelligence, Machine learning, Data processing, Silicon, Analytics, Monitoring, SQL",Data Scientist,Naukri,2 days ago,https://www.naukri.com/job-listings-staff-data-scientist-ai-ml-graph-neural-networks-and-nlp-neuron7-ai-bengaluru-10-to-15-years-040626502932
Walk-in || Data Scientist(AIML),Tata Consultancy Services,Unknown,Not Available,Not Available,"Data scientist, Generative Ai Tools, Natural Language Processing, Machine Learning, Artificial Intelligence, Data, Ai Solutions, Intelligence",Data Scientist,Naukri,1 day ago,https://www.naukri.com/job-listings-data-scientist-aiml-tata-consultancy-services-delhi-ncr-4-to-9-years-050626010781
Data Scientist with GenAI,Affine Analytics,Hybrid - Bengaluru,3-5 Yrs,Not Available,"Data Science, Agentic Ai, Retrieval Augmented Generation, Python, Generative Ai, Machine Learning, Generation, Machine",Data Scientist,Naukri,1 day ago,https://www.naukri.com/job-listings-data-scientist-with-genai-affine-analytics-bengaluru-3-to-5-years-040626034944
Data Scientist,Optum,Noida,5-8 Yrs,Not Available,"data scientist, Tensorflow, Azure, Performance Optimization, Architecture, Use Cases, Feature Engineering, Ai",Data Scientist,Naukri,1 week ago,https://www.naukri.com/job-listings-data-scientist-optum-global-solutions-india-private-limited-noida-5-to-8-years-290526920440
Data Scientist,Novulis,Hybrid - Bengaluru,10-20 Yrs,Not Available,"Time Series Analysis, Machine Learning, Python, Retail, Lstm, Arima, Time Series, Demand Forecasting",Data Scientist,Naukri,2 days ago,https://www.naukri.com/job-listings-data-scientist-novulis-bengaluru-10-to-20-years-040626012066
Data Scientist,Ford,Chennai,3-8 Yrs,Not Available,"Supply chain, Computer science, SAS, Analytical, Machine learning, Data mining, MATLAB, Analytics",Data Scientist,Naukri,1 day ago,https://www.naukri.com/job-listings-data-scientist-ford-india-private-limited-chennai-3-to-8-years-050626501146
Data Scientist Rag,Affine Analytics,Hybrid - Bengaluru,3-8 Yrs,15-25 Lacs PA,"Agentic Ai, Rag, Retrieval Augmented Generation, Machine Learning, Python, Generation, Machine, Data",Data Scientist,Naukri,Just now,https://www.naukri.com/job-listings-data-scientist-rag-affine-analytics-bengaluru-3-to-8-years-060626010535
Data Scientist,Tata Consultancy Services,"Chennai, Delhi / NCR",6-10 Yrs,Not Available,"Python, SQL, Hadoop, Machine Learning, Machine, Data",Data Scientist,Naukri,2 days ago,https://www.naukri.com/job-listings-data-scientist-tata-consultancy-services-chennai-delhi-ncr-6-to-10-years-040626017259
Data Scientist - F2F discussion - Delhi,Tata Consultancy Services,Delhi / NCR,4-9 Yrs,Not Available,"Data Science, Natural Language Processing, Machine Learning, Python, SQL, Languages, Processing",Data Scientist,Naukri,2 days ago,https://www.naukri.com/job-listings-data-scientist-f2f-discussion-delhi-tata-consultancy-services-delhi-ncr-4-to-9-years-040626012530
Data Scientist ( Gaming Industry Experince is Mandatory ),Popreach Technologies,Bengaluru,3-8 Yrs,Not Available,"Statistical modeling, Campaign management, data science, Diversity and Inclusion, Performance analysis, Gaming, IPS, Analytics",Data Scientist,Naukri,1 day ago,https://www.naukri.com/job-listings-data-scientist-gaming-industry-experince-is-mandatory-popreach-technologies-bengaluru-3-to-8-years-050626501656
GenAI - Data Scientist,EXL,"Gurugram, Bengaluru",7-10 Yrs,25-40 Lacs PA,"Natural Language Processing, Chatbot, LLM, Retrieval Augmented Generation, AWS, langchain, Chatbot Development, Machine Learning",Data Scientist,Naukri,1 day ago,https://www.naukri.com/job-listings-genai-data-scientist-exl-gurugram-bengaluru-7-to-10-years-050626000098
Data Scientist AIML,Tata Consultancy Services,Hyderabad,4-9 Yrs,Not Available,"Machine Learning, Artificial Intelligence, Python, Data, Intelligence, Aiml, Machine",Data Scientist,Naukri,2 days ago,https://www.naukri.com/job-listings-data-scientist-aiml-tata-consultancy-services-hyderabad-4-to-9-years-040626010656
Data Scientist,Persistent,Pune,8-12 Yrs,Not Available,"Synthetic Data Generation, AI, Machine Learning, Artificial Intelligence, Machine, Generation, Synthetic, Data",Data Scientist,Naukri,1 day ago,https://www.naukri.com/job-listings-data-scientist-persistent-pune-8-to-12-years-050626018830
Data Scientist,Ujjivan Small Finance Bank,Bengaluru,3-6 Yrs,6-12 Lacs PA,"Fraud Analytics, Transaction Monitoring, Fraud Prevention, Fraud Analysis, Credit Card Fraud, Fraud Detection, Analytics, Cards",Data Scientist,Naukri,2 days ago,https://www.naukri.com/job-listings-data-scientist-ujjivan-small-finance-bank-bengaluru-3-to-6-years-040626013475
DE-Data Scientist-VG-W4-CDAO0217,EY,Hyderabad,8-13 Yrs,Not Available,"Data Scientist, Tensorflow, Coaching, Data Wrangling, Power Bi, Hadoop, Ai, Big Data",Data Scientist,Naukri,1 week ago,https://www.naukri.com/job-listings-de-data-scientist-vg-w4-cdao0217-ernst-young-llp-hyderabad-8-to-13-years-260526930717
Data Scientist,Razorthink,Bengaluru,0-2 Yrs,Not Available,"Data Science, LangGraph, Git, Docker, Data Scientist, LangChain, MLflow, Hugging Face",Data Scientist,Naukri,2 weeks ago,https://www.naukri.com/job-listings-data-scientist-razorthink-bengaluru-0-to-2-years-220526919359
Data Scientist,Tata Consultancy Services,"Chennai, Bengaluru, Mumbai (All Areas)",5-10 Yrs,Not Available,"Data Science, Generative Ai, Typescript, Aiml, Microservices, DeepEval, Python, Data",Data Scientist,Naukri,6 days ago,https://www.naukri.com/job-listings-data-scientist-tata-consultancy-services-chennai-bengaluru-mumbai-all-areas-5-to-10-years-310526002811
Data Scientist,Infosys,Bengaluru,10-14 Yrs,Not Available,"data scientist, snowflake, python, forecasting, ai, databricks, business analysis, logistics",Data Scientist,Naukri,1 week ago,https://www.naukri.com/job-listings-data-scientist-infosys-limited-bengaluru-10-to-14-years-250526934289
Data Scientist,Gartner for HR,Gurugram,2-4 Yrs,Not Available,"Computer science, Content strategy, data science, Analytical, Artificial Intelligence, Machine learning, Monitoring, Recruitment",Data Scientist,Naukri,1 day ago,https://www.naukri.com/job-listings-data-scientist-gartner-for-hr-gurugram-2-to-4-years-050626502961
Specialist - Data Scientist,Ltimindtree,Hybrid - Kolkata,10-18 Yrs,20-30 Lacs PA,"GenAI, Python, Data Science, GenerativeAI, MLops, Artificial Intelligence, LLM, Machine Learning",Data Scientist,Naukri,1 day ago,https://www.naukri.com/job-listings-specialist-data-scientist-ltimindtree-kolkata-10-to-18-years-050626005448
Walk-in || Data Scientist AI& ML,Tata Consultancy Services,Unknown,Not Available,Not Available,"Data Science, Artificial Intelligence, Machine Learning, Ml, Intelligence, Science, Machine, Data",Data Scientist,Naukri,1 day ago,https://www.naukri.com/job-listings-data-scientist-ai-ml-tata-consultancy-services-pune-4-to-9-years-050626021905
Data Scientist - DF/CD XOPS,Unilever,Bengaluru,2-5 Yrs,Not Available,"Computer science, Operations research, SAP, data science, Agile, Econometrics, Continuous improvement, Forecasting",Data Scientist,Naukri,2 days ago,https://www.naukri.com/job-listings-data-scientist-df-cd-xops-unilever-bengaluru-2-to-5-years-040626500291
Data Scientist-AIML,Leading IT Service and Consulting Organization,"Hybrid - Hyderabad, Pune, Chennai",3-8 Yrs,Not Available,"Large Language Model, Artificial Intelligence, Natural Language Processing, Machine Learning, Python, Tensorflow, Pytorch, Image Processing",Data Scientist,Naukri,2 days ago,https://www.naukri.com/job-listings-data-scientist-aiml-anlage-infotech-hyderabad-pune-chennai-3-to-8-years-230426035562
Data Scientist,Supplycopia Software Services,Remote,9-14 Yrs,10-20 Lacs PA,"Agentic Ai, AI, LLM, Machine Learning, Python, Data Science, Artificial Intelligence, Intelligence",Data Scientist,Naukri,1 day ago,https://www.naukri.com/job-listings-data-scientist-supplycopia-software-services-noida-9-to-14-years-050626014986
Lending Data Scientist,Luxoft,"Mumbai, Pune, Chennai",4-8 Yrs,Not Available,"data scientist, python, data pipelines, data processing, machine learning, quant, java, regression",Data Scientist,Naukri,1 day ago,https://www.naukri.com/job-listings-lending-data-scientist-luxoft-india-llp-mumbai-pune-chennai-4-to-8-years-050626924713
Data Scientist,Hiring Squad,Hyderabad,5-8 Yrs,27.5-30 Lacs PA,"Data Science, Artificial Intelligence, Machine Learning, Machine, Science, Data, Intelligence",Data Scientist,Naukri,1 day ago,https://www.naukri.com/job-listings-data-scientist-hiring-squad-hyderabad-5-to-8-years-050626019031
Data Scientist,IT SCIENT CONSULTING PRIVATE LIMITED,Hyderabad,8-13 Yrs,Not Available,"AI solution architecture, AI governance & ethics, Python-based AI/ML development, Machine Learning & Deep Learning, stakeholder collaboration, mentoring & technical leadership.AI/ML solution architecture, Governance, Machine learning",Data Scientist,Naukri,Today,https://www.naukri.com/job-listings-data-scientist-it-scient-hyderabad-8-to-13-years-060626002446
Data Scientist,Hireginie Talent Cloud,Hybrid - Bengaluru,2-6 Yrs,Not Available,"Numpy, Tensorflow, Artificial Intelligence, Natural Language Processing, Machine Learning, Scikit-Learn, Deep Learning, Data Science",Data Scientist,Naukri,6 days ago,https://www.naukri.com/job-listings-data-scientist-hireginie-talent-cloud-bengaluru-2-to-6-years-300526015422
Data Scientist-Gen AI,Leading IT Service and Consulting Organization,"Hybrid - Pune, Chennai, Bengaluru",5-10 Yrs,Not Available,"Artificial Intelligence, Machine Learning, Deep Learning, Generative Artificial Intelligence, Python, Tensorflow, Natural Language Processing, Scikit-Learn",Data Scientist,Naukri,3 days ago,https://www.naukri.com/job-listings-data-scientist-gen-ai-anlage-infotech-pune-chennai-bengaluru-5-to-10-years-030626010224
Data Scientist,WM UNIVERSAL SOLUTIONS PRIVATE LIMITED,"Pahari, Faridabad, Gurugram",4-6 Yrs,Not Available,"Computer science, Automation, Data analysis, Coding, GCP, Analytical, Machine learning, Analytics",Data Scientist,Naukri,3 days ago,https://www.naukri.com/job-listings-data-scientist-wm-universal-solutions-private-limited-pahari-faridabad-gurugram-4-to-6-years-030626503976
Data Scientist,EXL,"Hybrid - Pune, Gurugram, Bengaluru",4-9 Yrs,20-35 Lacs PA,"Artificial Intelligence, Natural Language Processing, Machine Learning, Deep Learning, Python, Data Science, Tensorflow, Neural Networks",Data Scientist,Naukri,1 week ago,https://www.naukri.com/job-listings-data-scientist-exl-pune-gurugram-bengaluru-4-to-9-years-280526025321
Data Scientist,TEKsystems,"Hybrid - Pune, Bengaluru, Delhi / NCR",5-10 Yrs,17-30 Lacs PA,"Data Science, MLOps, Decision engine, pharmaceutical data asset, python, Logistic Regression, ML modeling, sql",Data Scientist,Naukri,1 week ago,https://www.naukri.com/job-listings-data-scientist-allegis-group-pune-bengaluru-delhi-ncr-5-to-10-years-260526019707
Data Scientist/AI-ML,Codepanda Academy,"Noida, Gurugram, Delhi / NCR",0-5 Yrs,5-12 Lacs PA,"Data Science, Business Intelligence, Generative AI, Artificial Intelligence, LLM, Machine Learning, Ml Algorithms, SQL",Data Scientist,Naukri,1 week ago,https://www.naukri.com/job-listings-data-scientist-ai-ml-codepanda-academy-noida-gurugram-delhi-ncr-0-to-5-years-290526023855
Walk-In || Data Scientist - Gurgaon,WM Universal Solutions,Unknown,Not Available,Not Available,"Data Science, Power Bi, Tableau, Google Cloud Platforms, Machine Learning, Azure, GCP, Advanced Analytics",Data Scientist,Naukri,5 days ago,https://www.naukri.com/job-listings-walk-in-data-scientist-gurgaon-wm-universal-solutions-gurugram-4-to-6-years-010626027886
Data Scientist /AI ML Engineer,Globallogic,Bengaluru,5-10 Yrs,Not Available,"hive, fundamentals, cursor, algorithms, data warehousing, data pipeline, artificial intelligence, sql",Data Scientist,Naukri,4 days ago,https://www.naukri.com/job-listings-data-scientist-ai-ml-engineer-globallogic-bengaluru-5-to-10-years-020626016711
Data Scientist,Ltimindtree,India,10-16 Yrs,Not Available,"Generative Ai, Data Science, Agentic Ai, Aiml, Python, Tensorflow, Machine Learning, Deep Learning",Data Scientist,Naukri,1 day ago,https://www.naukri.com/job-listings-data-scientist-ltimindtree-india-10-to-16-years-050626018735
Data Scientist -Pan India- 13th May (Wed) - Virtual Interview,Tata Consultancy Services,"Hyderabad, India, Delhi / NCR",5-10 Yrs,Not Available,"Data Science, Natural Language Processing, Machine Learning, Deep Learning, Python, Data, Science, Interviewing",Data Scientist,Naukri,3 days ago,https://www.naukri.com/job-listings-data-scientist-pan-india-13th-may-wed-virtual-interview-tata-consultancy-services-hyderabad-delhi-ncr-india-5-to-10-years-110526013627
Data Scientist,Tata Consultancy Services,India,5-8 Yrs,Not Available,"Data Science, Artificial Intelligence, Natural Language Processing, Machine Learning, Python, Aiml, Data, Intelligence",Data Scientist,Naukri,3 days ago,https://www.naukri.com/job-listings-data-scientist-tata-consultancy-services-india-5-to-8-years-020626022928
"Data Scientist ( Python , SQL )",Tata Consultancy Services,India,7-10 Yrs,Not Available,"Data Science, Artificial Intelligence, Machine Learning, Python, SQL, Data, Intelligence, Science",Data Scientist,Naukri,3 days ago,https://www.naukri.com/job-listings-data-scientist-python-sql-tata-consultancy-services-india-7-to-10-years-110526029991
Data Scientist-Artificial Intelligence,IBM,Kochi,7-9 Yrs,Not Available,"data scientist, kubernetes, python, github, natural language processing, ai, react, bootstrap",Data Scientist,Naukri,3 days ago,https://www.naukri.com/job-listings-data-scientist-artificial-intelligence-ibm-india-pvt-limited-kochi-7-to-9-years-030626922845
Data Scientist,I Base Software,Hyderabad(HITEC City),3-8 Yrs,Not Available,"Generative Ai, Artificial Intelligence, Machine Learning, Python, SQL, Machine, Data, Intelligence",Data Scientist,Naukri,1 day ago,https://www.naukri.com/job-listings-data-scientist-i-base-software-hyderabad-3-to-8-years-050626022633
Data Scientist,Invoice Cloud,Hyderabad,3-5 Yrs,Not Available,"Computer science, GCP, Billing, Machine learning, Packaging, Data quality, Customer service, Analytics",Data Scientist,Naukri,2 days ago,https://www.naukri.com/job-listings-data-scientist-invoicecloud-inc-hyderabad-3-to-5-years-040626502034
Data Scientist,Celebal Technologies,Jaipur,3-6 Yrs,Not Available,"Artificial Intelligence, Natural Language Processing, Machine Learning, Deep Learning, Python, AI, Ml, Languages",Data Scientist,Naukri,1 day ago,https://www.naukri.com/job-listings-data-scientist-celebal-technologies-jaipur-3-to-6-years-050626015382
Data Scientist,Prudent Globaltech Solutions,Hyderabad,5-10 Yrs,Not Available,"pyspark, sql, spark, ml, python, mathematics, ci/cd, iot",Data Scientist,Naukri,1 day ago,https://www.naukri.com/job-listings-data-scientist-prudent-globaltech-solutions-hyderabad-5-to-10-years-240326927575
Data-scientist - Machine Learning & AI,Hdfc Bank,"Gurugram, Delhi / NCR, Mumbai (All Areas)",7-12 Yrs,Not Available,"GenAI, Graph, Machine Learning, Pytorch, Tensorflow, NLP, Neo4J, Machine Learning Algorithms",Data Scientist,Naukri,5 days ago,https://www.naukri.com/job-listings-data-scientist-machine-learning-ai-hdfc-bank-gurugram-delhi-ncr-mumbai-all-areas-7-to-12-years-010626012906
Data Scientist-Artificial Intelligence,IBM,Pune,6-8 Yrs,Not Available,"data scientist, kubernetes, python, github, natural language processing, ai, react, bootstrap",Data Scientist,Naukri,5 days ago,https://www.naukri.com/job-listings-data-scientist-artificial-intelligence-ibm-india-pvt-limited-pune-6-to-8-years-010626912079
Data Scientist,Optum,Hybrid - Hyderabad,6-11 Yrs,Not Available,"Data Science, Tensorflow, Azure, Generative Ai, Natural Language Processing, Spark SQL, Genetic Algorithm, ML Model",Data Scientist,Naukri,5 days ago,https://www.naukri.com/job-listings-data-scientist-optum-hyderabad-6-to-11-years-310526004293
Data Scientist - NLP Focussed,Siemens,Pune,5-10 Yrs,Not Available,"Data Scientist, Azure, Use Cases, Natural Language Processing, Ai, Data Mining, Data Cleansing, Forecasting",Data Scientist,Naukri,5 days ago,https://www.naukri.com/job-listings-data-scientist-nlp-focussed-siemens-limited-pune-5-to-10-years-010626921919
Data Scientist-Anti Money Laundering,Solytics Partners,Hybrid - Pune,3-8 Yrs,13-16 Lacs PA,"Data Science, Anti Money Laundering, Machine Learning, Python, Fraud Detection, Statistical Modeling, Modeling, Currency",Data Scientist,Naukri,2 days ago,https://www.naukri.com/job-listings-data-scientist-anti-money-laundering-solytics-partners-pune-3-to-8-years-040626021785
Data Scientist - 29th April (Wednesday) - Virtual Interview,Tata Consultancy Services,"India, Bengaluru, Delhi / NCR",7-12 Yrs,Not Available,"Python, SQL, Data Science, Artificial Intelligence, Machine Learning, Intelligence, Science, Interviewing",Data Scientist,Naukri,3 days ago,https://www.naukri.com/job-listings-data-scientist-29th-april-wednesday-virtual-interview-tata-consultancy-services-bengaluru-delhi-ncr-india-7-to-12-years-280426005220
Data Scientist,Ltimindtree,Hybrid - Kolkata,6-11 Yrs,Not Available,"Generative Ai Tools, Artificial Intelligence, Copilot, Machine Learning, Python, Agentic Ai, copilot studios, Power Platform",Data Scientist,Naukri,1 day ago,https://www.naukri.com/job-listings-data-scientist-ltimindtree-kolkata-6-to-11-years-050626010058
GenAI Data Scientist - PAN INDIA,Tata Consultancy Services,"Hyderabad, Bengaluru, Delhi / NCR",4-9 Yrs,Not Available,"Data Science, Azure, Generative Ai, GCP, Machine Learning, AWS, Python, Data",Data Scientist,Naukri,1 week ago,https://www.naukri.com/job-listings-genai-data-scientist-pan-india-tata-consultancy-services-hyderabad-bengaluru-delhi-ncr-4-to-9-years-150526030743
Data Scientist,Access Healthcare,Chennai,3-8 Yrs,Not Available,"Data Science, Predictive Modeling, Statistical Modeling, Ml, Python, Machine Learning, Modeling",Data Scientist,Naukri,1 day ago,https://www.naukri.com/job-listings-data-scientist-access-healthcare-chennai-3-to-8-years-050626010448
Data Scientist,Capgemini,"Hybrid - Hyderabad, Chennai, Bengaluru",6-9 Yrs,5.5-14 Lacs PA,"Python, Etl Pipelines, Matplotlib, Prompt Engineering, Pandas, data scientist, Retrieval Augmented Generation, Machine Learning",Data Scientist,Naukri,1 week ago,https://www.naukri.com/job-listings-data-scientist-capgemini-hyderabad-chennai-bengaluru-6-to-9-years-260526014011
Data Scientist I,Conduent,Bengaluru,1-6 Yrs,Not Available,"data scientist, mlops, python, github, soc, ai, dns, iac",Data Scientist,Naukri,1 week ago,https://www.naukri.com/job-listings-data-scientist-i-conduent-business-services-india-llp-bengaluru-1-to-6-years-250526912187
Data Scientist III,Conduent,Bengaluru,8-12 Yrs,Not Available,"data scientist, snowflake, storytelling, python, ai, power bi, dimensional modeling, machine learning",Data Scientist,Naukri,1 week ago,https://www.naukri.com/job-listings-data-scientist-iii-conduent-business-services-india-llp-bengaluru-8-to-12-years-250526915874
Data Scientist,Capgemini,"Hybrid - Pune, Bengaluru, Mumbai (All Areas)",6-8 Yrs,Not Available,"Generative Ai, GCP, Bigquery, Python, Machine Learning, Data, Artificial Intelligence, Machine",Data Scientist,Naukri,1 week ago,https://www.naukri.com/job-listings-data-scientist-capgemini-pune-bengaluru-mumbai-all-areas-6-to-8-years-260526013604
Data Scientist,Tata Consultancy Services,Bengaluru,5-10 Yrs,Not Available,"Generative AI, Machine learning, Pandas, Scikit-learn, Python, NumPy, TensorFlow, Machine",Data Scientist,Naukri,1 week ago,https://www.naukri.com/job-listings-data-scientist-tata-consultancy-services-bengaluru-5-to-10-years-250526008426
Data Scientist (LLM Security),Thales,Bengaluru,6-11 Yrs,Not Available,"llm security, python, application security, adversarial, Red Teaming, data scientist, Teaming, RED",Data Scientist,Naukri,1 week ago,https://www.naukri.com/job-listings-data-scientist-llm-security-thales-bengaluru-6-to-11-years-270526024267
Data Scientist,Wipro,Bengaluru,8-13 Yrs,Not Available,"Gen AI, DeepEval, Langchain, Langgraph, RAGAS, RAG, LLM, LangSmith",Data Scientist,Naukri,1 week ago,https://www.naukri.com/job-listings-data-scientist-wipro-bengaluru-8-to-13-years-260526038612
Data & AI Scientist,Lloyds Technology Centre India,Hyderabad,7-12 Yrs,Not Available,"Customer Advisor, Training, Change management, Data management, Performance management, Management systems, IT security, Strategic planning",Data Scientist,Naukri,2 days ago,https://www.naukri.com/job-listings-data-ai-scientist-lloyds-technology-centre-india-hyderabad-7-to-12-years-040626501812
Data Scientist,Maddisoft Solutions,"Hyderabad, Pune",0-5 Yrs,Not Available,"Power Bi Reports, Regression, Data Visualization, Clustering, Python, Excel, Power Bi, Factoring",Data Scientist,Naukri,1 week ago,https://www.naukri.com/job-listings-data-scientist-maddisoft-solutions-hyderabad-pune-0-to-5-years-171025022506
Data Scientist,Affine Analytics,Hybrid - Bengaluru,5-10 Yrs,15-27.5 Lacs PA,"Agentic Ai, RAG, Retrieval Augmented Generation, Python, Generation, Artificial Intelligence, Data",Data Scientist,Naukri,3 days ago,https://www.naukri.com/job-listings-data-scientist-affine-analytics-bengaluru-5-to-10-years-030626010711
Data Scientist,Selegic,Bengaluru,Not Available,Unpaid,Not Available,Data Scientist,Naukri,Starts in 1-3 months,https://www.naukri.com/job-listings-data-scientist-selegic-india-bengaluru-3-to-7-years-030626504368
Data Scientist (4 Months Contract),Carnation Infotech,Remote,10-15 Yrs,15-20 Lacs PA,"Data Science, Pyspark, Machine Learning, Python, SQL, DataBricks, MLOPS, Generative Ai",Data Scientist,Naukri,4 days ago,https://www.naukri.com/job-listings-data-scientist-4-months-contract-carnation-infotech-bengaluru-10-to-15-years-020626022814
Data Scientist,Premium,Bengaluru,7-10 Yrs,Not Available,"Data Science, Gen Ai, Azure, Chatbot, GenAI, Generative AI, LLM, Machine Learning",Data Scientist,Naukri,3 days ago,https://www.naukri.com/job-listings-data-scientist-bengaluru-7-to-10-years-030626014075
Data Scientist / Gen AI Engineer,Protocol Zone,Ahmedabad,3-5 Yrs,Not Available,"Generative Ai, AI Agents, Data Science, Retrieval Augmented Generation, Python, Vector Db, Power Bi, Artificial Intelligence",Data Scientist,Naukri,3 days ago,https://www.naukri.com/job-listings-data-scientist-gen-ai-engineer-protocol-zone-ahmedabad-3-to-5-years-030626031196
Data Scientist,Globant,"Hybrid - Hyderabad, Pune, Bengaluru",5-9 Yrs,Not Available,"GCP, Vertex Ai, Retrieval Augmented Generation, Python, Artificial Intelligence, Natural Language Processing, Machine Learning, Process",Data Scientist,Naukri,3 days ago,https://www.naukri.com/job-listings-data-scientist-globant-hyderabad-pune-bengaluru-5-to-9-years-020626026583
Data Scientist,Celebal Technologies,"Bengaluru, Mumbai (All Areas)",3-8 Yrs,Not Available,"Time Series, Demand Forecasting, Machine Learning, Agentic Ai, Generative Ai, Xgboost, Arima, K-Means",Data Scientist,Naukri,5 days ago,https://www.naukri.com/job-listings-data-scientist-celebal-technologies-bengaluru-mumbai-all-areas-3-to-8-years-300426024055
Data Scientist,Ascendion Engineering,"Hybrid - Pune, Chennai, Bengaluru",3-6 Yrs,Not Available,"Data Science, GCP, Vertex Ai, Bigquery, Python, US Pharma, Langchain, Langgraph",Data Scientist,Naukri,2 days ago,https://www.naukri.com/job-listings-data-scientist-ascendion-engineering-pune-chennai-bengaluru-3-to-6-years-300426016620
Data Scientist,Cloudxtreme,"Hybrid - Hyderabad, Chennai, Bengaluru",7-12 Yrs,Not Available,"Data Science, Pyspark, Machine Learning, Data, Science, Machine",Data Scientist,Naukri,3 days ago,https://www.naukri.com/job-listings-data-scientist-cloudxtreme-hyderabad-chennai-bengaluru-7-to-12-years-030626009418
Data Scientist,Aqilea,Bengaluru,8-13 Yrs,Not Available,"GCP, spark, Consulting, Machine learning, Information retrieval, model development, data enrichment, Monitoring",Data Scientist,Naukri,3 days ago,https://www.naukri.com/job-listings-data-scientist-aqilea-formerly-soltia-bengaluru-8-to-13-years-030626504098
Data Scientist AIML,Tata Consultancy Services,"Mumbai, Hyderabad, Gurugram",5-10 Yrs,Not Available,"Artificial Intelligence, Machine Learning, Predictive Modeling, Advanced Analytics, Statistical Modeling, Python, Predictive Analytics, Ml",Data Scientist,Naukri,1 week ago,https://www.naukri.com/job-listings-data-scientist-aiml-tata-consultancy-services-mumbai-hyderabad-gurugram-5-to-10-years-260526038475
data scientist,Movate Technologies,"Hybrid - Hyderabad, Chennai, Bengaluru",5-8 Yrs,15-18 Lacs PA,"Aiml, machine learning, Retrieval Augmented Generation, Generation, Machine, Data",Data Scientist,Naukri,6 days ago,https://www.naukri.com/job-listings-data-scientist-movate-technologies-hyderabad-chennai-bengaluru-5-to-8-years-230526009309
Data Scientist,Altimetrik,Chennai(Taramani),2-6 Yrs,Not Available,"Python, Data Science, Artificial Intelligence, Natural Language Processing, Aiml, Machine Learning, Data, Intelligence",Data Scientist,Naukri,5 days ago,https://www.naukri.com/job-listings-data-scientist-altimetrik-chennai-2-to-6-years-010626014047
Sr. Machine learning /Data Scientist,Version 1,Mumbai,5-9 Yrs,Not Available,"Data Scientist, Coaching, Red Hat, Debugging, Employee Wellbeing, Feature Engineering, Ai, Regression",Data Scientist,Naukri,5 days ago,https://www.naukri.com/job-listings-sr-machine-learning-data-scientist-version-1-services-private-limited-mumbai-5-to-9-years-010626922702
Data Scientist,Axtria,"Hyderabad, Delhi / NCR, Bengaluru",4-10 Yrs,Not Available,"Model Building, Deploying Models, Model Monitoring, Machine Learning, Python, Monitoring, Machine, Building",Data Scientist,Naukri,1 week ago,https://www.naukri.com/job-listings-data-scientist-axtria-hyderabad-delhi-ncr-bengaluru-4-to-10-years-290526023406
Data Scientist,Damco Solutions,Hybrid - Bengaluru,7-12 Yrs,Not Available,"Data Science, Predictive Modeling, Artificial Intelligence, Al, Machine Learning, Python, Ml, Modeling",Data Scientist,Naukri,1 week ago,https://www.naukri.com/job-listings-data-scientist-damco-solutions-bengaluru-7-to-12-years-290526023214
Data Scientist,Mindteck,Hybrid - Pune,3-8 Yrs,Not Available,"Data Science, Generative Ai, RAG, Machine Learning, agentic AI, LLM, Retrieval Augmented Generation, Generation",Data Scientist,Naukri,3 days ago,https://www.naukri.com/job-listings-data-scientist-mindteck-pune-3-to-8-years-030626011108
Data Scientist - 9th May Drive - Hyderabad,Tata Consultancy Services,Hyderabad,5-10 Yrs,Not Available,"Data Science, Artificial Intelligence, Natural Language Processing, Deep Learning, Process, Languages, Science, Processing",Data Scientist,Naukri,3 days ago,https://www.naukri.com/job-listings-data-scientist-9th-may-drive-hyderabad-tata-consultancy-services-hyderabad-5-to-10-years-040526014403
Data Scientist,Elios Technologies,Bengaluru,3-7 Yrs,7-12 Lacs PA,"Pandas, Machine Learning, Numpy, Python, Machine, Data",Data Scientist,Naukri,3 days ago,https://www.naukri.com/job-listings-data-scientist-elios-technologies-bengaluru-3-to-7-years-030626027299
Data Scientist,Luxoft,"Gurugram, Chennai, Bengaluru",8-12 Yrs,25-30 Lacs PA,"Data Science, Pyspark, AWS, Python, SQL, Science, Data",Data Scientist,Naukri,3 days ago,https://www.naukri.com/job-listings-data-scientist-luxoft-gurugram-chennai-bengaluru-8-to-12-years-020626027438
Hiring Data scientist,Ascendion Engineering,"Hybrid - Hyderabad, Pune, Bengaluru",3-7 Yrs,2-7 Lacs PA,"Data Science, Vertex, Python, Gcp Bigquery, Science, GCP, Bigquery, Data",Data Scientist,Naukri,3 days ago,https://www.naukri.com/job-listings-hiring-data-scientist-ascendion-engineering-hyderabad-pune-bengaluru-3-to-7-years-030626026567
Data Scientist,Client of Talent Corner,Bengaluru,5-8 Yrs,30-45 Lacs PA,"Python, Tensorflow, Pytorch, Metabase, Statsmodels, Xgboost, Pandas, Tableau",Data Scientist,Naukri,5 days ago,https://www.naukri.com/job-listings-data-scientist-talent-corner-hr-services-bengaluru-5-to-8-years-010626009720
Data Scientist GenAI,Affine Analytics,"Hybrid - Hyderabad, Bengaluru, Delhi / NCR",5-10 Yrs,15-25 Lacs PA,"Agentic Ai, RAG, Retrieval Augmented Generation, Machine Learning, Python, Generation, Machine, Data",Data Scientist,Naukri,4 days ago,https://www.naukri.com/job-listings-data-scientist-genai-affine-analytics-hyderabad-bengaluru-delhi-ncr-5-to-10-years-010626028731
Data Scientist,Coforge,Hybrid - Greater Noida,6-11 Yrs,16-30 Lacs PA,"Pyspark, Airlines, Data Scientist, Databricks, Data Modeling, Data Bricks, Data, Modeling",Data Scientist,Naukri,5 days ago,https://www.naukri.com/job-listings-data-scientist-coforge-greater-noida-6-to-11-years-010626018436
Data Scientist,Capgemini,Hybrid - Chennai,6-10 Yrs,5-11 Lacs PA,"Snowflake, Python, SQL, Data",Data Scientist,Naukri,1 week ago,https://www.naukri.com/job-listings-data-scientist-capgemini-chennai-6-to-10-years-290526002500
Data Scientist with GenAI /Agentic AI,Affine Analytics,Hybrid - Bengaluru,3-5 Yrs,Not Available,"Agentic Ai, Retrieval Augmented Generation, Machine Learning, Python, Excel, Azure Cloud, SQL, Cloud",Data Scientist,Naukri,5 days ago,https://www.naukri.com/job-listings-data-scientist-with-genai-agentic-ai-affine-analytics-bengaluru-3-to-5-years-010626004177
Data Scientist,Optum,Hyderabad,6-11 Yrs,Not Available,"data scientist, Ai, Angular, Back End, Kanban, Front End, Javascript, Agile",Data Scientist,Naukri,1 week ago,https://www.naukri.com/job-listings-data-scientist-optum-global-solutions-india-private-limited-hyderabad-6-to-11-years-290526920493
Data Scientist- Machine Learning (ML),Leading IT Service and Consulting Organization,Hybrid - Bhubaneswar,4-9 Yrs,Not Available,"Pytorch, Genrative Ai, Machine Learning, Deep Learning, Python, Tensorflow, Data Science, Artificial Intelligence",Data Scientist,Naukri,6 days ago,https://www.naukri.com/job-listings-data-scientist-machine-learning-ml-anlage-infotech-bhubaneswar-4-to-9-years-310526003933
Data Scientist,Capgemini,Chennai,4-7 Yrs,Not Available,"Data Scientist, S3, Compliance, Cassandra, Ai, Kafka, Machine Learning, Devops",Data Scientist,Naukri,1 week ago,https://www.naukri.com/job-listings-data-scientist-capgemini-technology-services-india-limited-chennai-4-to-7-years-290526905163
Data Scientist,LanceSof,Bengaluru,6-8 Yrs,16-30 Lacs PA,"Data Science, Statistical Modeling, Machine Learning, Pyspark, Time Series Analysis, Python, Modeling, Science",Data Scientist,Naukri,1 week ago,https://www.naukri.com/job-listings-data-scientist-lancesoft-bengaluru-6-to-8-years-200526012799
Data Scientist - Gen AI Engineer - 5+ years - Bengaluru/Gurugram,Crescendo Global,"Hybrid - Hyderabad, Gurugram, Bengaluru",5-10 Yrs,Not Available,"Data Science, Generative Ai, Machine Learning, Python, Science, Artificial Intelligence, Machine, Gen",Data Scientist,Naukri,2 weeks ago,https://www.naukri.com/job-listings-data-scientist-gen-ai-engineer-5-years-bengaluru-gurugram-crescendo-global-leadership-hiring-india-hyderabad-gurugram-bengaluru-5-to-10-years-220526032927
Data Scientist,Damco Solutions,Gurugram,5-8 Yrs,10-20 Lacs PA,"Data Science, Aws Bedrock, Snowflake Cortex AI, Gen AI, Generative Ai, Natural Language Processing, LLM, Machine Learning",Data Scientist,Naukri,1 week ago,https://www.naukri.com/job-listings-data-scientist-damco-solutions-gurugram-5-to-8-years-290526024117
Data Scientist 1,FedEx,Hyderabad,2-5 Yrs,Not Available,"python, data analytics, natural language processing, predictive analytics, information retrieval, machine learning, sql, data science",Data Scientist,Naukri,1 week ago,https://www.naukri.com/job-listings-data-scientist-1-fedex-express-hyderabad-2-to-5-years-250526500082
"Data Scientist, AI Engineering",Trinity Life Sciences,Bengaluru,1-5 Yrs,Not Available,"Scalability, Focus, Cloud, Programming, content generation, Deployment, Research, Python",Data Scientist,Naukri,1 week ago,https://www.naukri.com/job-listings-data-scientist-ai-engineering-trinity-life-sciences-bengaluru-1-to-5-years-280526504181
AMEA Data Scientist (o9 Demand planning),Mondelez,Mumbai,6-11 Yrs,Not Available,"Supply chain, Data analysis, data science, GCP, Analytical, Machine learning, Integration testing, Packaging",Data Scientist,Naukri,1 week ago,https://www.naukri.com/job-listings-amea-data-scientist-o9-demand-planning-mondelez-international-mumbai-6-to-11-years-280526503557
Director - Data Scientist,Makemytrip,Bengaluru,14-18 Yrs,Not Available,"python, modeling, natural language processing, production, mathematics, machine learning, artificial intelligence, reinforcement learning",Data Scientist,Naukri,1 week ago,https://www.naukri.com/job-listings-director-data-scientist-makemytrip-india-pvt-ltd-bengaluru-14-to-18-years-260526500549
Data Scientist,Indifi Technologies,Gurugram,1-4 Yrs,Not Available,"data scientist, python, credit risk, machine learning, fintech, distributed computing, sql, banking",Data Scientist,Naukri,1 week ago,https://www.naukri.com/job-listings-data-scientist-indifi-gurugram-1-to-4-years-250526927106
Data Scientist,Leading Client,Bengaluru,7-12 Yrs,Not Available,"Data Scientist, Programming, Data Extraction, Machine Learning, Deep Learning, Sql, Data Science",Data Scientist,Naukri,1 week ago,https://www.naukri.com/job-listings-data-scientist-ideslabs-private-limited-bengaluru-7-to-12-years-280526921400
Data Scientist - 6-10 yr - Delhi,Tata Consultancy Services,"Noida, New Delhi, Delhi / NCR",6-10 Yrs,Not Available,"Data Science, Python, Pytorch, Power Bi, Data Visualization, Machine Learning, Deep Learning, SQL",Data Scientist,Naukri,1 week ago,https://www.naukri.com/job-listings-data-scientist-6-10-yr-delhi-tata-consultancy-services-noida-new-delhi-delhi-ncr-6-to-10-years-250526022750
Data Scientist,Leading Client,"Noida, Hyderabad, Bengaluru",4-9 Yrs,Not Available,"Data Science, PyTorch, NLP, MLOps, Feature Engineering, Deep Learning, Python, ML",Data Scientist,Naukri,1 week ago,https://www.naukri.com/job-listings-data-scientist-talent-corner-hr-services-pvt-ltd-noida-hyderabad-bengaluru-4-to-9-years-270526911502
Data Scientist,Leading Client,Pune,5-10 Yrs,Not Available,"Data Scientist, Azure, Api Development, Apis, Ai, User Experience, Programming, Data Extraction",Data Scientist,Naukri,1 week ago,https://www.naukri.com/job-listings-data-scientist-tekskills-india-private-limited-pune-5-to-10-years-290526914918
AWS Data Scientist - (Domain - Bank) - 8+ Yrs - BLR,MNC Client of GSN!,Hybrid - Bengaluru,8-13 Yrs,35-40 Lacs PA,"Data Science, Pyspark, SageMaker Studio, Banking And Finance, Python, AWS Glue, ML models, AWS",Data Scientist,Naukri,2 weeks ago,https://www.naukri.com/job-listings-aws-data-scientist-domain-bank-8-yrs-blr-gsn-consulting-bengaluru-8-to-13-years-230526008016
Data Scientist,Avance Consulting Services,"Hyderabad, India, Bengaluru",8-13 Yrs,12-17 Lacs PA,"Data Science, Python, MLops, Time Series, Neural Networks, Senior Data Scientist, Machine Learning, AWS",Data Scientist,Naukri,1 week ago,https://www.naukri.com/job-listings-data-scientist-avance-consulting-services-hyderabad-bengaluru-india-8-to-13-years-270526012603
Data Scientist Cyber Threat Intelligence,APM Terminals,Pune,5-10 Yrs,Not Available,"Computer science, Automation, Relationship building, Data quality, Continuous improvement, Security operations, Forecasting, Operations",Data Scientist,Naukri,2 weeks ago,https://www.naukri.com/job-listings-data-scientist-cyber-threat-intelligence-apm-terminal-sport-india-pune-5-to-10-years-220526504872
Data Scientist,Tekskills india,Bengaluru,7-10 Yrs,Not Available,"Azure, Data Scientist, Databricks Synapse, ML/AI, Artificial Intelligence, Ml, Data, Microsoft Azure",Data Scientist,Naukri,1 week ago,https://www.naukri.com/job-listings-data-scientist-tekskills-bengaluru-7-to-10-years-290526917010
Data Scientist / Machine Learning Engineer,LateShipment.com,Chennai,5-8 Yrs,Not Available,"Python, C#, GenAI/LLM tools, Java, Azure, CrewAI, NetSuite ERP, nltk",Data Scientist,Naukri,2 weeks ago,https://www.naukri.com/job-listings-data-scientist-machine-learning-engineer-lateshipment-com-chennai-5-to-8-years-220526919261
Sr. Machine Learning Data Scientist,Solugenix,Hybrid - Hyderabad,10-15 Yrs,Not Available,"Azure ML, Machine Learning, Python, Azure Devops, SR, Machine, Microsoft Azure, Data",Data Scientist,Naukri,1 week ago,https://www.naukri.com/job-listings-sr-machine-learning-data-scientist-solugenix-hyderabad-10-to-15-years-280526025596
Data Scientist/Technical Analyst,Maruti Suzuki Arena Ktl,Gurugram,4-9 Yrs,Not Available,"Computer vision, deep learning, Simulation, Neural networks, Machine learning, Hypothesis Testing, Telematics, Data analytics",Data Scientist,Naukri,2 weeks ago,https://www.naukri.com/job-listings-data-scientist-technical-analyst-maruti-suzuki-arena-ktl-gurugram-4-to-9-years-220526502800
Data Scientist,Varite,Hybrid - Hyderabad,5-8 Yrs,Not Available,"Data Scientist, Tensorflow, Pytorch, Natural Language Processing, Machine Learning, Deep Learning, Scikit-Learn, Python",Data Scientist,Naukri,4 days ago,https://www.naukri.com/job-listings-data-scientist-varite-hyderabad-5-to-8-years-020626022630
Deputy Vice President - Data Scientist,Taggd,Gurugram,11-17 Yrs,22.5-32.5 Lacs PA,"Credit Risk Modelling, Data Science, Data Science Analytics, Feature Engineering, Model Building, Model Mo, Scorecard, Risk Modeling",Data Scientist,Naukri,5 days ago,https://www.naukri.com/job-listings-deputy-vice-president-data-scientist-talent-hired-the-store-gurugram-11-to-17-years-010626005989
Deputy Vice President-Data Scientist,NBFC,Gurugram,11-20 Yrs,25-37.5 Lacs PA,"Credit card, SAS, Risk Analytics, Credit Card Analytics, Credit Risk Modelling, Scorecard, Python, SQL",Data Scientist,Naukri,5 days ago,https://www.naukri.com/job-listings-deputy-vice-president-data-scientist-talent-hired-the-store-gurugram-11-to-20-years-010626005024
Data Scientist Forecasting,Acenet,Bengaluru,5-6 Yrs,Not Available,"Data analysis, Business transformation, Wealth management, Staffing, Healthcare, Data quality, Outsourcing, Analytics",Data Scientist,Naukri,1 week ago,https://www.naukri.com/job-listings-data-scientist-forecasting-acenet-bengaluru-5-to-6-years-290526501633
Data Scientist,Ganit Business Solutions,"Mumbai, Bengaluru",5-8 Yrs,15-30 Lacs PA,"Gen AI, Data Science, Python, Gen, Data, Artificial Intelligence, Science",Data Scientist,Naukri,1 week ago,https://www.naukri.com/job-listings-data-scientist-ganit-business-solutions-mumbai-bengaluru-5-to-8-years-280526022010
Data Scientist - Martech,Omnicom Global Solutions,Remote,3-5 Yrs,15-20 Lacs PA,"Vertex Ai, Bigquery, Python, Pytorch, Tensorflow, Spark Mllib, Algorithms, Keras",Data Scientist,Naukri,1 week ago,https://www.naukri.com/job-listings-data-scientist-martech-omnicom-global-solutions-pune-3-to-5-years-280526016598
Data Scientist (Sql/Python/Pyspark/Tableau),Visa Consolidated Support Services India,Bengaluru,4-6 Yrs,Not Available,"Data Scientist, Acquisitions, Pyspark, Business Intelligence, Finance, Hadoop, Feature Engineering, Regression",Data Scientist,Naukri,1 week ago,https://www.naukri.com/job-listings-data-scientist-sql-python-pyspark-tableau-visa-consolidated-support-services-india-pvt-ltd-bengaluru-4-to-6-years-270526936000
Data Scientist,Bahwan CyberTek,Chennai,4-6 Yrs,Not Available,"Computer science, Data analysis, Analytical, Machine learning, Data collection, Data processing, Data quality, Regression analysis",Data Scientist,Naukri,1 week ago,https://www.naukri.com/job-listings-data-scientist-bahwan-cybertek-chennai-4-to-6-years-270526501773
Data Scientist,Colgate-Palmolive (India),Mumbai,2-6 Yrs,Not Available,"python, data analysis, natural language processing, statistical tools, dbms, sales analytics, machine learning, data engineering",Data Scientist,Naukri,1 week ago,https://www.naukri.com/job-listings-data-scientist-colgate-palmolive-india-mumbai-2-to-6-years-260526501169
Data Scientist,Algoleap Technologies,Bengaluru,3-6 Yrs,Not Available,"hive, analytical, data mining, retail, sql, analytics, tensorflow, data science",Data Scientist,Naukri,1 week ago,https://www.naukri.com/job-listings-data-scientist-algoleap-technologies-bengaluru-3-to-6-years-260526033196
Data Scientist,Symphonyincubator Business Services,Bengaluru,6-11 Yrs,Not Available,"data scientist, Automation, Github, Demand Forecasting, Forecasting, Machine Learning, Analytics, Data Science",Data Scientist,Naukri,1 week ago,https://www.naukri.com/job-listings-data-scientist-symphonyincubator-business-services-private-limite-d-bengaluru-6-to-11-years-290526920374
Data Scientist - Collections,Applied Data Finance,"Hyderabad, Chennai, Bengaluru",1-3 Yrs,Not Available,"data scientist, risk assessment, python, data analytics, data analysis, credit risk, machine learning, fintech",Data Scientist,Naukri,1 week ago,https://www.naukri.com/job-listings-data-scientist-collections-applied-data-finance-hyderabad-chennai-bengaluru-1-to-3-years-290526917172
Data Scientist I,Alegeus,Bengaluru,3-8 Yrs,Not Available,"Data Scientist, Azure, Automation, Apis, Saas, Ai, Programming, Restful",Data Scientist,Naukri,1 week ago,https://www.naukri.com/job-listings-data-scientist-i-alegeus-technologies-india-private-limited-bengaluru-3-to-8-years-290526904154
Data Scientist,CBA Cross Border Associates,Bengaluru,5-10 Yrs,Not Available,"Computer science, data science, Analytical, Finance, Machine learning, Data processing, Continuous improvement, Monitoring",Data Scientist,Naukri,1 week ago,https://www.naukri.com/job-listings-data-scientist-cba-cross-border-associates-bengaluru-5-to-10-years-290526505827
Data Scientist,Cai Info India,Bengaluru,4-8 Yrs,Not Available,"algorithms, python, workflow orchestration, system design, engineering, machine learning, tools, javascript",Data Scientist,Naukri,1 week ago,https://www.naukri.com/job-listings-data-scientist-cai-info-india-bengaluru-4-to-8-years-290526025230
Data Scientist,Cardinal Drugs Ltd.,Bengaluru,5-8 Yrs,Not Available,"python, ms azure, natural language processing, scala, mathematics, presentation skills, google, machine learning",Data Scientist,Naukri,1 week ago,https://www.naukri.com/job-listings-data-scientist-cardinal-drugs-ltd-bengaluru-5-to-8-years-280526503543
Data Scientist,The It Mind Services,Bengaluru,4-12 Yrs,Not Available,"Machine learning, Data collection, data visualization, Machine, Collections, Data",Data Scientist,Naukri,1 week ago,https://www.naukri.com/job-listings-data-scientist-the-it-mind-bengaluru-4-to-12-years-280526502010
Data Scientist,KPI Partners,"Hybrid - Hyderabad, Pune, Bengaluru",6-11 Yrs,15-30 Lacs PA,"Data Science, Aws Sagemaker, Demand Forecasting, SQL, Python, Machine Learning, Machine, Science",Data Scientist,Naukri,1 week ago,https://www.naukri.com/job-listings-data-scientist-kpi-partners-hyderabad-pune-bengaluru-6-to-11-years-280526017199
Data Scientist,Neostats Analytics Solutions,Bengaluru,5-9 Yrs,Not Available,"Credit Risk Modelling, Machine Learning, Python, SQL, Fraud Detection, Banking Analytics, Credit, Data",Data Scientist,Naukri,1 week ago,https://www.naukri.com/job-listings-data-scientist-neostats-analytics-solutions-bengaluru-5-to-9-years-270526017178
Data Scientist - Diageo,Premium,Bengaluru,4-9 Yrs,20-24 Lacs PA,"Artificial Intelligence, Machine Learning, SQL, Data Science, Gen AI, Python, Generative Ai, Power Bi",Data Scientist,Naukri,1 week ago,https://www.naukri.com/job-listings-data-scientist-diageo-bengaluru-4-to-9-years-260526031367
Data Scientist (Immediate Joiners Only),Straive,"Hybrid - Hyderabad, Gurugram, Bengaluru",3-8 Yrs,Not Available,"Xgboost, Machine Learning, Python, SQL, ML Techniques, ML Model, Random Forest, Ml",Data Scientist,Naukri,1 week ago,https://www.naukri.com/job-listings-data-scientist-immediate-joiners-only-straive-hyderabad-gurugram-bengaluru-3-to-8-years-260526017335
Data Scientist,NuWare,Bengaluru,2-3 Yrs,Not Available,"RAG, LLM, Python, Data Scientist, Data",Data Scientist,Naukri,1 week ago,https://www.naukri.com/job-listings-data-scientist-nuware-bengaluru-2-to-3-years-250526021983
Data Scientist,Ascendion Engineering,"Hybrid - Hyderabad, Pune, Bengaluru",3-8 Yrs,Not Available,"Data Science, Vertex, Gcp Bigquery, Python, Healthcare, GCP, Data, Bigquery",Data Scientist,Naukri,1 week ago,https://www.naukri.com/job-listings-data-scientist-ascendion-engineering-hyderabad-pune-bengaluru-3-to-8-years-250526010465
Data Scientist - Gen AI + NLP & ML,Tiger Analytics,Hybrid - Chennai,4-9 Yrs,Not Available,"Generative Ai, NLP, Machine Learning, Python, SQL, Data Science, Gen AI, Artificial Intelligence",Data Scientist,Naukri,1 week ago,https://www.naukri.com/job-listings-data-scientist-gen-ai-nlp-ml-tiger-analytics-chennai-4-to-9-years-230226011427
Data Scientist,Razorthink,"Mumbai, Delhi / NCR, Bengaluru",3-5 Yrs,Not Available,"Data Science, Python, Data Scientist, data mining, Pandas, Scikit-learn, statistical analysis",Data Scientist,Naukri,2 weeks ago,https://www.naukri.com/job-listings-data-scientist-razorthink-mumbai-delhi-ncr-bengaluru-3-to-5-years-220526919366
Data Scientist,Cardinal Health,Hybrid - Bengaluru(C V Raman Nagar),6-10 Yrs,Not Available,"LLM, Agentic Ai, RAG, Python, Generative Ai, SQL Model, Classic ML, Fast Api",Data Scientist,Naukri,2 weeks ago,https://www.naukri.com/job-listings-data-scientist-cardinal-health-bengaluru-6-to-10-years-220526027038
Data Scientist,EXL,"Hybrid - Pune, Bangalore Rural, Gurugram",3-5 Yrs,Not Available,"Llp, NLP, Python, sql, Natural language processing, Data",Data Scientist,Naukri,1 week ago,https://www.naukri.com/job-listings-data-scientist-exl-pune-bangalore-rural-gurugram-3-to-5-years-280526029499
Data and AI Scientist,Lloyds Technology Centre India,Hyderabad,3-7 Yrs,Not Available,"Process automation, advanced analytics, Automation, Focus, Machine learning, data governance, power bi, data integrity",Data Scientist,Naukri,5 days ago,https://www.naukri.com/job-listings-data-and-ai-scientist-lloyds-technology-centre-india-hyderabad-3-to-7-years-010626505039
Data Scientist,Straive,"Hyderabad, Gurugram, Bengaluru",5-9 Yrs,30-35 Lacs PA,"Graph, Xgboost, Neural Networks, Deep Learning, Data, Networking",Data Scientist,Naukri,1 week ago,https://www.naukri.com/job-listings-data-scientist-straive-hyderabad-gurugram-bengaluru-5-to-9-years-290526023506
Data Scientist,Bizviz Technologies,Bengaluru,3-8 Yrs,Not Available,"ERP, Data analysis, SAS, Simulation, Analytical, Machine learning, Healthcare, Data mining",Data Scientist,Naukri,2 weeks ago,https://www.naukri.com/job-listings-data-scientist-big-data-bizviz-bizviz-technologies-pvt-ltd-bengaluru-3-to-8-years-220526504889
Data Scientist-,Coforge,"Hyderabad, Pune, Greater Noida",6-11 Yrs,Not Available,"Agentic Ai, Generative Ai, Cloud, Python, GEN AI, Artificial Intelligence, Natural Language Processing, Aiml",Data Scientist,Naukri,1 week ago,https://www.naukri.com/job-listings-data-scientist-coforge-hyderabad-pune-greater-noida-6-to-11-years-270526012663
Data Scientist,Jesper Apps Software Services,"Hosur, Bengaluru",0-4 Yrs,Not Available,"Data Science, Python, Machine Learning, Machine, Science, Data",Data Scientist,Naukri,1 week ago,https://www.naukri.com/job-listings-data-scientist-jesper-apps-software-services-hosur-bengaluru-0-to-4-years-260526031115
Data Scientist or Data Engineering + ML,Nextzen Minds,Pune,5-10 Yrs,Not Available,"Machine Learning, Data Science, Agentic Ai, Tensorflow, Langchain, Scikit-Learn, SQL, Pytorch",Data Scientist,Naukri,2 weeks ago,https://www.naukri.com/job-listings-data-scientist-or-data-engineering-ml-nextzen-minds-pune-5-to-10-years-220526031640
Data Scientist,Leading Client,Hyderabad,5-10 Yrs,Not Available,"Data Scientist, S3, Java, Google Analytics, Neural Networks, Regression, Kafka, Data Mining",Data Scientist,Naukri,1 week ago,https://www.naukri.com/job-listings-data-scientist-ideslabs-private-limited-hyderabad-5-to-10-years-280526926201
Data Scientist - Genai,Leading Client,Hyderabad,4-9 Yrs,Not Available,"Data Scientist, Azure, Generative Ai, Api Development, Ai, Ai Services, Machine Learning, Python",Data Scientist,Naukri,1 week ago,https://www.naukri.com/job-listings-data-scientist-genai-ideslabs-private-limited-hyderabad-4-to-9-years-280526921455
Data Scientist,Leading chemical company,Kolkata,3-8 Yrs,Not Available,"SAP, SQL, Data Science, Data Scientist, Python, Predictive Modeling, ERP, Azure",Data Scientist,Naukri,2 weeks ago,https://www.naukri.com/job-listings-data-scientist-symphoni-hr-kolkata-3-to-8-years-220526032531
Data Scientist,Harf IT Solutions,Bengaluru,6-10 Yrs,Not Available,"Python, Pytorch, Java, Pyspark, Xgboost, Power Bi, SCALA, Hadoop",Data Scientist,Naukri,1 week ago,https://www.naukri.com/job-listings-data-scientist-harf-it-solutions-bengaluru-6-to-10-years-250526022524
Data Scientist,Fortune India 500 IT Services Company,Bengaluru,8-10 Yrs,Not Available,"Azure Cloud, data scientist, Data Science, Machine Learning, Microsoft Azure, Cloud, Science, Machine",Data Scientist,Naukri,1 week ago,https://www.naukri.com/job-listings-data-scientist-tekskills-bengaluru-8-to-10-years-290526918414
Data Scientist,Global Technology Solutions Company @ Pune,"Hybrid - Hyderabad, Pune, Bengaluru",4-9 Yrs,15-30 Lacs PA,"Artificial Intelligence, Machine Learning, Deep Learning, Data Science, Tensorflow, Predictive Modeling, Natural Language Processing, Dl",Data Scientist,Naukri,1 day ago,https://www.naukri.com/job-listings-data-scientist-brainsearch-consulting-pvt-ltd-hyderabad-pune-bengaluru-4-to-9-years-250825004197
Data Scientist,WOW Softech,Remote,10-15 Yrs,Not Available,"Statistical Programming, Clinical Background, R Shiny, R programming, Clinical, R Program, Shiny",Data Scientist,Naukri,1 week ago,https://www.naukri.com/job-listings-data-scientist-wow-softech-bengaluru-10-to-15-years-120326036762
Data Scientist,Banking Organization,"Bengaluru, Mumbai (All Areas)",4-6 Yrs,Not Available,"Credit Risk, Scorecard, ML Models, Python, SQL, Statistical Modeling, Credit Risk Modelling, Ml Deployment",Data Scientist,Naukri,1 week ago,https://www.naukri.com/job-listings-data-scientist-talentov-bengaluru-mumbai-all-areas-4-to-6-years-090326025440
Senior Data Scientist- Machine Learning,Trinity Life Sciences,Bengaluru,0-5 Yrs,Not Available,"algorithms, python, data analysis, modeling, strong analytical skills, presentation skills, predictive, problem solving",Data Scientist,Naukri,3+ weeks ago,https://www.naukri.com/job-listings-senior-data-scientist-machine-learning-trinity-life-sciences-bengaluru-0-to-5-years-210426502267
Data Scientist,Apple,Hyderabad,0-8 Yrs,Not Available,"RCA, Statistical analysis, data science, Data modeling, Analytical, market data, Predictive modeling, Service sales",Data Scientist,Naukri,3+ weeks ago,https://www.naukri.com/job-listings-data-scientist-apple-india-pvt-ltd-hyderabad-0-to-8-years-250226504348
Data Scientist,NOVAC,Chennai,3-7 Yrs,Not Available,"Django, Machine Learning, Python, pandas, Microsoft Azure, AWS, Numpy, SQL",Data Scientist,Naukri,1 week ago,https://www.naukri.com/job-listings-data-scientist-novac-chennai-3-to-7-years-290526023786
Data Scientist,Pi Square Technologies,Chennai,6-12 Yrs,Not Available,"Supply chain, 3D modeling, 3D, deep learning, Lean manufacturing, Coding, Operations, Monitoring",Data Scientist,Naukri,1 week ago,https://www.naukri.com/job-listings-data-scientist-pi-square-technologies-india-private-limited-chennai-6-to-12-years-280526502961
Data Scientist,Sparix Global,Noida,6-11 Yrs,Not Available,"Computer science, Data analysis, data science, GCP, Machine learning, Healthcare, Application development, Monitoring",Data Scientist,Naukri,1 week ago,https://www.naukri.com/job-listings-data-scientist-sparix-global-private-limited-noida-6-to-11-years-260526503005
Data Scientist,Xebia It Architects,Gurugram,6-14 Yrs,Not Available,"cortex, deep learning, Automation, data science, Consulting, Agile, HTTP, AWS",Data Scientist,Naukri,1 week ago,https://www.naukri.com/job-listings-data-scientist-xebia-it-architects-india-pvt-ltd-gurugram-6-to-14-years-250526502351
Data Scientist Forecasting,Acenet,Gurugram,5-6 Yrs,Not Available,"Data analysis, Business transformation, Wealth management, Staffing, Healthcare, Data quality, Outsourcing, Analytics",Data Scientist,Naukri,1 week ago,https://www.naukri.com/job-listings-data-scientist-forecasting-acenet-gurugram-5-to-6-years-290526501634
Senior Data Scientist- Machine Learning,Trinity Life Sciences,Gurugram,0-5 Yrs,Not Available,"algorithms, python, data analysis, modeling, strong analytical skills, presentation skills, predictive, problem solving",Data Scientist,Naukri,3+ weeks ago,https://www.naukri.com/job-listings-senior-data-scientist-machine-learning-trinity-life-sciences-gurugram-0-to-5-years-230426501287
Data Scientist,Akaike Technologies,Bengaluru,0-6 Yrs,Not Available,"deep learning, Data analysis, GIT, Analytical, MySQL, Machine learning, data visualization, Data mining",Data Scientist,Naukri,3+ weeks ago,https://www.naukri.com/job-listings-data-scientist-akaike-technologies-bengaluru-0-to-6-years-231122500033
Data Scientist,LLP S3bglobal Technologies,Bengaluru,0-3 Yrs,Not Available,"Data analysis, Operations research, Analytical, MySQL, Spanish, Predictive modeling, Oracle, Econometrics",Data Scientist,Naukri,3+ weeks ago,https://www.naukri.com/job-listings-data-scientist-s3b-global-bengaluru-0-to-3-years-160525502773
TS - Data Scientist,IT Company,"Hybrid - Kolkata, Hyderabad, Pune",6-11 Yrs,Not Available,"Data Science, Machine Learning, NLP, Artificial Intelligence, Natural Language Processing, Python, Languages, Intelligence",Data Scientist,Naukri,1 day ago,https://www.naukri.com/job-listings-ts-data-scientist-srivango-kolkata-hyderabad-pune-6-to-11-years-071025037419
AI Data Scientist,Petpooja,Ahmedabad,2-7 Yrs,Not Available,"AI, Scientist, Data, Artificial Intelligence",Data Scientist,Naukri,1 week ago,https://www.naukri.com/job-listings-ai-data-scientist-prayosha-food-services-private-limited-ahmedabad-2-to-7-years-290526508115
Data Scientist (US Value & Access Insights),Amgen Inc,Hyderabad,3-6 Yrs,Not Available,"data scientist, kubernetes, python, forecasting, data mining, predictive analytics, airflow, ai",Data Scientist,Naukri,1 week ago,https://www.naukri.com/job-listings-data-scientist-us-value-access-insights-amgen-inc-hyderabad-3-to-6-years-250526935192
Data Scientist,The It Mind Services,Pune,4-12 Yrs,Not Available,"Machine learning, Data collection, data visualization, Machine, Collections, Data",Data Scientist,Naukri,1 week ago,https://www.naukri.com/job-listings-data-scientist-the-it-mind-pune-4-to-12-years-280526502005
Data Scientist (Immediate joiners only),Xebia It Architects,Hybrid - Hyderabad,6-8 Yrs,35-40 Lacs PA,"Python Framework, Machine Learning, Python, Pytorch, Artificial Intelligence, Machine, Data, Intelligence",Data Scientist,Naukri,1 week ago,https://www.naukri.com/job-listings-data-scientist-immediate-joiners-only-xebia-it-architects-hyderabad-6-to-8-years-280526021130
Data Scientist,Bsri Solutions,Chennai,4-8 Yrs,Not Available,"RSS, Statistical analysis, qlik sense, GCP, Application programming, Machine learning, API Testing, Deployment",Data Scientist,Naukri,1 week ago,https://www.naukri.com/job-listings-data-scientist-bsri-solutions-pvt-ltd-chennai-4-to-8-years-270526501605
Clinical Data Scientist,ti Steps,Hyderabad,5-7 Yrs,5-7.5 Lacs PA,"Advanced Analytics, Statistical Modeling, Machine Learning, Python, Predictive Analytics, Predictive Modeling, Predictive, Clinical Data",Data Scientist,Naukri,1 week ago,https://www.naukri.com/job-listings-clinical-data-scientist-ti-steps-hyderabad-5-to-7-years-270526016226
Data scientists,Stack Digital,"Mumbai, Nagpur, Thane, Nashik, Pune, Aurangabad",5-10 Yrs,Not Available,"Legal compliance, Senior management, Coding, Technical writing, Risk assessment, Machine learning, Risk management, SQL",Data Scientist,Naukri,1 week ago,https://www.naukri.com/job-listings-data-scientists-stack-digital-mumbai-nagpur-thane-nashik-pune-aurangabad-5-to-10-years-260526503512
Data Scientist,Amgen Inc,Hyderabad,3-7 Yrs,Not Available,"python, sas, sql, tableau, statistical modeling, advanced analytics, natural language processing, machine learning",Data Scientist,Naukri,1 week ago,https://www.naukri.com/job-listings-data-scientist-amgen-inc-hyderabad-3-to-7-years-250526935001
Data Scientist,AVENIRDIGITAL SOLUTIONS PRIVATE LIMITED,Hyderabad,5-10 Yrs,Not Available,"data scientist, mlops, python, data analysis, ai, llm, machine learning, artificial intelligence",Data Scientist,Naukri,1 week ago,https://www.naukri.com/job-listings-data-scientist-avenirdigital-solutions-private-limited-hyderabad-5-to-10-years-250526929809
Data Scientist,ZF,Coimbatore,3-7 Yrs,Not Available,"data scientist, mlops, python, data analytics, mathematics, data processing, databricks, power bi",Data Scientist,Naukri,1 week ago,https://www.naukri.com/job-listings-data-scientist-zf-india-private-limited-coimbatore-3-to-7-years-250526913680
Data Scientist,Koantek,Coimbatore,3-6 Yrs,Not Available,"Generative Ai, Databricks, Machine Learning, Natural Language Processing, Ml, Python, Languages, Processing",Data Scientist,Naukri,1 week ago,https://www.naukri.com/job-listings-data-scientist-koantek-coimbatore-3-to-6-years-250526010425
Data Scientist,Maruti Suzuki Arena Ktl,Gurugram,4-9 Yrs,Not Available,"Data analysis, Simulation, Time series analysis, Signal processing, vehicle dynamics, Telematics, Data analytics, Automotive",Data Scientist,Naukri,2 weeks ago,https://www.naukri.com/job-listings-data-scientist-maruti-suzuki-arena-ktl-gurugram-4-to-9-years-220526501857
DATA SCIENTIST,Maruti Suzuki Arena Ktl,Gurugram,2-6 Yrs,Not Available,"Cloud computing, Data analysis, Machine learning, Data processing, Telematics, Engineering Design, data visualization, Automotive",Data Scientist,Naukri,2 weeks ago,https://www.naukri.com/job-listings-data-scientist-maruti-suzuki-arena-ktl-gurugram-2-to-6-years-220526501855
Data Scientist,Maruti Suzuki Arena Ktl,New Delhi,4-8 Yrs,Not Available,"Data management, Data modeling, Analytical, Demand forecasting, Data processing, Business strategy, Stakeholder management, Analytics",Data Scientist,Naukri,2 weeks ago,https://www.naukri.com/job-listings-data-scientist-maruti-suzuki-arena-ktl-new-delhi-4-to-8-years-220526501550
Data Scientist,Kroll,Hybrid - Hybrid,1-3 Yrs,Not Available,"Process automation, Data analysis, GCP, Analytical, Machine learning, Business intelligence, Monitoring, Financial services",Data Scientist,Naukri,1 week ago,https://www.naukri.com/job-listings-data-scientist-kroll-associates-india-pvt-ltd-hybrid-1-to-3-years-290526506932
Data Scientist Forecasting,Acenet,Pune,5-6 Yrs,Not Available,"Data analysis, Business transformation, Wealth management, Staffing, Healthcare, Data quality, Outsourcing, Analytics",Data Scientist,Naukri,1 week ago,https://www.naukri.com/job-listings-data-scientist-forecasting-acenet-pune-5-to-6-years-260526503907
Data Scientist,Version 1,Mumbai,5-10 Yrs,Not Available,"data scientist, mlops, numpy, research, sql, deep learning, data science, spark",Data Scientist,Naukri,1 week ago,https://www.naukri.com/job-listings-data-scientist-version-1-services-private-limited-mumbai-5-to-10-years-250526934636
Data Scientist (Freelancer),Deccan Ai,Remote,0-3 Yrs,Not Available,"Data Science, Natural Language Processing, Artificial Intelligence, Machine Learning, Statistics, Deep Learning, Python, Data",Data Scientist,Naukri,1 week ago,https://www.naukri.com/job-listings-data-scientist-freelancer-deccan-ai-india-0-to-3-years-280526025536
Data Scientist,PayU,Gurugram,0-3 Yrs,Not Available,"Usage, Statistical analysis, Analytical, Focus, Programming, Data mining, Business understanding, Analytics",Data Scientist,Naukri,3+ weeks ago,https://www.naukri.com/job-listings-data-scientist-payu-india-gurugram-0-to-3-years-300326502718
Data Scientist,Leading IT Company,Remote,8-12 Yrs,12-20 Lacs PA,"Artificial Intelligence, Machine Learning, Python, Natural Language Processing, Ml, Data, Intelligence, Processing",Data Scientist,Naukri,1 week ago,https://www.naukri.com/job-listings-data-scientist-gennext-india-private-limited-bengaluru-8-to-12-years-300526012356
DATA SCIENTIST/ DATA ENGINEER VACANT,360DigiTMG,Gurugram,0-3 Yrs,Not Available,"Architecture, cloud storage, FMCG, Management, Data, Cloud, Storage",Data Scientist,Naukri,3+ weeks ago,https://www.naukri.com/job-listings-data-scientist-data-engineer-vacant-360digitmg-gurugram-0-to-3-years-180825503989
Data Engineer,Google,Bengaluru,0 Yrs,Not Available,"Product management, Product engineering, Analytical, Machine learning, Data structures, Data processing, Data quality, Data mining",Data Engineer,Naukri,3+ weeks ago,https://www.naukri.com/job-listings-data-engineer-google-india-private-limited-bengaluru-0-to-0-years-090725503768
Azure Data Engineer or Big data developer,HCLTech,"Pune, Chennai, Bengaluru",7-12 Yrs,Not Available,"Pyspark, Data Engineering, Software Engineering, Big Data, Spark, Data Bricks, Python, Software",Data Engineer,Naukri,2 weeks ago,https://www.naukri.com/job-listings-azure-data-engineer-or-big-data-developer-hcltech-pune-chennai-bengaluru-7-to-12-years-130526041399
Data Engineer (PySpark),Tata Consultancy Services,"Visakhapatnam, Hyderabad",7-12 Yrs,Not Available,"Pyspark, Hive, Spark, Hdfs, SQL, Data Engineering, Data",Data Engineer,Naukri,2 weeks ago,https://www.naukri.com/job-listings-data-engineer-pyspark-tata-consultancy-services-visakhapatnam-hyderabad-7-to-12-years-200526037904
Data Engineer,IQVIA,"Hybrid - Pune, Gurugram, Bengaluru",6-11 Yrs,Not Available,"Pyspark, Data Engineering, Data Bricks, SQL, Azure, Azure Databricks, Azure Data Factory, Azure Synapse",Data Engineer,Naukri,3 days ago,https://www.naukri.com/job-listings-data-engineer-iqvia-pune-gurugram-bengaluru-6-to-11-years-110325014320
Palantir -Pyspark Data Engineer,Tata Consultancy Services,"Hyderabad, Pune, Bengaluru",5-9 Yrs,Not Available,"Pyspark, Palantir, AWS, Ontology, Contour, Palantir Foundry, Python, Foundry",Data Engineer,Naukri,1 week ago,https://www.naukri.com/job-listings-palantir-pyspark-data-engineer-tata-consultancy-services-hyderabad-pune-bengaluru-5-to-9-years-220126039954
"Walk-in || Hadoop, Spark, Scala - Data Engineer",Tata Consultancy Services,Unknown,Not Available,Not Available,"Data Engineering, Hadoop, SCALA, HDFS, Spark, Azure, Hive, Kafka",Data Engineer,Naukri,3 days ago,https://www.naukri.com/job-listings-hadoop-spark-scala-data-engineer-tata-consultancy-services-bengaluru-5-to-10-years-020326027899
Data Engineer,Cisco,Bengaluru,3-8 Yrs,Not Available,"Computer science, Data modeling, RDBMS, Machine learning, Oracle, JIRA, cisco, Information technology",Data Engineer,Naukri,2 days ago,https://www.naukri.com/job-listings-data-engineer-cisco-bengaluru-3-to-8-years-040626502263
Data Engineer,Cognizant,"Hyderabad, Chennai, Bengaluru",6-10 Yrs,6-15 Lacs PA,"pyspark, AWS, Python, Data Engineering, Data",Data Engineer,Naukri,1 day ago,https://www.naukri.com/job-listings-data-engineer-cognizant-hyderabad-chennai-bengaluru-6-to-10-years-050626014904
Data Engineer,Accenture,Hyderabad,2-7 Yrs,Not Available,"Compliance, Azure, Automation, Data Pipelines, Architecture, Data Management, Data Integration, Data Quality",Data Engineer,Naukri,2 days ago,https://www.naukri.com/job-listings-data-engineer-accenture-solutions-pvt-ltd-hyderabad-2-to-7-years-040626918824
Data Engineer,Hexaware Technologies,"Hybrid - Pune, Chennai, Bengaluru",11-18 Yrs,25-32.5 Lacs PA,"Microsoft Fabric, Power Bi, azure, Data, Microsoft, Fabric, Bi, Data Engineering",Data Engineer,Naukri,2 days ago,https://www.naukri.com/job-listings-data-engineer-hexaware-technologies-pune-chennai-bengaluru-11-to-18-years-040626030438
Data Engineers & Architects,Exalans And Hunar Corporate Solutions,"Kochi, Bengaluru, Thiruvananthapuram",7-12 Yrs,10-20 Lacs PA,"Data Engineering, Python, Etl Pipelines, Architecture, ETL, Pipeline, Data architecture, Data",Data Engineer,Naukri,3+ weeks ago,https://www.naukri.com/job-listings-data-engineers-architects-exalans-and-hunar-corporate-solutions-kochi-bengaluru-thiruvananthapuram-7-to-12-years-060526014370
Walk-in || Big Data Engineer,Tata Consultancy Services,Unknown,Not Available,Not Available,"Hive, Hadoop, Big Data, Spark, Cloud, Hdfs, ETL, Data",Data Engineer,Naukri,1 day ago,https://www.naukri.com/job-listings-big-data-engineer-tata-consultancy-services-visakhapatnam-5-to-10-years-050626014895
Data Engineer,Accenture,Bengaluru,3-8 Yrs,Not Available,"Data Engineer, Airflow, Java, Data Engineering, Data Pipelines, Architecture, Programming, Data Integration",Data Engineer,Naukri,2 days ago,https://www.naukri.com/job-listings-data-engineer-accenture-solutions-pvt-ltd-bengaluru-3-to-8-years-040626916780
Manager / Data Engineer-Data Architect,Benovymed Healthcare,New Delhi,3-15 Yrs,Not Available,"C++, Data analysis, Data management, Data modeling, MySQL, Healthcare, Perl, Analytics",Data Engineer,Naukri,3+ weeks ago,https://www.naukri.com/job-listings-manager-data-engineer-data-architect-benovymed-healthcare-new-delhi-3-to-15-years-010525502789
Data Engineer,Capgemini,"Hyderabad, Chennai, Bengaluru",6-13 Yrs,Not Available,"Data Engineering, Data engineer, SQL, Python, Pyspark, Big Data, Data Bricks, Hive",Data Engineer,Naukri,1 day ago,https://www.naukri.com/job-listings-data-engineer-capgemini-hyderabad-chennai-bengaluru-6-to-13-years-050626022322
Big Data Developer/ Big Data Engineer,Tata Consultancy Services,"Chennai, Coimbatore, Bengaluru",8-13 Yrs,Not Available,"Pyspark, Hive, Hadoop, Big Data, Spark, SCALA, Big Data Ecosystem, SQL",Data Engineer,Naukri,5 days ago,https://www.naukri.com/job-listings-big-data-developer-big-data-engineer-tata-consultancy-services-chennai-coimbatore-bengaluru-8-to-13-years-010626025323
Data Engineer,Tata Consultancy Services,"Visakhapatnam, Hyderabad",7-12 Yrs,Not Available,"Pyspark, SparkSQL, Unix, Hive, Data Engineering, Hdfs, SQL, Spark",Data Engineer,Naukri,2 weeks ago,https://www.naukri.com/job-listings-data-engineer-tata-consultancy-services-visakhapatnam-hyderabad-7-to-12-years-210526016244
Data Engineer / Architect,Bahwan CyberTek,Chennai,5-10 Yrs,Not Available,"cd, continuous integration, python, functional, azure data lake, data, workflow, glue",Data Engineer,Naukri,1 week ago,https://www.naukri.com/job-listings-data-engineer-architect-bahwan-cybertek-chennai-5-to-10-years-280526031920
Data Engineer,Rolls-Royce,Bengaluru,6-11 Yrs,Not Available,"Supply chain, MS SQL, Linux, Data management, Data modeling, RDBMS, Agile, microsoft",Data Engineer,Naukri,3 days ago,https://www.naukri.com/job-listings-data-engineer-rolls-royce-india-private-ltd-bengaluru-6-to-11-years-030626502032
Data Engineer,Trigent Software,Hybrid - Bengaluru,5-10 Yrs,14-24 Lacs PA,"GCP Cloud, Python, Software Development, Data Engineering, SQL, Software, Cloud, GCP",Data Engineer,Naukri,4 days ago,https://www.naukri.com/job-listings-data-engineer-trigent-software-bengaluru-5-to-10-years-020626007058
TTT - Data Engineering - Senior Professional,EY,Bengaluru,5-10 Yrs,Not Available,"Data Engineering, Azure, Capital Markets, Compliance, Architecture, Power Bi, Data Warehouse, Programming",Data Engineer,Naukri,1 week ago,https://www.naukri.com/job-listings-ttt-data-engineering-senior-professional-ernst-young-llp-bengaluru-5-to-10-years-260526927112
Data Engineer,Globallogic,"Pune, Chennai, Bengaluru",8-13 Yrs,Not Available,"Data Engineering, Data Modeling, Spark, Advance Sql, Python, SQL, Modeling, Engineering",Data Engineer,Naukri,4 days ago,https://www.naukri.com/job-listings-data-engineer-globallogic-pune-chennai-bengaluru-8-to-13-years-020626009474
Microsoft Fabric Data Engineer,Capgemini,"Hybrid - Hyderabad, Pune, Bengaluru",6-11 Yrs,Not Available,"Microsoft Fabric, Azure Databricks, Python, Azure Data Factory, Pyspark, SQL, Microsoft Azure, Fabric",Data Engineer,Naukri,1 week ago,https://www.naukri.com/job-listings-microsoft-fabric-data-engineer-capgemini-hyderabad-pune-bengaluru-6-to-11-years-300526010553
Senior Data Engineering Professional,DXC Technology,Bengaluru,4-9 Yrs,Not Available,"Performance tuning, Automation, Front end, Coding, Debugging, Agile, Scrum, Oracle",Data Engineer,Naukri,1 week ago,https://www.naukri.com/job-listings-senior-data-engineering-professional-dxc-technology-bengaluru-4-to-9-years-250526502061
Data Engineer,KPMG India,Hybrid - Bengaluru(Bellandur),2-4 Yrs,8-10 Lacs PA,"Azure Databricks, SQL, Azure Data Factory, Pyspark, Data Engineering, Big Data, Data Analytics, AWS",Data Engineer,Naukri,2 weeks ago,https://www.naukri.com/job-listings-data-engineer-kpmg-india-bengaluru-2-to-4-years-180526008935
Data Engineer,TP,Bengaluru,1-4 Yrs,Not Available,"data engineer, hive, python, data analytics, data analysis, scala, pyspark, data warehousing",Data Engineer,Naukri,3+ weeks ago,https://www.naukri.com/job-listings-data-engineer-teleperformance-global-business-private-limited-bengaluru-1-to-4-years-060526931489
"Hadoop, Spark, Scala Data Engineer",Tata Consultancy Services,"Hyderabad, Chennai, Bengaluru",5-7 Yrs,15-22.5 Lacs PA,"Pyspark, Data Engineering, SCALA, Big Data, Python, Hadoop, Spark, Data",Data Engineer,Naukri,3 weeks ago,https://www.naukri.com/job-listings-hadoop-spark-scala-data-engineer-tata-consultancy-services-hyderabad-chennai-bengaluru-5-to-7-years-110526001483
Data Engineer,Accenture,Pune,2-4 Yrs,Not Available,"pyspark, database design, data modeling, design principles, aws, hive, snowflake, python",Data Engineer,Naukri,3 weeks ago,https://www.naukri.com/job-listings-data-engineer-accenture-solutions-pvt-ltd-pune-2-to-4-years-110526915817
Data Engineer,CGI,Hyderabad,7-12 Yrs,Not Available,"data engineer, scala, data warehousing, sql, alerting, lambda, git, data science",Data Engineer,Naukri,3 weeks ago,https://www.naukri.com/job-listings-data-engineer-cgi-information-systems-and-management-consultants-hyderabad-7-to-12-years-140526932949
"Data engineer (Hadoop , Scala , Spark)",Tata Consultancy Services,"Hyderabad, Chennai, Bengaluru",5-7 Yrs,Not Available,"Data Engineering, Hadoop, SCALA, Spark, Data, Engineering",Data Engineer,Naukri,3 weeks ago,https://www.naukri.com/job-listings-data-engineer-hadoop-scala-spark-tata-consultancy-services-hyderabad-chennai-bengaluru-5-to-7-years-110526004532
Data Engineer,Accenture,Navi Mumbai,2-4 Yrs,Not Available,"pyspark, database design, data modeling, design principles, aws, hive, snowflake, python",Data Engineer,Naukri,1 week ago,https://www.naukri.com/job-listings-data-engineer-accenture-solutions-pvt-ltd-navi-mumbai-2-to-4-years-250526919452
Data Engineer,Accenture,Indore,3-8 Yrs,Not Available,"data processing, pyspark, sql, aws, etl process, hive, python, amazon redshift",Data Engineer,Naukri,1 week ago,https://www.naukri.com/job-listings-data-engineer-accenture-solutions-pvt-ltd-indore-3-to-8-years-250526917610
Data Engineer - May 9th Drive - Hyderabad,Tata Consultancy Services,Hyderabad,5-10 Yrs,Not Available,"Azure Data Factory, Azure Synapse, Azure Data Lake, Azure Databricks, Python, Data Engineering, Data Lake, Drives",Data Engineer,Naukri,3 days ago,https://www.naukri.com/job-listings-data-engineer-may-9th-drive-hyderabad-tata-consultancy-services-hyderabad-5-to-10-years-040526014501
D_Technical Lead_ Data Engineer,Allianz,Pune,8-11 Yrs,Not Available,"digital marketing, continuous integration, cd, python, event driven architecture, unit testing, data processing, data warehousing",Data Engineer,Naukri,3+ weeks ago,https://www.naukri.com/job-listings-d-technical-lead-data-engineer-allianz-pune-8-to-11-years-220126504840
Data Engineer - Scala,Capco,Bengaluru,5-8 Yrs,Not Available,"Data management, Db2, Data modeling, SCALA, Consulting, Disaster recovery, Business intelligence, Analytics",Data Engineer,Naukri,3+ weeks ago,https://www.naukri.com/job-listings-data-engineer-scala-capco-technologies-pvt-ltd-bengaluru-5-to-8-years-170426501230
Data Engineer,Hexaware Technologies,Hybrid - Chennai,4-6 Yrs,5-10 Lacs PA,"Snowflake, Python, SQL, Airflow, Pyspark, Data Engineering, Data",Data Engineer,Naukri,5 days ago,https://www.naukri.com/job-listings-data-engineer-hexaware-technologies-chennai-4-to-6-years-010626012844
Data Engineer,Accenture,Bhubaneswar,2-4 Yrs,Not Available,"database design, data modeling, python, data analytics, design principles, hive, scala, data warehousing",Data Engineer,Naukri,5 days ago,https://www.naukri.com/job-listings-data-engineer-accenture-solutions-pvt-ltd-bhubaneswar-2-to-4-years-010626916272
Databricks Data Engineer,Tata Consultancy Services,"Hyderabad, Pune, Bengaluru",4-6 Yrs,Not Available,"Databricks Engineer, Azure Data Factory, Microsoft Fabric, Adf Framework, MS Fabric, Data Bricks, Fabric, Microsoft",Data Engineer,Naukri,2 weeks ago,https://www.naukri.com/job-listings-databricks-data-engineer-tata-consultancy-services-hyderabad-pune-bengaluru-4-to-6-years-220526033989
Data Engineer,Sberbank,Bengaluru,5-15 Yrs,15-40 Lacs PA,"Apache Airflow, Spark, Python, SQL, Pyspark, Luigi, Snowflake, Kafka",Data Engineer,Naukri,3 weeks ago,https://www.naukri.com/job-listings-data-engineer-sberbank-bengaluru-5-to-15-years-140526030964
GCP Data Engineer,Top MNC,"Visakhapatnam, Chennai, Bengaluru",6-11 Yrs,Not Available,"GCP, Data Engineering, Bigquery, Data Flow, Google Cloud Platforms, Cloud Platform, Engineering, Cloud",Data Engineer,Naukri,5 days ago,https://www.naukri.com/job-listings-gcp-data-engineer-careernet-visakhapatnam-chennai-bengaluru-6-to-11-years-010626007538
Data Engineer,Takachar,New Delhi(Alaknanda),5-10 Yrs,Not Available,"Data Engineering, Artificial Intelligence, Ai Solutions, Cloud Platforms, Data Pipeline, Carbon crediting, Machine Learning, Pipeline",Data Engineer,Naukri,2 days ago,https://www.naukri.com/job-listings-data-engineer-takachar-new-delhi-5-to-10-years-301224008514
Data Engineer,Tata Consultancy Services,Kolkata,4-8 Yrs,3-8 Lacs PA,"Data Engineering, Big Data, ETL, Python, SQL, Data Pipeline, GCP, Bigquery",Data Engineer,Naukri,1 week ago,https://www.naukri.com/job-listings-data-engineer-tata-consultancy-services-kolkata-4-to-8-years-260526036603
Data Engineer,Accenture,Gurugram,7-12 Yrs,Not Available,"data modeling, etl, data engineering, cloud data migration, etl process, hive, data warehousing, sql",Data Engineer,Naukri,1 week ago,https://www.naukri.com/job-listings-data-engineer-accenture-solutions-pvt-ltd-gurugram-7-to-12-years-250526917621
Data Engineer,Tata Consultancy Services,Bhubaneswar,4-9 Yrs,Not Available,"Data Engineering, Azure Aws, Kafka, Hdfs, AWS, Hive, GCP, Hadoop",Data Engineer,Naukri,1 week ago,https://www.naukri.com/job-listings-data-engineer-tata-consultancy-services-bhubaneswar-4-to-9-years-260526023820
AI Data Engineer,Tech Mahindra,"Hybrid - Noida, Pune, Bengaluru",7-12 Yrs,Not Available,"Pyspark, Azure, AI Data engineer, Databricks, Python, Gen Ai Data Engineer, Agentic Data Engineer, Data",Data Engineer,Naukri,1 week ago,https://www.naukri.com/job-listings-ai-data-engineer-tech-mahindra-noida-pune-bengaluru-7-to-12-years-260526022094
Data Engineer - 9th May Drive - Bangalore,Tata Consultancy Services,Bengaluru,5-10 Yrs,Not Available,"Azure Data Factory, Azure Data Lake, Azure Databricks, Python, SQL, Data, Data Lake, Drives",Data Engineer,Naukri,3 days ago,https://www.naukri.com/job-listings-data-engineer-9th-may-drive-bangalore-tata-consultancy-services-bengaluru-5-to-10-years-040526013136
Data Engineer,3F Advanced Techno Labs,Visakhapatnam,5-8 Yrs,Not Available,"algorithms, python, data validation, data processing, big data technologies, problem solving, dbms, data pipeline",Data Engineer,Naukri,3+ weeks ago,https://www.naukri.com/job-listings-data-engineer-3f-advanced-techno-labs-pvt-ltd-visakhapatnam-5-to-8-years-271125501162
"IT, Data Engineer",Qualcomm,Bengaluru,3-5 Yrs,Not Available,"data engineer, python, data analytics, oracle, ai, data warehousing, sql server, nosql",Data Engineer,Naukri,1 week ago,https://www.naukri.com/job-listings-it-data-engineer-qualcomm-india-pvt-ltd-bengaluru-3-to-5-years-250526913617
Data Engineer,Hexaware Technologies,"Hybrid - Hyderabad, Chennai, Bengaluru",7-12 Yrs,12-22 Lacs PA,"Snowflake, AWS, Python, Data, Data Engineering",Data Engineer,Naukri,1 week ago,https://www.naukri.com/job-listings-data-engineer-hexaware-technologies-hyderabad-chennai-bengaluru-7-to-12-years-270526020455
Data Engineer,Tata Consultancy Services,"Pune, Bengaluru",8-12 Yrs,Not Available,"Azure Data Factory, Azure Databricks, Azure Data Lake, Python, Data Engineering, Data Lake, Data, Microsoft Azure",Data Engineer,Naukri,1 week ago,https://www.naukri.com/job-listings-data-engineer-tata-consultancy-services-pune-bengaluru-8-to-12-years-270526018965
Data Engineer,Globallogic,Bengaluru,6-10 Yrs,Not Available,"Hive, Langchain, Spark, Data, Data Engineering",Data Engineer,Naukri,1 week ago,https://www.naukri.com/job-listings-data-engineer-globallogic-bengaluru-6-to-10-years-290526011139
Data Engineer (Quantexa),Tata Consultancy Services,"Hyderabad, Pune, Bengaluru",5-10 Yrs,Not Available,"Quantexa, SCALA, Hadoop, Spark, Data Engineering, Data",Data Engineer,Naukri,1 week ago,https://www.naukri.com/job-listings-data-engineer-quantexa-tata-consultancy-services-hyderabad-pune-bengaluru-5-to-10-years-260526037819
"Data Engineer (PySpark, Palantir)",Tata Consultancy Services,Bengaluru,4-9 Yrs,Not Available,"Pyspark, Palantir, Palantir Foundry, Python, Spark, SQL, Foundry, Data Engineering",Data Engineer,Naukri,1 week ago,https://www.naukri.com/job-listings-data-engineer-pyspark-palantir-tata-consultancy-services-bengaluru-4-to-9-years-280526028954
Data Engineer,Airtel,Pune,4-6 Yrs,7-11 Lacs PA,"Unix, airflow, Spark, SQL, Data Engineering, Data",Data Engineer,Naukri,2 weeks ago,https://www.naukri.com/job-listings-data-engineer-airtel-pune-4-to-6-years-210526007659
Data Engineer,Iris Software,"Hybrid - Noida, Pune, Gurugram",6-8 Yrs,Not Available,"Pyspark, Snowflake, Data Bricks, Data Engineering, Python, Engineering, Bricks, Data",Data Engineer,Naukri,3 weeks ago,https://www.naukri.com/job-listings-data-engineer-iris-software-noida-pune-gurugram-6-to-8-years-120526008044
Data Engineer,Ample Technologies,Bengaluru,3-5 Yrs,Not Available,"Performance tuning, security compliance, Automation, Database design, Data modeling, Infrastructure design, Data quality, SQL",Data Engineer,Naukri,1 week ago,https://www.naukri.com/job-listings-data-engineer-ample-technologies-pvt-ltd-bengaluru-3-to-5-years-260526504603
Power BI Data Engineer,eLabs Infotech,"Hybrid - Pune, Bengaluru",7-12 Yrs,Not Available,"Power Bi, Data Engineering, Requirement Gathering, Data Analysis, Data Modeling, SQL, Modeling, Engineering",Data Engineer,Naukri,1 week ago,https://www.naukri.com/job-listings-power-bi-data-engineer-elabs-infotech-pune-bengaluru-7-to-12-years-260526036048
Data Engineer,Accenture,Chennai,2-4 Yrs,Not Available,"pyspark, data engineering, data pipeline architecture, etl, data integration, hive, python, data analysis",Data Engineer,Naukri,3+ weeks ago,https://www.naukri.com/job-listings-data-engineer-accenture-solutions-pvt-ltd-chennai-2-to-4-years-050526939678
"Data Engineer - Python, PySpark, DBT",Tata Consultancy Services,"Pune, Chennai, Bengaluru",5-10 Yrs,Not Available,"Machine Learning, Python, SQL, dbt, pyspark, Data, Data Engineering, Machine",Data Engineer,Naukri,2 weeks ago,https://www.naukri.com/job-listings-data-engineer-python-pyspark-dbt-tata-consultancy-services-pune-chennai-bengaluru-5-to-10-years-200526037111
Hiring Data Engineer - 8 Yrs,2coms,Bengaluru,17-27 Yrs,Not Available,"stack, data, scala, azure data factory, data architecture, t-sql, sql, stored procedures",Data Engineer,Naukri,3 weeks ago,https://www.naukri.com/job-listings-hiring-data-engineer-8-yrs-2coms-bengaluru-17-to-27-years-080526024838
Data Engineer,Ujjivan Small Finance Bank,Bengaluru,3-8 Yrs,Not Available,"Data Engineer, Airflow, Coaching, Kafka, Tableau, Machine Learning, Data Science",Data Engineer,Naukri,5 days ago,https://www.naukri.com/job-listings-data-engineer-ujjivan-financial-services-ltd-bengaluru-3-to-8-years-010626921717
Data Engineer,Synechron,"Hybrid - Gurugram, Chennai, Bengaluru",4-9 Yrs,Not Available,"Java, GCP, Bigquery, Microservices, Python, PySpark, Springboot, Data Proc",Data Engineer,Naukri,3 weeks ago,https://www.naukri.com/job-listings-data-engineer-synechron-gurugram-chennai-bengaluru-4-to-9-years-130526026447
Data Engineer,Capgemini,Bengaluru,2-5 Yrs,Not Available,"data engineer, snowflake, python, scala, maven, databricks, cloud technologies, sql",Data Engineer,Naukri,3 weeks ago,https://www.naukri.com/job-listings-data-engineer-capgemini-technology-services-india-limited-bengaluru-2-to-5-years-120526932353
Data Engineer,Careernet,Bengaluru,5-10 Yrs,Not Available,"Data Engineering, DBT, Data Warehousing, Data, Engineering, Warehouse",Data Engineer,Naukri,3 weeks ago,https://www.naukri.com/job-listings-data-engineer-careernet-bengaluru-5-to-10-years-110526033297
Data Engineer - Ab Initio,Careernet,"Hyderabad, Chennai, Bengaluru",3-8 Yrs,Not Available,"Shell Scripting, ETL, Data Integration, SQL, Performance Testing, Data Warehouse, Scheduling, Abinitio",Data Engineer,Naukri,3+ weeks ago,https://www.naukri.com/job-listings-data-engineer-ab-initio-careernet-hyderabad-chennai-bengaluru-3-to-8-years-060526040242
Data Engineer,Accenture,Nagpur,7-12 Yrs,Not Available,"Data Engineer, Data Pipelines, Data Quality Management, Quality Management, Informatica, Sql, Data Integration, Design",Data Engineer,Naukri,2 days ago,https://www.naukri.com/job-listings-data-engineer-accenture-solutions-pvt-ltd-nagpur-7-to-12-years-040626931065
Data Engineer face To face drive Bangalore/Hyderabad/Chennai,HCLTech,"Hyderabad, Chennai, Bengaluru",5-10 Yrs,Not Available,"GCP, Python, SQL, Bigquery, AWS, Data Engineering, Drives, Data",Data Engineer,Naukri,3+ weeks ago,https://www.naukri.com/job-listings-data-engineer-face-to-face-drive-bangalore-hyderabad-chennai-hcltech-hyderabad-chennai-bengaluru-5-to-10-years-250326016709
Data Engineer,Rockwell Automation,Bengaluru,5-10 Yrs,Not Available,"Computer science, Automation, Data management, Enterprise architecture, Analytical, Agile, Data structures, Customer support",Data Engineer,Naukri,2 weeks ago,https://www.naukri.com/job-listings-data-engineer-rockwell-automation-bengaluru-5-to-10-years-210526507644
AI Data Engineer,Tech Mahindra,"Hybrid - Pune, Bengaluru",10-18 Yrs,Not Available,"Airflow, Data Engineering, AWS, Python, SQL, Pyspark, Aws Glue, Athena",Data Engineer,Naukri,2 weeks ago,https://www.naukri.com/job-listings-ai-data-engineer-tech-mahindra-pune-bengaluru-10-to-18-years-190526027672
Data Engineer,Infosys,Bengaluru,5-9 Yrs,Not Available,"data engineer, python, software development, microsoft technologies, ai, operating systems, system design",Data Engineer,Naukri,3 weeks ago,https://www.naukri.com/job-listings-data-engineer-infosys-limited-bengaluru-5-to-9-years-130526940583
PySpark Data Engineer,Tata Consultancy Services,"Pune, Chennai, Bengaluru",5-10 Yrs,Not Available,"Pyspark, Spark, AWS, Python, Data Engineering, Data",Data Engineer,Naukri,3 weeks ago,https://www.naukri.com/job-listings-pyspark-data-engineer-tata-consultancy-services-pune-chennai-bengaluru-5-to-10-years-130526011339
Data Engineer,Capgemini,"Hybrid - Pune, Chennai, Bengaluru",8-13 Yrs,Not Available,"Data Build Tool, Snowflake, Data Warehousing, Build, Warehouse, Build Automation, Tools, Data Engineering",Data Engineer,Naukri,5 days ago,https://www.naukri.com/job-listings-data-engineer-capgemini-pune-chennai-bengaluru-8-to-13-years-130126015500
Data engineer- Spark scala,Tata Consultancy Services,"Pune, Chennai, Bengaluru",7-12 Yrs,15-30 Lacs PA,"SCALA, Spark, Data Engineering, Engineering, Data",Data Engineer,Naukri,3 weeks ago,https://www.naukri.com/job-listings-data-engineer-spark-scala-tata-consultancy-services-pune-chennai-bengaluru-7-to-12-years-120526006236
Data Engineer,Deloitte US-India Offices,"Gurugram, Chennai, Bengaluru",3-6 Yrs,Not Available,"Data Engineering, Hadoop, Big Data, Data Modeling, Machine Learning, AWS, Python, Modeling",Data Engineer,Naukri,3 weeks ago,https://www.naukri.com/job-listings-data-engineer-deloitte-consulting-gurugram-chennai-bengaluru-3-to-6-years-120526004857
Data Engineer - PySpark,Barclays,Bengaluru,1-6 Yrs,Not Available,"NoSQL, orchestration, Senior Analyst, Analytical, Machine learning, PLSQL, Ab Initio, JSON",Data Engineer,Naukri,1 week ago,https://www.naukri.com/job-listings-data-engineer-pyspark-barclays-shared-services-bengaluru-1-to-6-years-280526504082
Data Engineer,Xerox Business Solutions Southeast,Kolkata,4-9 Yrs,Not Available,"Computer science, Data modeling, Machine learning, OLAP, Business intelligence, Distribution system, Monitoring, Financial services",Data Engineer,Naukri,3+ weeks ago,https://www.naukri.com/job-listings-data-engineer-xerox-business-solutions-southeast-kolkata-4-to-9-years-280426502044
Data Engineer - Databricks,Tata Consultancy Services,Chennai,5-10 Yrs,Not Available,"Data Bricks, Data, Data Engineering, Bricks",Data Engineer,Naukri,1 week ago,https://www.naukri.com/job-listings-data-engineer-databricks-tata-consultancy-services-chennai-5-to-10-years-260526036964
Data Engineer,Accenture,Mumbai,7-10 Yrs,Not Available,"data engineer, kubernetes, rest, github, data pipelines, react, database technologies, data engineering",Data Engineer,Naukri,1 week ago,https://www.naukri.com/job-listings-data-engineer-accenture-solutions-pvt-ltd-mumbai-7-to-10-years-250526919341
Data Engineer,Ratna Global,India,7-12 Yrs,Not Available,"Terraform, Kafka, AWS, Airflow, Data Engineering, Snowflake, Machine Learning, Python",Data Engineer,Naukri,2 weeks ago,https://www.naukri.com/job-listings-data-engineer-ratna-global-india-7-to-12-years-200326007984
Databricks - Data Engineer,Tredence,"Hybrid - Pune, Gurugram, Bengaluru",5-9 Yrs,Not Available,"Pyspark, Databricks Engineer, SQL, AWS, Python, Data Engineering, Data Bricks, Data",Data Engineer,Naukri,2 weeks ago,https://www.naukri.com/job-listings-databricks-data-engineer-tredence-pune-gurugram-bengaluru-5-to-9-years-190526030633
Data Engineer,Stefanini,Hybrid - Pune,5-10 Yrs,Not Available,"Data Engineering, Schema, Databricks Engineer, Data Governance, Python, SCALA, AWS, SQL",Data Engineer,Naukri,2 weeks ago,https://www.naukri.com/job-listings-data-engineer-stefanini-pune-5-to-10-years-190526021510
Data Engineer,Cyient,"Hyderabad, Bengaluru",5-7 Yrs,Not Available,"Data Engineering, Generative Ai, AI, streaming data platforms, Lakehouse Architecture, Kafka, Databricks, Data Architecture",Data Engineer,Naukri,2 weeks ago,https://www.naukri.com/job-listings-data-engineer-cyient-hyderabad-bengaluru-5-to-7-years-180526013606
Data Engineer,Careernet,Remote,6-9 Yrs,Not Available,"azure databricks, power bi, pyspark, azure data factory, sql, python, github, ado/jira",Data Engineer,Naukri,3+ weeks ago,https://www.naukri.com/job-listings-data-engineer-careernet-bengaluru-6-to-9-years-050526025835
Apache NiFi Data Engineer,Tata Consultancy Services,"Hyderabad, Chennai, Bengaluru",8-10 Yrs,Not Available,"Apache Nifi, Cloudera, Kafka, Apache, Data, Data Engineering",Data Engineer,Naukri,3+ weeks ago,https://www.naukri.com/job-listings-apache-nifi-data-engineer-tata-consultancy-services-hyderabad-chennai-bengaluru-8-to-10-years-050526010287
BI Developer- Data Engineer,Tata Consultancy Services,"Pune, Chennai, Bengaluru",6-10 Yrs,Not Available,"T-SQL, Power Bi, SSAS, Dax, Data Modeling, Microsoft Technology Ecosystem, GIT, Visual Studio",Data Engineer,Naukri,2 weeks ago,https://www.naukri.com/job-listings-bi-developer-data-engineer-tata-consultancy-services-pune-chennai-bengaluru-6-to-10-years-050426004042
Data Engineer,Tech Mahindra,Pune,6-10 Yrs,6-26 Lacs PA,"Etl Pipelines, Pyspark, Databricks, SQL, ETL, Pipeline, Data Engineering, Data Bricks",Data Engineer,Naukri,2 days ago,https://www.naukri.com/job-listings-data-engineer-tech-mahindra-pune-6-to-10-years-040626022346
Engineer - Data Engineering,SLK Software,Bengaluru,5-11 Yrs,Not Available,"RCA, Data analysis, Data modeling, Reconciliation, Problem management, power bi, JIRA, Monitoring",Data Engineer,Naukri,4 days ago,https://www.naukri.com/job-listings-engineer-data-engineering-slk-software-services-private-limited-bengaluru-5-to-11-years-020626502885
Google Data Engineer,Tata Consultancy Services,"Hyderabad, Chennai, Bengaluru",3-5 Yrs,3-7.5 Lacs PA,"Data Engineering, Data Warehousing, ETL, SQL, NoSQL, Terraform, Data Pipeline, Bigquery",Data Engineer,Naukri,2 weeks ago,https://www.naukri.com/job-listings-google-data-engineer-tata-consultancy-services-hyderabad-chennai-bengaluru-3-to-5-years-020526006037
Data engineer,Adobe,Bengaluru,9-14 Yrs,Not Available,"Computer science, Adobe Acrobat, Backend, Architecture, Machine learning, Javascript, Data quality, Adobe",Data Engineer,Naukri,3+ weeks ago,https://www.naukri.com/job-listings-data-engineer-adobe-systems-india-pvt-ltd-bengaluru-9-to-14-years-270326503690
Data Engineer,Nielsen Sports,Bengaluru,2-5 Yrs,Not Available,"Operational excellence, Linux, spark, Social media, Cloud, Application development, Scrum, AWS",Data Engineer,Naukri,3+ weeks ago,https://www.naukri.com/job-listings-data-engineer-nielsen-sports-bengaluru-2-to-5-years-160426502150
Geospatial Data Engineer,Larsen & Toubro (L&T),Bengaluru,5-10 Yrs,Not Available,"Azure Data Factory, Geospatial analytics, Postgresql, Qgis, Python, cloud data, FME, Analytics",Data Engineer,Naukri,3 weeks ago,https://www.naukri.com/job-listings-geospatial-data-engineer-larsen-toubro-l-t-bengaluru-5-to-10-years-110526005484
Data Engineer,Apple,Bengaluru,3-8 Yrs,Not Available,"Procurement, Supply chain, Performance tuning, Global sourcing, metadata, Data modeling, Data quality, Business strategy",Data Engineer,Naukri,3+ weeks ago,https://www.naukri.com/job-listings-data-engineer-apple-india-pvt-ltd-bengaluru-3-to-8-years-030426506566
AI/Machine Learning Engineer,Apple,Bengaluru,4-9 Yrs,Not Available,"Training, analytics reporting, deep learning, Retail, data services, data science, Machine learning, Infrastructure",Machine Learning Engineer,Naukri,3+ weeks ago,https://www.naukri.com/job-listings-ai-machine-learning-engineer-apple-india-pvt-ltd-bengaluru-4-to-9-years-200326500889
"Staff Engineer, Machine Learning, Gen AI",Nagarro,"Hybrid - Bengaluru, Mumbai (All Areas)",5-8 Yrs,Not Available,"Generative Ai, Retrieval Augmented Generation, Machine Learning, Gen, Generation, Machine, Artificial Intelligence",Machine Learning Engineer,Naukri,3 days ago,https://www.naukri.com/job-listings-staff-engineer-machine-learning-gen-ai-nagarro-bengaluru-mumbai-all-areas-5-to-8-years-080126020675
"Machine Learning Engineer, Apple Intelligence",Apple,Bengaluru,4-12 Yrs,Not Available,"Training, Product engineering, Focus, Machine learning, Architectural design, Programming, Deployment, Natural language processing",Machine Learning Engineer,Naukri,3+ weeks ago,https://www.naukri.com/job-listings-machine-learning-engineer-apple-intelligence-apple-india-pvt-ltd-bengaluru-4-to-12-years-130226502590
Machine Learning Physical Design Engineer,Google,Bengaluru,4-9 Yrs,Not Available,"Logistic regression, Chip design, Neural networks, Artificial Intelligence, CAD, Machine learning, Physical verification, Data structures",Machine Learning Engineer,Naukri,3+ weeks ago,https://www.naukri.com/job-listings-machine-learning-physical-design-engineer-google-india-private-limited-bengaluru-4-to-9-years-090725503781
Associate Machine Learning Engineer,Cleartrip,Nagercoil,0-2 Yrs,Not Available,"GIT, Machine learning, Data collection, Programming, Data structures, Deployment, Application development, Business applications",Machine Learning Engineer,Naukri,2 days ago,https://www.naukri.com/job-listings-associate-machine-learning-engineer-cleartrip-private-limited-nagercoil-0-to-2-years-040626501194
Machine Learning Engineer,Ltimindtree,"Hybrid - Kolkata, Hyderabad, Bengaluru",6-11 Yrs,Not Available,"Machine Learning, Artificial Intelligence, Ml, Intelligence, Machine",Machine Learning Engineer,Naukri,2 days ago,https://www.naukri.com/job-listings-machine-learning-engineer-ltimindtree-kolkata-hyderabad-bengaluru-6-to-11-years-040626015631
AI and Machine Learning Engineer,Hewlett Packard Enterprise,Bengaluru,4-7 Yrs,Not Available,"TCP, Automation, Data analysis, Data management, Social media, Debugging, Business intelligence, Python",Machine Learning Engineer,Naukri,2 days ago,https://www.naukri.com/job-listings-ai-and-machine-learning-engineer-hewlett-packard-enterprise-bengaluru-4-to-7-years-040626503217
Machine Learning Engineer-Digital Twin,Capgemini,Chennai,2-5 Yrs,Not Available,"Machine Learning, Tensorflow, Generative Ai, Use Cases, Feature Engineering, Ai, Simulation Tools, Forecasting",Machine Learning Engineer,Naukri,4 days ago,https://www.naukri.com/job-listings-machine-learning-engineer-digital-twin-capgemini-technology-services-india-limited-chennai-2-to-5-years-020626924821
Artificial Intelligence Engineer & Machine Learning Engineer,Wappnet Systems,Ahmedabad,3-8 Yrs,Not Available,"Automation, Manager Quality Assurance, Prototype, GCP, Analytical, Machine learning, Outsourcing, SQL",Machine Learning Engineer,Naukri,3 days ago,https://www.naukri.com/job-listings-artificial-intelligence-engineer-machine-learning-engineer-wappnet-systems-ahmedabad-3-to-8-years-030626502500
Artificial Intelligence / Machine Learning Engineer Lead,FIS,Bengaluru,10-15 Yrs,Not Available,"Machine Learning, Tensorflow, Azure, Compliance, Artificial Intelligence, Ai, Redis, Restful",Machine Learning Engineer,Naukri,2 days ago,https://www.naukri.com/job-listings-artificial-intelligence-machine-learning-engineer-lead-fis-global-business-solutions-india-pvt-ltd-bengaluru-10-to-15-years-040626927382
Machine Learning Engineer(Computer Vision),Sarvayana Sansar Industries,Hybrid - Bengaluru,2-7 Yrs,7-10 Lacs PA,"YOLO v5 v7 v8, Computer Vision, Tensorflow, Label Studio, Horovod, PyTorch DDP, X3D, AUROC",Machine Learning Engineer,Naukri,2 days ago,https://www.naukri.com/job-listings-machine-learning-engineer-computer-vision-sarvayana-sansar-industries-bengaluru-2-to-7-years-040626010535
Machine Learning Engineer ( RAG & Generative AI),Experis,"Hyderabad, Pune, Bengaluru",5-10 Yrs,Not Available,"LLM, SQL, Vector Database, RAG, Python, Retrieval, Azure, Generative AI",Machine Learning Engineer,Naukri,1 day ago,https://www.naukri.com/job-listings-machine-learning-engineer-rag-generative-ai-experis-hyderabad-pune-bengaluru-5-to-10-years-040626018929
Machine Learning Engineer,LanceSof,Bengaluru,3-4 Yrs,7-10 Lacs PA,"Pytorch, Tensorflow, Azure Ai, Machine Learning, Python, Langchain, Microsoft Azure, Artificial Intelligence",Machine Learning Engineer,Naukri,5 days ago,https://www.naukri.com/job-listings-machine-learning-engineer-lancesoft-bengaluru-3-to-4-years-010626002643
"Machine Learning Engineer,AIML Engineer,Data Scientist,MI Engineer",Burgeon IT Services,"Hybrid - Hyderabad, Chennai, Bengaluru",7-12 Yrs,13-23 Lacs PA,"LLMs, Machine Learning, Deep Learning, Large Language Model, Python, Tensorflow, Pyspark, Cnn",Machine Learning Engineer,Naukri,1 week ago,https://www.naukri.com/job-listings-machine-learning-engineer-aiml-engineer-data-scientist-mi-engineer-burgeon-it-services-hyderabad-chennai-bengaluru-7-to-12-years-260526017004
Artificial Intelligence and Machine Learning Engineer (R&D),Litmus7 Systems Consulting,Thiruvananthapuram,2-6 Yrs,Not Available,"Artificial Intelligence, Machine Learning, Cnn, Rnn, Large Language Model, Natural Language Processing, Neural Networks, Reinforcement Learning",Machine Learning Engineer,Naukri,3 days ago,https://www.naukri.com/job-listings-artificial-intelligence-and-machine-learning-engineer-r-d-litmus7-systems-consulting-thiruvananthapuram-2-to-6-years-030626029306
Principal Machine Learning Engineer,Red Hat,Bengaluru,2-6 Yrs,Not Available,"Machine Learning, Open Source, Red Hat, Data Structures, Ai, Pytorch, Design",Machine Learning Engineer,Naukri,1 week ago,https://www.naukri.com/job-listings-principal-machine-learning-engineer-red-hat-india-pvt-ltd-bengaluru-2-to-6-years-290526921019
Machine Learning Engineer,Wabtec,Bengaluru,2-7 Yrs,Not Available,"llm, python, github, data analysis, natural language processing, freight, ai, machine learning",Machine Learning Engineer,Naukri,2 weeks ago,https://www.naukri.com/job-listings-machine-learning-engineer-wabtec-india-industrial-private-limited-bengaluru-2-to-7-years-220526918669
"Principal Machine Learning Engineer, Document AI Data",Abbyy,Bengaluru,10-15 Yrs,Not Available,"Training, Automation, Diversity and Inclusion, Machine learning, Technical leadership, Wellness, Technical Lead, Data quality",Machine Learning Engineer,Naukri,1 week ago,https://www.naukri.com/job-listings-principal-machine-learning-engineer-document-ai-data-abbyy-bengaluru-10-to-15-years-250526502972
"Principal Machine Learning Engineer-AgenticAI, GenAi/LLM",Red Hat,Bengaluru,5-10 Yrs,Not Available,"Llm, Golang, Airflow, Tensorflow, Compliance, Alerting, Feature Engineering, Sre",Machine Learning Engineer,Naukri,1 week ago,https://www.naukri.com/job-listings-principal-machine-learning-engineer-agenticai-genai-llm-red-hat-india-pvt-ltd-bengaluru-5-to-10-years-290526921020
AI Engineer / Machine Learning Engineer,Katbotz Llc,Remote,2-7 Yrs,Not Available,Not Available,Machine Learning Engineer,Naukri,3 days ago,https://www.naukri.com/job-listings-ai-engineer-machine-learning-engineer-katbotz-llc-remote-2-to-7-years-030626505293
Machine Learning Engineer,Valuelabs,Hyderabad,3-7 Yrs,10-20 Lacs PA,"Pytorch, Tensorflow, Xgboost, Artificial Intelligence, Natural Language Processing, Machine Learning, Deep Learning, Scikit-Learn",Machine Learning Engineer,Naukri,2 days ago,https://www.naukri.com/job-listings-machine-learning-engineer-valuelabs-hyderabad-3-to-7-years-030626034363
Walk-in || Machine Learning Engineer,Tata Consultancy Services,Unknown,Not Available,22.5-32.5 Lacs PA,Not Available,Machine Learning Engineer,Naukri,1 day ago,https://www.naukri.com/job-listings-machine-learning-engineer-tata-consultancy-services-delhi-ncr-5-to-10-years-050626017486
Machine Learning Engineer - Mid Level,Cleartrip Private Limited,Nagercoil,3-6 Yrs,Not Available,Not Available,Machine Learning Engineer,Naukri,2 weeks ago,https://www.naukri.com/job-listings-200526500658
Machine Learning Engineer,Earnin,Bengaluru,3-8 Yrs,Not Available,Not Available,Machine Learning Engineer,Naukri,2 days ago,https://www.naukri.com/job-listings-machine-learning-engineer-earnin-bengaluru-3-to-8-years-040626502853
Staff Machine Learning Engineer,Earnin,Bengaluru,5-10 Yrs,Not Available,Not Available,Machine Learning Engineer,Naukri,2 days ago,https://www.naukri.com/job-listings-staff-machine-learning-engineer-earnin-bengaluru-5-to-10-years-040626501910
Machine Learning Engineer,Leading Global IT Service and Consulting Organisation,Bengaluru,6-10 Yrs,Not Available,Not Available,Machine Learning Engineer,Naukri,1 day ago,https://www.naukri.com/job-listings-machine-learning-engineer-anlage-infotech-bengaluru-6-to-10-years-251125028466
Machine Learning Engineer,Iris Software,"Hybrid - Noida, Pune, Chennai",5-8 Yrs,Not Available,Not Available,Machine Learning Engineer,Naukri,5 days ago,https://www.naukri.com/job-listings-machine-learning-engineer-iris-software-noida-pune-chennai-5-to-8-years-291025013347
Machine Learning Engineer,Datatobiz,Remote,5-8 Yrs,Not Available,"Machine Learning, Python, Tensorflow, Airflow, Gen AI, flaskAPI, Generative Ai, Natural Language Processing",Machine Learning Engineer,Naukri,3 days ago,https://www.naukri.com/job-listings-machine-learning-engineer-datatobiz-mohali-5-to-8-years-111125034314
Machine Learning Engineer,Jforce Solutions,Mumbai,3-8 Yrs,Not Available,"Computer science, Training, Usage, data science, Artificial Intelligence, Machine learning, Deployment, Natural language processing",Machine Learning Engineer,Naukri,4 days ago,https://www.naukri.com/job-listings-machine-learning-engineer-jforce-solutions-mumbai-3-to-8-years-020626501543
Machine Learning Engineer,Wipro,Bengaluru,6-10 Yrs,15-35 Lacs PA,Not Available,Machine Learning Engineer,Naukri,3 days ago,https://www.naukri.com/job-listings-machine-learning-engineer-naukri-e-hire-campaign-bengaluru-6-to-10-years-030626019643
Machine Learning Engineer,Consulting Firm,"Hybrid - Hyderabad, Pune, Bengaluru",5-10 Yrs,15-30 Lacs PA,"Machine Learning, Tensorflow, Artificial Intelligence, Natural Language Processing, Aiml, Machine Learning Algorithms, Deep Learning, Python",Machine Learning Engineer,Naukri,5 days ago,https://www.naukri.com/job-listings-machine-learning-engineer-anlage-infotech-hyderabad-pune-bengaluru-5-to-10-years-300526000009
Machine Learning Engineer,Evoke HR Solution,"Hybrid - Noida, Pune, Bengaluru",7-12 Yrs,15-30 Lacs PA,Not Available,Machine Learning Engineer,Naukri,1 week ago,https://www.naukri.com/job-listings-machine-learning-engineer-evoke-hr-noida-pune-bengaluru-7-to-12-years-250526034279
Machine Learning Engineer,Leading Client,Hyderabad,5-10 Yrs,Not Available,"Machine Learning, Ml Engineer, Airflow, Tensorflow, Azure, Ai Solutions, Ai, Product Analytics",Machine Learning Engineer,Naukri,1 week ago,https://www.naukri.com/job-listings-machine-learning-engineer-tekskills-india-private-limited-hyderabad-5-to-10-years-290526914833
Machine Learning/Gen Ai Engineer,Nisum,Hybrid - Hyderabad,8-10 Yrs,20-35 Lacs PA,Not Available,Machine Learning Engineer,Naukri,2 days ago,https://www.naukri.com/job-listings-machine-learning-gen-ai-engineer-nisum-hyderabad-8-to-10-years-020226011131
Machine Learning Engineer,Big 4 Accounting Firms,"Hybrid - Bhubaneswar, Indore, Bengaluru",3-8 Yrs,18-22.5 Lacs PA,"Machine Learning, Tensorflow, Artificial Intelligence, Machine Learning Algorithms, Python, Intelligence, Algorithms, Machine",Machine Learning Engineer,Naukri,1 week ago,https://www.naukri.com/job-listings-machine-learning-engineer-anlage-infotech-bhubaneswar-indore-bengaluru-3-to-8-years-190526012430
Machine Learning Engineer/Data Scientist,Innowise,Pune,2-7 Yrs,Not Available,Not Available,Machine Learning Engineer,Naukri,3 weeks ago,https://www.naukri.com/job-listings-machine-learning-engineer-data-scientist-innowise-pune-2-to-7-years-130526502491
Machine Learning Engineer,Cloudxtreme,"Hyderabad, Chennai, Bengaluru",4-9 Yrs,Not Available,"Machine Learning, Artificial Intelligence, Cloud, Python, Machine, Intelligence",Machine Learning Engineer,Naukri,1 week ago,https://www.naukri.com/job-listings-machine-learning-engineer-cloudxtreme-hyderabad-chennai-bengaluru-4-to-9-years-080426030935
Machine Learning Engineer,Wipro,Hybrid - Bengaluru,6-10 Yrs,15-30 Lacs PA,Not Available,Machine Learning Engineer,Naukri,1 week ago,https://www.naukri.com/job-listings-machine-learning-engineer-wroots-global-bengaluru-6-to-10-years-260526031480
Machine Learning Engineer (ML / DL / GenAI),CapeStart,"Nagercoil, Chennai",1-5 Yrs,Not Available,Not Available,Machine Learning Engineer,Naukri,1 week ago,https://www.naukri.com/job-listings-machine-learning-engineer-ml-dl-genai-capestart-nagercoil-chennai-1-to-5-years-260526027904
Urgent Hiring For Machine Learning Engineer MLOps-Azure,Pracyva Consulting Services,Hybrid - Bengaluru,5-10 Yrs,15-22.5 Lacs PA,"AZURE, M LOPS, MLOpsAzure, Machine Learning, Python, Data Science, Artificial Intelligence, Deep Learning",Machine Learning Engineer,Naukri,1 week ago,https://www.naukri.com/job-listings-urgent-hiring-for-machine-learning-engineer-mlops-azure-pracyva-consulting-services-bengaluru-5-to-10-years-250526011306
ADAS Data Science & Machine Learning Engineer,ZF,Hyderabad,3-6 Yrs,Not Available,Not Available,Machine Learning Engineer,Naukri,5 days ago,https://www.naukri.com/job-listings-adas-data-science-machine-learning-engineer-zf-india-private-limited-hyderabad-3-to-6-years-010626922564
Machine Learning Engineer/ AI Engineer,TEM Association,"Bengaluru, Mumbai (All Areas)",2-6 Yrs,Not Available,Not Available,Machine Learning Engineer,Naukri,1 week ago,https://www.naukri.com/job-listings-machine-learning-engineer-ai-engineer-tem-association-bengaluru-mumbai-all-areas-2-to-6-years-240526003218
Machine Learning Engineer,Siemens,Bengaluru,2-5 Yrs,Not Available,Not Available,Machine Learning Engineer,Naukri,5 days ago,https://www.naukri.com/job-listings-machine-learning-engineer-siemens-limited-bengaluru-2-to-5-years-010626921098
Machine Learning Engineer,Bytebillion,Indore,4-7 Yrs,Not Available,Not Available,Machine Learning Engineer,Naukri,1 week ago,https://www.naukri.com/job-listings-machine-learning-engineer-bytebillion-indore-4-to-7-years-260526505741
Machine Learning Engineer,Xebia It Architects,Hybrid - Bengaluru,7-12 Yrs,Not Available,Not Available,Machine Learning Engineer,Naukri,1 week ago,https://www.naukri.com/job-listings-machine-learning-engineer-xebia-it-architects-bengaluru-7-to-12-years-260526038237
Principal Machine Learning Engineer,Amgen Inc,Hyderabad,12-17 Yrs,Not Available,Not Available,Machine Learning Engineer,Naukri,1 week ago,https://www.naukri.com/job-listings-principal-machine-learning-engineer-amgen-inc-hyderabad-12-to-17-years-250526935339
Machine Learning Engineer (ML / DL / GenAI),Cleartrip,"Nagercoil, Chennai",1-4 Yrs,Not Available,"Computer vision, deep learning, GCP, Machine learning, Data processing, Open source, Apache, Monitoring",Machine Learning Engineer,Naukri,3 days ago,https://www.naukri.com/job-listings-machine-learning-engineer-ml-dl-genai-cleartrip-private-limited-nagercoil-chennai-1-to-4-years-030626502125
Machine Learning Engineer- LLM & Systems Focus,RK HR MANAGEMENT,Mumbai,3-5 Yrs,7-10 Lacs PA,"MLOps, Docker, Machine learning Engineer, SLMs, LLM, PyTorch, ALML, Containerization",Machine Learning Engineer,Naukri,Today,https://www.naukri.com/job-listings-machine-learning-engineer-llm-systems-focus-rk-hr-management-mumbai-3-to-5-years-060626003412
Machine Learning Engineer,TAC Security,Mumbai,2-7 Yrs,Not Available,"SAN, deep learning, Artificial Intelligence, MySQL, Machine learning, Data analytics, data visualization, Vulnerability management",Machine Learning Engineer,Naukri,1 week ago,https://www.naukri.com/job-listings-machine-learning-engineer-tac-security-mumbai-2-to-7-years-220623500177
Machine Learning Engineer,Visa Consolidated Support Services India,Hybrid - Bengaluru,5-10 Yrs,Not Available,"machine learning, mlops, python, data pipelines, scala, cloud migration, data processing, data architecture",Machine Learning Engineer,Naukri,3 days ago,https://www.naukri.com/job-listings-machine-learning-engineer-visa-consolidated-support-services-india-pvt-ltd-bengaluru-5-to-10-years-030626928278
Machine Learning Engineer,Cloudxtreme,"Hybrid - Bhubaneswar, Mumbai, Indore",4-9 Yrs,Not Available,"Artificial Intelligence, Cloud, Machine Learning, Python, Intelligence, Machine",Machine Learning Engineer,Naukri,1 week ago,https://www.naukri.com/job-listings-machine-learning-engineer-cloudxtreme-bhubaneswar-mumbai-indore-4-to-9-years-080426030938
AI Engineer | Python | AI Agents | Machine Learning,E Edge Technology Pvt. Ltd.,Remote,0-5 Yrs,2-6 Lacs PA,"ai, Machine Learning, Fullstack Development, Data Processing, Python, Tensorflow, Langchain, Artificial Intelligence",Machine Learning Engineer,Naukri,2 weeks ago,https://www.naukri.com/job-listings-ai-engineer-python-ai-agents-machine-learning-e-edge-technology-pvt-ltd-ahmedabad-0-to-5-years-230526003405
Machine learning engineer with Gen Ai,Service Industry,"Hybrid - Bhubaneswar, Indore, Coimbatore",3-6 Yrs,Not Available,"Machine Learning, Gen Ai, Generative Ai, Ai Techniques, Artificial Intelligence, Ai Solutions, Natural Language Processing, AI",Machine Learning Engineer,Naukri,1 week ago,https://www.naukri.com/job-listings-machine-learning-engineer-with-gen-ai-anlage-infotech-bhubaneswar-indore-coimbatore-3-to-6-years-290526024525
Robotics Machine Learning Engineer,Deccan Ai,Remote,0-3 Yrs,Not Available,"Machine Learning, Robotics Application, Artificial Intelligence, Advanced Analytics, Statistical Modeling, Modeling, Intelligence, Robotics",Machine Learning Engineer,Naukri,1 week ago,https://www.naukri.com/job-listings-robotics-machine-learning-engineer-deccan-ai-india-0-to-3-years-280526012243
"Engineer Lead, Artificial Intelligence / Machine Learning",FIS,Pune,10-15 Yrs,Not Available,"data scientist, python, forecasting, ai, numpy, machine learning, artificial intelligence, nosql",Machine Learning Engineer,Naukri,1 week ago,https://www.naukri.com/job-listings-engineer-lead-artificial-intelligence-machine-learning-fis-global-business-solutions-india-pvt-ltd-pune-10-to-15-years-250526917122
Machine Learning Engineer,YO It Consulting,Noida,4-6 Yrs,Not Available,"machine learning, time series analysis, python, natural language processing, neural networks, databricks, numpy, artificial intelligence",Machine Learning Engineer,Naukri,1 week ago,https://www.naukri.com/job-listings-machine-learning-engineer-yo-it-consulting-noida-4-to-6-years-250526929766
"Engineer Lead , Artificial Intelligence / Machine Learning",FIS,Pune,10-15 Yrs,Not Available,"Artificial Intelligence, Machine learning, python, llm, redis, pandas, tensorflow, restful apis",Machine Learning Engineer,Naukri,1 week ago,https://www.naukri.com/job-listings-engineer-lead-artificial-intelligence-machine-learning-fis-global-business-solutions-india-pvt-ltd-pune-10-to-15-years-250526917119
"Engineer Lead, Artificial Intelligence / Machine Learning (GitHub",FIS,Pune,8-13 Yrs,Not Available,"github, python, restful, ai, machine learning, llm, artificial intelligence, redis",Machine Learning Engineer,Naukri,1 week ago,https://www.naukri.com/job-listings-engineer-lead-artificial-intelligence-machine-learning-github-fis-global-business-solutions-india-pvt-ltd-pune-8-to-13-years-250526917126
Staff Machine Learning Engineer,Xoom,"Chennai, Bengaluru",8-13 Yrs,Not Available,"Computer science, Automation, Analytical, risk modeling, Healthcare, Data processing, Data quality, Analytics",Machine Learning Engineer,Naukri,4 days ago,https://www.naukri.com/job-listings-staff-machine-learning-engineer-xoom-inc-chennai-bengaluru-8-to-13-years-020626502628
Machine Learning Engineer - 6-10 yr - Hyderabad,Tata Consultancy Services,Hyderabad,6-10 Yrs,Not Available,"Machine Learning, Python, sacal, java, model training, Ml Algorithms, model optimization, Ml",Machine Learning Engineer,Naukri,6 days ago,https://www.naukri.com/job-listings-machine-learning-engineer-6-10-yr-hyderabad-tata-consultancy-services-hyderabad-6-to-10-years-310526003909
Machine Learning Engineer 3,Adobe,Noida,5-10 Yrs,Not Available,"Computer science, Cloud computing, Automation, Networking, Shell scripting, Disaster recovery, Machine learning, Scheduling",Machine Learning Engineer,Naukri,5 days ago,https://www.naukri.com/job-listings-machine-learning-engineer-3-adobe-systems-india-pvt-ltd-noida-5-to-10-years-010626504023
AI/Machine Learning Engineer,Oddball,Remote,2-5 Yrs,Not Available,"HR Representative, Automation, Machine learning, Cloud, Legal, Agile, Investigation, Natural language processing",Machine Learning Engineer,Naukri,1 week ago,https://www.naukri.com/job-listings-ai-machine-learning-engineer-oddball-remote-2-to-5-years-290526506913
Machine Learning Engineer,Persistent,Pune,6-11 Yrs,Not Available,"Any Cloud, MLOps, ML, Machine learning, Cloud, Machine",Machine Learning Engineer,Naukri,1 week ago,https://www.naukri.com/job-listings-machine-learning-engineer-persistent-pune-6-to-11-years-300526013154
Machine Learning Engineer,Alstom,Bengaluru,4-8 Yrs,Not Available,"Machine Learning, Airflow, Tensorflow, Ai, Kafka, Devops, Data Science",Machine Learning Engineer,Naukri,3 weeks ago,https://www.naukri.com/job-listings-machine-learning-engineer-alstom-transport-india-ltd-bengaluru-4-to-8-years-110526929270
Machine Learning Engineer,Kiana Ai,Kochi,2-5 Yrs,Not Available,"Training, Artificial Intelligence, Consulting, Machine learning, Cloud, Deployment, Statistics, Monitoring",Machine Learning Engineer,Naukri,3+ weeks ago,https://www.naukri.com/job-listings-machine-learning-engineer-kiana-ai-kochi-2-to-5-years-180226501150
Associate Machine Learning Engineer,Amgen Inc,Hyderabad,2-6 Yrs,Not Available,"Machine Learning, Automation, Process Automation, Compliance, Architecture, Software Architecture, Feature Engineering, Customer Feedback",Machine Learning Engineer,Naukri,2 weeks ago,https://www.naukri.com/job-listings-associate-machine-learning-engineer-amgen-inc-hyderabad-2-to-6-years-180526914527
Associate Director - Machine Learning Engineer,S&P Global Market Intelligence,Hyderabad,10-15 Yrs,Not Available,"machine learning, kubernetes, sql, microservices, docker, data science, spark, apache spark",Machine Learning Engineer,Naukri,3+ weeks ago,https://www.naukri.com/job-listings-associate-director-machine-learning-engineer-s-p-capital-iq-india-pvt-ltd-hyderabad-10-to-15-years-050526933077
Machine Learning Engineer,Nova Techset,Pune,2-4 Yrs,Not Available,"Large Language Model, Cnn, Opencv, Computer Vision, Machine Learning, Languages, Large, Computer",Machine Learning Engineer,Naukri,4 days ago,https://www.naukri.com/job-listings-machine-learning-engineer-nova-techset-pune-2-to-4-years-020626025246
Artificial Intelligence & Machine Learning Engineer,Clicflyer,Gurugram,3-7 Yrs,Not Available,"Artificial Intelligence, Business Intelligence, OpenCV, Django, Computer Vision, Machine Learning, Deep Learning, Numpy",Machine Learning Engineer,Naukri,2 weeks ago,https://www.naukri.com/job-listings-artificial-intelligence-machine-learning-engineer-clicflyer-gurugram-3-to-7-years-220526919122
Machine Learning Engineer,Leading Client fo MountUp Enterprises,Ludhiana,5-7 Yrs,10-15 Lacs PA,"Artificial Intelligence, Python, NaturalLanguageProcessing, andComputerVision., PyTorch, ML development, generative AI, Scikit-learn",Machine Learning Engineer,Naukri,1 week ago,https://www.naukri.com/job-listings-machine-learning-engineer-mountup-enterprises-ludhiana-5-to-7-years-260526009166
Machine Learning Engineer -II,Mavq,Hyderabad,2-4 Yrs,Not Available,"Engineer II, Training, Computer science, Loop, Architect, Usage, Machine learning, Deployment",Machine Learning Engineer,Naukri,1 week ago,https://www.naukri.com/job-listings-machine-learning-engineer-ii-mavq-hyderabad-2-to-4-years-250526501385
Machine Learning Engineer - II,Navi Technologies,Bengaluru,2-5 Yrs,Not Available,"Java, Backend, Machine Learning, Python, SQL, IIS, Machine",Machine Learning Engineer,Naukri,4 days ago,https://www.naukri.com/job-listings-machine-learning-engineer-ii-navi-technologies-bengaluru-2-to-5-years-020626019861
Machine Learning Engineer,Sparix Global,Noida,4-9 Yrs,Not Available,"Version control, control testing, System integration, Architectural design, Machine learning, Distribution system, Performance monitoring, deployment lead",Machine Learning Engineer,Naukri,1 week ago,https://www.naukri.com/job-listings-machine-learning-engineer-sparix-global-private-limited-noida-4-to-9-years-260526503034
Artificial Intelligence / Machine Learning Engineer,Healthcoco,Nagpur,1-6 Yrs,Not Available,"Computer science, Image processing, Artificial Intelligence, Machine learning, Infrastructure, Healthcare, Deployment, data visualization",Machine Learning Engineer,Naukri,3+ weeks ago,https://www.naukri.com/job-listings-artificial-intelligence-machine-learning-engineer-healthcoco-nagpur-1-to-6-years-311218501243
Artificial Intelligence/Machine Learning Engineer,Sisl Infotech,New Delhi,2-7 Yrs,Not Available,"algorithms, c++, python, natural language processing, solution development, problem solving, data pipeline, machine learning",Machine Learning Engineer,Naukri,3+ weeks ago,https://www.naukri.com/job-listings-artificial-intelligence-machine-learning-engineer-sisl-infotech-pvt-ltd-new-delhi-2-to-7-years-061125506389
Machine Learning Engineer,Siemens Healthcare,Bengaluru,2-5 Yrs,Not Available,"deep learning, Data modeling, Time series analysis, Machine learning, Reliability engineering, Predictive modeling, Troubleshooting, Monitoring",Machine Learning Engineer,Naukri,1 week ago,https://www.naukri.com/job-listings-machine-learning-engineer-siemens-healthcare-bengaluru-2-to-5-years-250526501438
Machine Learning Operations (ML Ops) Engineer,Ltimindtree,India,4-9 Yrs,Not Available,"MLOps, Machine Learning, Azure Cloud, GCP, Microsoft Flow, Ci/Cd, SAGE, Databricks Engineer",Machine Learning Engineer,Naukri,1 day ago,https://www.naukri.com/job-listings-machine-learning-operations-ml-ops-engineer-ltimindtree-india-4-to-9-years-050626021639
Machine Learning Engineer (Python),Route Mobile (RML),Bengaluru,2-5 Yrs,10-20 Lacs PA,"Machine Learning, Pytorch, Python, Machine",Machine Learning Engineer,Naukri,1 day ago,https://www.naukri.com/job-listings-machine-learning-engineer-python-route-mobile-rml-bengaluru-2-to-5-years-050626025723
Expert Artificial Intelligence/Machine Learning Engineer,Ciklum,Remote,5-10 Yrs,Not Available,"Ai Platform, Python, SQL, Intelligence, Artificial Intelligence, Machine, Machine learning",Machine Learning Engineer,Naukri,3 weeks ago,https://www.naukri.com/job-listings-expert-artificial-intelligence-machine-learning-engineer-ciklum-chennai-5-to-10-years-110526013006
Machine Learning Engineer,Diligentminds Consulting,Bengaluru,5-9 Yrs,18-36 Lacs PA,"Pyspark, Statistical Modeling, Machine Learning, Predictive Modeling, Xgboost, Natural Language Processing, Analytics, Python",Machine Learning Engineer,Naukri,Few hours ago,https://www.naukri.com/job-listings-machine-learning-engineer-diligentminds-consulting-bengaluru-5-to-9-years-060626006042
Machine Learning Engineer \/ Data Scientist,Datamaze Solutions,Hyderabad,3-5 Yrs,Not Available,"Computer science, Computer vision, data science, Time series analysis, Analytical, Machine learning, HTML, Natural language processing",Machine Learning Engineer,Naukri,3+ weeks ago,https://www.naukri.com/job-listings-machine-learning-engineer-data-scientist-datamaze-solutions-hyderabad-3-to-5-years-200126507531
Machine Learning Engineer,Tata Consultancy Services(TCS),Bengaluru,4-6 Yrs,4-8 Lacs PA,"Pytorch, Tensorflow, GPU Computing, ROCm, Onnx, C++, Linux, Python",Machine Learning Engineer,Naukri,Today,https://www.naukri.com/job-listings-machine-learning-engineer-six-sigma-soft-solutions-bengaluru-4-to-6-years-060626004441
Artificial Intelligence / Machine Learning Engineer,Impronics Technologies,Noida,2-6 Yrs,Not Available,"Data analysis, Version control, Machine learning, Agile, Data processing, Data mining, Business solutions, SQL",Machine Learning Engineer,Naukri,3+ weeks ago,https://www.naukri.com/job-listings-artificial-intelligence-machine-learning-engineer-impronics-technologies-noida-2-to-6-years-110325503774
Expert Artificial Intelligence/Machine Learning Engineer,Ciklum,"Hybrid - Pune, Chennai",5-9 Yrs,Not Available,"AI Platform, Data Science, ML Engineering, AI Engineering, Machine learning, Machine, Science, Engineering",Machine Learning Engineer,Naukri,3 weeks ago,https://www.naukri.com/job-listings-expert-artificial-intelligence-machine-learning-engineer-ciklum-pune-chennai-5-to-9-years-130526018040
Machine Learning Engineer / Data Scientist,Sinergia Media Labs,Kanayannur,5-10 Yrs,Not Available,"SAP, Neural networks, Machine learning, Application development, Open source, Forecasting, Sharepoint, Analytics",Machine Learning Engineer,Naukri,3+ weeks ago,https://www.naukri.com/job-listings-machine-learning-engineer-data-scientist-sinergia-media-labs-llp-kanayannur-5-to-10-years-270126505127
Artificial Intelligence and Machine Learning Engineer III,Liquidnitro,Hyderabad,6-11 Yrs,Not Available,"Automation, Artificial Intelligence, Machine learning, Engineering Manager, Data processing, Open source, Analytics, Python",Machine Learning Engineer,Naukri,3+ weeks ago,https://www.naukri.com/job-listings-artificial-intelligence-and-machine-learning-engineer-iii-liquidnitro-hyderabad-6-to-11-years-130126507143
Machine Learning Engineer Agentic,Krazymantra It Solutions,Bengaluru,5-10 Yrs,Not Available,"Computer science, Electrical engineering, C++, data science, Coding, Focus, Machine learning, big data",Machine Learning Engineer,Naukri,1 week ago,https://www.naukri.com/job-listings-machine-learning-engineer-agentic-krazymantra-it-solutions-bengaluru-5-to-10-years-260526503474
Machine Learning Ops Engineer,Cloudaeon,Hybrid - Pune(Magarpatta),5-10 Yrs,10-20 Lacs PA,"ML operations, Azure Machine Learning, Machine Learning, Python, Kubernetes, Docker, Artificial Intelligence, LLMOps",Machine Learning Engineer,Naukri,1 week ago,https://www.naukri.com/job-listings-machine-learning-ops-engineer-cloudaeon-pune-5-to-10-years-230526010529
Machine Learning Engineer,Tekskills.Inc,Hybrid - Bengaluru,8-13 Yrs,Not Available,"Tensorflow, python, GIT, Machine Learning Operations, Kubernetes, Pytorch, MLOps, Terraform",Machine Learning Engineer,Naukri,1 week ago,https://www.naukri.com/job-listings-machine-learning-engineer-tekskills-bengaluru-8-to-13-years-290526919811
Machine Learning Engineer,Luxoft,Hybrid - Hyderabad,5-10 Yrs,Not Available,"Tensorflow, Pytorch, Artificial Intelligence, Machine Learning, Python, Intelligence, Machine",Machine Learning Engineer,Naukri,2 weeks ago,https://www.naukri.com/job-listings-machine-learning-engineer-luxoft-hyderabad-5-to-10-years-200526044504
Data Scientist / Machine Learning Engineer Gen AI & LLM,Databricks,Bengaluru,3-7 Yrs,Not Available,"tensorflow, scikit-learn, gcp, pytorch, microsoft azure, aws, machine learning, Artificial Intelligence",Machine Learning Engineer,Naukri,3+ weeks ago,https://www.naukri.com/job-listings-data-scientist-machine-learning-engineer-gen-ai-llm-databricks-bengaluru-3-to-7-years-180325503453
Machine Learning Engineer 5,Adobe,Noida,7-12 Yrs,Not Available,"Adobe Acrobat, orchestration, Illustrator, Machine learning, Photoshop, Resource management, Continuous improvement, Adobe",Machine Learning Engineer,Naukri,3 weeks ago,https://www.naukri.com/job-listings-machine-learning-engineer-5-adobe-systems-india-pvt-ltd-noida-7-to-12-years-110526504745
Machine Learning Engineer,Emperen Technologies,Gurugram,5-10 Yrs,Not Available,"machine learning, kubernetes, python, airflow, ai, numpy, docker, reinforcement learning",Machine Learning Engineer,Naukri,2 weeks ago,https://www.naukri.com/job-listings-machine-learning-engineer-emperen-technologies-gurugram-5-to-10-years-200526916977
Machine Learning Engineer,Emperen Technologies,Hyderabad,5-10 Yrs,Not Available,"machine learning, kubernetes, python, airflow, ai, numpy, docker, reinforcement learning",Machine Learning Engineer,Naukri,2 weeks ago,https://www.naukri.com/job-listings-machine-learning-engineer-emperen-technologies-hyderabad-5-to-10-years-200526916990
Machine Learning Engineer,Emperen Technologies,New Delhi,5-10 Yrs,Not Available,"machine learning, kubernetes, python, airflow, ai, numpy, docker, reinforcement learning",Machine Learning Engineer,Naukri,2 weeks ago,https://www.naukri.com/job-listings-machine-learning-engineer-emperen-technologies-new-delhi-5-to-10-years-200526916970
Machine Learning Engineer,Emperen Technologies,Mumbai,5-10 Yrs,Not Available,"machine learning, kubernetes, python, airflow, ai, numpy, docker, reinforcement learning",Machine Learning Engineer,Naukri,2 weeks ago,https://www.naukri.com/job-listings-machine-learning-engineer-emperen-technologies-mumbai-5-to-10-years-200526916966
Machine Learning Engineer,Emperen Technologies,Pune,5-10 Yrs,Not Available,"machine learning, kubernetes, python, airflow, ai, numpy, docker, reinforcement learning",Machine Learning Engineer,Naukri,2 weeks ago,https://www.naukri.com/job-listings-machine-learning-engineer-emperen-technologies-pune-5-to-10-years-200526917004
Machine Learning Engineer,Emperen Technologies,Chennai,5-10 Yrs,Not Available,"machine learning, kubernetes, python, airflow, ai, numpy, docker, reinforcement learning",Machine Learning Engineer,Naukri,2 weeks ago,https://www.naukri.com/job-listings-machine-learning-engineer-emperen-technologies-chennai-5-to-10-years-200526916992
Machine Learning Engineer,Emperen Technologies,Noida,5-10 Yrs,Not Available,"machine learning, kubernetes, python, airflow, ai, numpy, docker, reinforcement learning",Machine Learning Engineer,Naukri,2 weeks ago,https://www.naukri.com/job-listings-machine-learning-engineer-emperen-technologies-noida-5-to-10-years-200526916973
Machine Learning Engineer,Emperen Technologies,Jaipur,5-10 Yrs,Not Available,"machine learning, kubernetes, python, airflow, ai, numpy, docker, reinforcement learning",Machine Learning Engineer,Naukri,2 weeks ago,https://www.naukri.com/job-listings-machine-learning-engineer-emperen-technologies-jaipur-5-to-10-years-200526917025
Machine Learning Engineer,Emperen Technologies,Surat,5-10 Yrs,Not Available,"machine learning, kubernetes, python, airflow, ai, numpy, docker, reinforcement learning",Machine Learning Engineer,Naukri,2 weeks ago,https://www.naukri.com/job-listings-machine-learning-engineer-emperen-technologies-surat-5-to-10-years-200526917019
Machine Learning Engineer,Emperen Technologies,Kolkata,5-10 Yrs,Not Available,"machine learning, kubernetes, python, airflow, ai, numpy, docker, reinforcement learning",Machine Learning Engineer,Naukri,2 weeks ago,https://www.naukri.com/job-listings-machine-learning-engineer-emperen-technologies-kolkata-5-to-10-years-200526916997
Machine Learning Engineer,Emperen Technologies,Kanpur,5-10 Yrs,Not Available,"machine learning, kubernetes, python, airflow, ai, numpy, docker, reinforcement learning",Machine Learning Engineer,Naukri,2 weeks ago,https://www.naukri.com/job-listings-machine-learning-engineer-emperen-technologies-kanpur-5-to-10-years-200526917034
Machine Learning Engineer,Emperen Technologies,Lucknow,5-10 Yrs,Not Available,"machine learning, kubernetes, python, airflow, ai, numpy, docker, reinforcement learning",Machine Learning Engineer,Naukri,2 weeks ago,https://www.naukri.com/job-listings-machine-learning-engineer-emperen-technologies-lucknow-5-to-10-years-200526917032
Machine Learning Engineer,Emperen Technologies,Ahmedabad,5-10 Yrs,Not Available,"machine learning, kubernetes, python, airflow, ai, numpy, docker, reinforcement learning",Machine Learning Engineer,Naukri,2 weeks ago,https://www.naukri.com/job-listings-machine-learning-engineer-emperen-technologies-ahmedabad-5-to-10-years-200526917014
AI (Machine Learning) Engineer,Agilysys Technologies India,Chennai,7-8 Yrs,Not Available,"Machine Learning, LLM, Deep Learning, Python, Machine, Engineering, Artificial Intelligence",Machine Learning Engineer,Naukri,3 weeks ago,https://www.naukri.com/job-listings-ai-machine-learning-engineer-agilysys-technologies-india-chennai-7-to-8-years-130526041459
Machine Learning Engineer,Emperen Technologies,Nagpur,5-10 Yrs,Not Available,"machine learning, kubernetes, python, airflow, ai, numpy, docker, reinforcement learning",Machine Learning Engineer,Naukri,2 weeks ago,https://www.naukri.com/job-listings-machine-learning-engineer-emperen-technologies-nagpur-5-to-10-years-210526923781
Machine Learning Engineer,Micro1,"Kolkata, Mumbai, New Delhi, Hyderabad, Pune, Chennai, Bengaluru",2-5 Yrs,Not Available,"machine learning algorithms, machine learning, aws, mongodb, artificial intelligence, communication skills, ml, Machine",Machine Learning Engineer,Naukri,3+ weeks ago,https://www.naukri.com/job-listings-machine-learning-engineer-micro1-kolkata-mumbai-new-delhi-hyderabad-pune-chennai-bengaluru-2-to-5-years-260425503417
Machine learning Engineer,Zero2ai,Bengaluru,9-14 Yrs,Not Available,"Skill development, Networking, data science, Quantitative research, Artificial Intelligence, Machine learning, Wellness, big data",Machine Learning Engineer,Naukri,3+ weeks ago,https://www.naukri.com/job-listings-machine-learning-engineer-zero2ai-bengaluru-9-to-14-years-250725502669
Machine Learning Engineer,Telloquent,Bengaluru,2-5 Yrs,Not Available,"algorithms, python, modeling, natural language processing, neural networks, data pipeline, machine learning, artificial intelligence",Machine Learning Engineer,Naukri,3+ weeks ago,https://www.naukri.com/job-listings-machine-learning-engineer-telloquent-solutions-bengaluru-2-to-5-years-221125501533
Machine Learning Engineer,Clifyx Technology,Bengaluru,7-9 Yrs,Not Available,"python, cnn, natural language processing, scikit-learn, neural networks, numpy, machine learning, artificial intelligence",Machine Learning Engineer,Naukri,3+ weeks ago,https://www.naukri.com/job-listings-machine-learning-engineer-clifyx-technology-bengaluru-7-to-9-years-170225503987
Machine Learning Engineer,Aidaptive,"Kolkata, Mumbai, New Delhi, Hyderabad, Pune, Chennai, Bengaluru",2-5 Yrs,Not Available,"Computer science, Computer vision, deep learning, Artificial Intelligence, Machine learning, Deployment, Natural language processing, Management",Machine Learning Engineer,Naukri,3+ weeks ago,https://www.naukri.com/job-listings-machine-learning-engineer-aidaptive-kolkata-mumbai-new-delhi-hyderabad-pune-chennai-bengaluru-2-to-5-years-090224500861
AI & Machine Learning Engineer,Artpark,Bengaluru,2-5 Yrs,Not Available,"Computer vision, deep learning, Usage, Machine learning, Signal processing, Manufacturing operations, Operations, Robotics",Machine Learning Engineer,Naukri,3+ weeks ago,https://www.naukri.com/job-listings-ai-machine-learning-engineer-artpark-bengaluru-2-to-5-years-071125503300
Machine Learning and Data Engineer,Krazymantra It Solutions,Gurugram,5-8 Yrs,Not Available,"spark, Machine learning, Infrastructure, Data warehousing, Python, Data Engineering, Machine, Data",Machine Learning Engineer,Naukri,1 week ago,https://www.naukri.com/job-listings-machine-learning-and-data-engineer-krazymantra-it-solutions-gurugram-5-to-8-years-260526505703
Associate Machine Learning Data Engineer,Blueoptima,Bengaluru,2-7 Yrs,Not Available,"Computer science, Coding, Postgresql, Artificial Intelligence, System integration, Machine learning, Workflow, Windows",Machine Learning Engineer,Naukri,3 weeks ago,https://www.naukri.com/job-listings-associate-machine-learning-data-engineer-blueoptima-bengaluru-2-to-7-years-120526501265
"Machine Learning Compiler Engineer, Silicon",Google,Bengaluru,2-7 Yrs,Not Available,"C++, Networking, Artificial Intelligence, Machine learning, Data structures, System design, Information retrieval, Silicon",Machine Learning Engineer,Naukri,3+ weeks ago,https://www.naukri.com/job-listings-machine-learning-compiler-engineer-silicon-google-india-private-limited-bengaluru-2-to-7-years-090725503779
AI / Machine Learning Engineer,Edhitch,New Delhi,1-5 Yrs,Not Available,"Data analysis, Statistical modeling, data science, Machine learning, Programming, Python, Statistics, Data",Machine Learning Engineer,Naukri,3+ weeks ago,https://www.naukri.com/job-listings-ai-machine-learning-engineer-edhitch-com-new-delhi-1-to-5-years-191124505953
Machine Learning Engineer (AI ML),360DigiTMG,Hyderabad,5-9 Yrs,Not Available,"Computer science, Computer vision, GIT, GCP, Neural networks, Machine learning, Predictive modeling, Revenue generation",Machine Learning Engineer,Naukri,3+ weeks ago,https://www.naukri.com/job-listings-machine-learning-engineer-ai-ml-360digitmg-hyderabad-5-to-9-years-260825501474
Job openings For Applied Machine Learning Engineer,Growthaxl Technologies,Hyderabad,8-13 Yrs,Not Available,"Machine Learning, Predictive Analytics, Artificial Intelligence, Machine, Application, Predictive, Intelligence, Analytics",Machine Learning Engineer,Naukri,3 weeks ago,https://www.naukri.com/job-listings-openings-for-applied-machine-learning-engineer-growthaxl-technologies-hyderabad-8-to-13-years-120526030622
Machine Learning Engineer - 5,Adobe,Bengaluru,3-8 Yrs,Not Available,"Computer science, Performance tuning, Automation, metadata, Machine learning, Agile, Adobe, Ruby",Machine Learning Engineer,Naukri,3 weeks ago,https://www.naukri.com/job-listings-machine-learning-engineer-5-adobe-systems-india-pvt-ltd-bengaluru-3-to-8-years-130526502568
AI/ML Machine Learning Engineer,Velox Solutions,Mumbai,4-6 Yrs,Not Available,"python, natural language processing, scikit-learn, elk, anomaly detection, siem, machine learning, artificial intelligence",Machine Learning Engineer,Naukri,3+ weeks ago,https://www.naukri.com/job-listings-ai-ml-machine-learning-engineer-velox-solutions-pvt-ltd-mumbai-4-to-6-years-090226502916
Applied AI - Machine Learning Engineer,Amgen Inc,Hyderabad,5-9 Yrs,Not Available,"Machine Learning, Tensorflow, Biotechnology, Automation, Compliance, Architecture, Use Cases, Feature Engineering",Machine Learning Engineer,Naukri,3 weeks ago,https://www.naukri.com/job-listings-applied-ai-machine-learning-engineer-amgen-inc-hyderabad-5-to-9-years-120526933294
Machine Learning Engineer,"RiverLog Software, Consulting & Advisory Services",Chennai,2-7 Yrs,Not Available,"algorithms, cuda, deploying models, natural language processing, anaconda, problem solving, machine learning, artificial intelligence",Machine Learning Engineer,Naukri,3+ weeks ago,https://www.naukri.com/job-listings-machine-learning-engineer-riverlog-software-consulting-advisory-services-chennai-2-to-7-years-270625500032
Staff Machine Learning Engineer,Bloomreach Technologies,Bengaluru,8-13 Yrs,Not Available,"Computer science, Data analysis, Debugging, Communication Coach, Data mining, Gaming, Financial services, SQL",Machine Learning Engineer,Naukri,3+ weeks ago,https://www.naukri.com/job-listings-staff-machine-learning-engineer-bloomreach-inc-bengaluru-8-to-13-years-070426502655
Machine Learning Engineer,Thriving Springs,Hyderabad,3-4 Yrs,Not Available,"Computer science, Health insurance, Artificial Intelligence, Machine learning, Hypothesis Testing, Data quality, data visualization, Open source",Machine Learning Engineer,Naukri,3+ weeks ago,https://www.naukri.com/job-listings-machine-learning-engineer-thriving-springs-inc-hyderabad-3-to-4-years-231123500075
Staff Machine Learning Engineer,Zendesk,Bengaluru,8-13 Yrs,Not Available,"Computer science, Automation, Backend, GCP, Machine learning, System design, Customer experience, Customer service",Machine Learning Engineer,Naukri,3+ weeks ago,https://www.naukri.com/job-listings-staff-machine-learning-engineer-zendesk-bengaluru-8-to-13-years-130326503120
Data Analytics & Machine Learning Engineer,Artpark,Bengaluru,2-6 Yrs,Not Available,"ERP, Analytical, Machine learning, Data processing, Sensors, Operations, Robotics, Analytics",Machine Learning Engineer,Naukri,3+ weeks ago,https://www.naukri.com/job-listings-data-analytics-machine-learning-engineer-artpark-bengaluru-2-to-6-years-071125500055
Machine Learning Engineers,Inavan,Kochi,2-4 Yrs,Not Available,"Computer vision, deep learning, Web application development, Image processing, Neural networks, Artificial Intelligence, Machine learning, Signal processing",Machine Learning Engineer,Naukri,3+ weeks ago,https://www.naukri.com/job-listings-machine-learning-engineers-inavan-limited-kochi-2-to-4-years-260522500637
AI Machine Learning Engineer,Sanfoundry,Remote,2-5 Yrs,Not Available,"Computer vision, Scalability, Time series analysis, Network analysis, Demand forecasting, Social media, Machine learning, Fashion designing",Machine Learning Engineer,Naukri,3+ weeks ago,https://www.naukri.com/job-listings-ai-machine-learning-engineer-sanfoundry-remote-2-to-5-years-100326504056
Machine Learning Engineer (Speech) - AI,Level Ai,Remote,3-7 Yrs,Not Available,"ASR, Linux, Transcription, Enterprise applications, Machine learning, Agile, Information retrieval, Silicon",Machine Learning Engineer,Naukri,3+ weeks ago,https://www.naukri.com/job-listings-machine-learning-engineer-speech-ai-level-ai-remote-3-to-7-years-281123501423
Machine Learning Engineer,Praudyo Solutions Private Limited.,New Delhi,2-5 Yrs,Not Available,"data science, Artificial Intelligence, Machine learning, Programming, Statistics, Intelligence, Science, Program",Machine Learning Engineer,Naukri,3+ weeks ago,https://www.naukri.com/job-listings-machine-learning-engineer-praudyo-solutions-private-limited-new-delhi-2-to-5-years-190224501723
Machine Learning Engineer (Computer Vision),Codefeast Enterprises,"Chennai(Pallavaram), Coimbatore",5-10 Yrs,20-35 Lacs PA,"Computer Vision, Machine Learning, Python, Pytorch, Tensorflow, Object Detection, Generative Ai, Opencv",Machine Learning Engineer,Naukri,2 weeks ago,https://www.naukri.com/job-listings-machine-learning-engineer-computer-vision-codefeast-enterprises-chennai-coimbatore-5-to-10-years-310326037237
AI/Machine Learning Engineer,Cks Global Ventures,Pune,2-6 Yrs,Not Available,"Analytical skills, Computer vision, deep learning, 3D modeling, Image processing, Analytical, Machine learning, Algorithm development",Machine Learning Engineer,Naukri,3+ weeks ago,https://www.naukri.com/job-listings-ai-machine-learning-engineer-assetone-pune-2-to-6-years-300126501695
Machine Learning Engineer,Axonotics,Bhubaneswar,2-5 Yrs,Not Available,"python, natural language processing, scikit-learn, neural networks, machine learning, artificial intelligence, text analytics, deep learning",Machine Learning Engineer,Naukri,3+ weeks ago,https://www.naukri.com/job-listings-machine-learning-engineer-axonotics-private-limited-bhubaneswar-2-to-5-years-200625500634
Machine Learning Engineer,Level Ai,Noida,2-7 Yrs,Not Available,"Computer science, Artificial Intelligence, Machine learning, Data structures, Silicon, Open source, Data mining, Monitoring",Machine Learning Engineer,Naukri,3+ weeks ago,https://www.naukri.com/job-listings-machine-learning-engineer-level-ai-noida-2-to-7-years-041125502230
Staff Machine Learning Engineer (L4),Twilio,Remote,7-12 Yrs,Not Available,"deep learning, Product engineering, Coding, Artificial Intelligence, Machine learning, Agile, Healthcare, Monitoring",Machine Learning Engineer,Naukri,3+ weeks ago,https://www.naukri.com/job-listings-staff-machine-learning-engineer-l4-twilio-remote-7-to-12-years-220126503570
Machine Learning Engineer,Mavq,Hyderabad,1-6 Yrs,Not Available,"Automation, Prototype, Artificial Intelligence, Machine learning, Log analysis, Deployment, Mentor, Management",Machine Learning Engineer,Naukri,3+ weeks ago,https://www.naukri.com/job-listings-machine-learning-engineer-mavq-hyderabad-1-to-6-years-050925501658
Machine Learning Engineer,Chingari,Bengaluru,0-2 Yrs,Not Available,"Computer science, deep learning, Coding, Machine learning, Programming, Data structures, Mentor",Machine Learning Engineer,Naukri,3+ weeks ago,https://www.naukri.com/job-listings-machine-learning-engineer-chingari-bengaluru-0-to-2-years-280123500461
Machine Learning Engineer,Data Collection Infotech,Bengaluru,2-5 Yrs,Not Available,"Computer vision, deep learning, Image processing, Machine learning, Algorithm development, Data processing, Data analytics, Mathematics",Machine Learning Engineer,Naukri,3+ weeks ago,https://www.naukri.com/job-listings-machine-learning-engineer-data-collection-infotech-india-private-limited-bengaluru-2-to-5-years-310723500136
Machine Learning Engineer,Experis,Hyderabad,7-12 Yrs,Not Available,"PyTorch, MLOps, Llama, Docker, Python, Azure, Hugging Face, GPT",Machine Learning Engineer,Naukri,2 weeks ago,https://www.naukri.com/job-listings-machine-learning-engineer-experis-hyderabad-7-to-12-years-080526010491
Machine Learning Engineer,9nexus,Mumbai,5-10 Yrs,Not Available,"PDF, Neural networks, Analytical, Artificial Intelligence, Machine learning, VAT, NDA, Outsourcing",Machine Learning Engineer,Naukri,3+ weeks ago,https://www.naukri.com/job-listings-machine-learning-engineer-9nexus-mumbai-5-to-10-years-050525501512
Machine Learning Engineer,Tata Consultancy Services,"Hyderabad, Chennai, Bengaluru",5-10 Yrs,3-8 Lacs PA,"Machine Learning, Aws Sagemaker, Data Modeling, AWS, Python, Airflow, Tensorflow, Scikit-Learn",Machine Learning Engineer,Naukri,3 weeks ago,https://www.naukri.com/job-listings-machine-learning-engineer-tata-consultancy-services-hyderabad-chennai-bengaluru-5-to-10-years-120526038503
Machine Learning Engineer (Mid-Level),Aerobotics7,"Kolkata, Mumbai, New Delhi, Hyderabad, Pune, Chennai, Bengaluru",2-4 Yrs,Not Available,"Computer vision, Career development, C++, Coding, GCP, Machine learning, high performance computing, Monitoring",Machine Learning Engineer,Naukri,3+ weeks ago,https://www.naukri.com/job-listings-machine-learning-engineer-mid-level-aerobotics7-kolkata-mumbai-new-delhi-hyderabad-pune-chennai-bengaluru-2-to-4-years-240725503279
Machine Learning Engineer,Sarvam,Bengaluru,2-6 Yrs,Not Available,"Training, PDF, Manager Quality Assurance, Coding, Focus, Infrastructure, Research, Open source",Machine Learning Engineer,Naukri,3+ weeks ago,https://www.naukri.com/job-listings-machine-learning-engineer-sarvam-bengaluru-2-to-6-years-200326503033
Machine learning and AI Engineer,Megdap Innovation Labs,Pune,2-5 Yrs,Not Available,"Computer science, C++, GIT, Linux, Image processing, Machine learning, Perl, Open source",Machine Learning Engineer,Naukri,3+ weeks ago,https://www.naukri.com/job-listings-machine-learning-and-ai-engineer-megdap-innovation-labs-private-limited-pune-2-to-5-years-300519501027
AI/ Machine Learning Engineers/ Leads/ Architects/ Mngrs- Fortune 500,Fortune 500 IT MNC,"Hybrid - Hyderabad, Pune, Gurugram, Chennai, Bengaluru, Mumbai (All Areas)",5-10 Yrs,20-35 Lacs PA,"Machine Learning, Ml Engineer, Gen AI, AI ML, NLP, Artificial Intelligence, computer vision, ML Architect",Machine Learning Engineer,Naukri,2 weeks ago,https://www.naukri.com/job-listings-ai-machine-learning-engineers-leads-architects-mngrs-fortune-500-mukul-consultants-hyderabad-pune-gurugram-chennai-bengaluru-mumbai-all-areas-5-to-10-years-191225002614
"Manager, Machine Learning Engineer",Warner Bros. Discovery,Bengaluru,12-15 Yrs,Not Available,"ASR, Computer vision, GCP, Data modeling, Architectural design, Machine learning, Distribution system, Release management",Machine Learning Engineer,Naukri,3+ weeks ago,https://www.naukri.com/job-listings-manager-machine-learning-engineer-warner-bros-discovery-bengaluru-12-to-15-years-210426501284
Principal Machine Learning Engineer,Revenera,Bengaluru,10-15 Yrs,Not Available,"Computer science, Automation, Operational excellence, Machine learning, Cloud, Infrastructure, Open source, Analytics",Machine Learning Engineer,Naukri,2 weeks ago,https://www.naukri.com/job-listings-principal-machine-learning-engineer-revenera-bengaluru-10-to-15-years-200526503947
Principal Machine Learning Engineer,Flexera Software,Bengaluru,10-15 Yrs,Not Available,"Procurement, Computer science, Automation, Operational excellence, Machine learning, Cloud, Infrastructure, Cost optimization",Machine Learning Engineer,Naukri,2 weeks ago,https://www.naukri.com/job-listings-principal-machine-learning-engineer-flexera-software-bengaluru-10-to-15-years-200526503016
Principal Machine Learning Engineer,Mr. Cooper Group,Bengaluru,1-2 Yrs,Not Available,"Data analysis, Scalability, Machine learning, Deployment, Mentor, Research, Management, Information technology",Machine Learning Engineer,Naukri,3+ weeks ago,https://www.naukri.com/job-listings-principal-machine-learning-engineer-mr-cooper-group-bengaluru-1-to-2-years-170426500229
Machine Learning Engineer,Kintellect Partners Llp,Bengaluru,8-13 Yrs,Not Available,"Training, deep learning, Coding, Neural networks, Debugging, Machine learning, Data collection, Manager Technology",Machine Learning Engineer,Naukri,3+ weeks ago,https://www.naukri.com/job-listings-machine-learning-engineer-kintellect-partners-llp-bengaluru-8-to-13-years-090426500556
Staff Machine Learning Engineer - Recommendation Systems,Glance,Bengaluru,10-15 Yrs,Not Available,"Computer science, Telecom, Operations research, Product engineering, Machine learning, Gaming, Analytics, Monitoring",Machine Learning Engineer,Naukri,3+ weeks ago,https://www.naukri.com/job-listings-staff-machine-learning-engineer-recommendation-systems-glance-it-solution-bengaluru-10-to-15-years-090126503500
Machine Learning Engineer III - Recommendation System,Glance,Bengaluru,5-10 Yrs,Not Available,"Telecom, Accessories, Analytical, Machine learning, Open source, Project delivery, Gaming, Python",Machine Learning Engineer,Naukri,3+ weeks ago,https://www.naukri.com/job-listings-machine-learning-engineer-iii-recommendation-system-glance-it-solution-bengaluru-5-to-10-years-020326502689
Data Engineer-Machine Learning,IBM,Gurugram,5-10 Yrs,Not Available,"data engineer, algorithms, data analysis, natural language processing, computer vision, algorithm development, visualization tools, data visualization",Machine Learning Engineer,Naukri,1 week ago,https://www.naukri.com/job-listings-data-engineer-machine-learning-ibm-india-pvt-limited-gurugram-5-to-10-years-280526922420
Staff Machine Learning Engineer,Project44,Bengaluru,8-10 Yrs,Not Available,"Supply chain, Automation, Coding, Machine learning, Agile, Distribution system, Monitoring, SQL",Machine Learning Engineer,Naukri,3+ weeks ago,https://www.naukri.com/job-listings-staff-machine-learning-engineer-project44-bengaluru-8-to-10-years-300326503527
Machine Learning Engineer II,General Mills,"Hybrid - Mumbai(Powai), Pune",6-9 Yrs,Not Available,"MLOps, Machine Learning, GCP, Python, SQL, Machine",Machine Learning Engineer,Naukri,3 weeks ago,https://www.naukri.com/job-listings-machine-learning-engineer-ii-general-mills-mumbai-pune-6-to-9-years-130426029538
Associate Machine Learning Engineer,Capgemini,Mumbai,2-5 Yrs,Not Available,"machine learning, software development, data structures, problem solving, computational analysis, programming logic, Software, Development",Machine Learning Engineer,Naukri,3 weeks ago,https://www.naukri.com/job-listings-associate-machine-learning-engineer-capgemini-technology-services-india-limited-mumbai-2-to-5-years-150526921455
Machine Learning Engineer,Cognizant,"Hybrid - Hyderabad, Pune",8-13 Yrs,Not Available,"Etl Pipelines, mlops, Machine Learning, Python, SQL, ETL, Pipeline, Machine",Machine Learning Engineer,Naukri,3 weeks ago,https://www.naukri.com/job-listings-machine-learning-engineer-cognizant-hyderabad-pune-8-to-13-years-150526032633
Machine Learning Engineer II,Expedia,Gurugram,3-8 Yrs,Not Available,"Prototype, NoSQL, Enterprise applications, OOAD, Machine learning, Agile, SQL, Python",Machine Learning Engineer,Naukri,3+ weeks ago,https://www.naukri.com/job-listings-machine-learning-engineer-ii-expedia-group-gurugram-3-to-8-years-090426501136
Machine Learning Engineer - II,Adobe,Noida,10-15 Yrs,Not Available,"Computer science, Adobe Acrobat, Backend, Usage, Lead Architect, Illustrator, Machine learning, Technical leadership",Machine Learning Engineer,Naukri,3+ weeks ago,https://www.naukri.com/job-listings-machine-learning-engineer-ii-adobe-systems-india-pvt-ltd-noida-10-to-15-years-220426500217
Machine Learning Engineer 4,Adobe,Noida,8-13 Yrs,Not Available,"Computer science, Adobe Acrobat, data science, System integration, Machine learning, Data collection, Adobe, Monitoring",Machine Learning Engineer,Naukri,2 weeks ago,https://www.naukri.com/job-listings-machine-learning-engineer-4-adobe-systems-india-pvt-ltd-noida-8-to-13-years-210526502876
Machine Learning Engineer,Bright Infotech,Chandigarh,3-5 Yrs,Not Available,"Training, Computer vision, Backend, Machine learning, Deployment, Python, Vision, Computer",Machine Learning Engineer,Naukri,3+ weeks ago,https://www.naukri.com/job-listings-machine-learning-engineer-bright-infotech-chandigarh-3-to-5-years-080126502585
Machine Learning Engineer 4,Adobe,Hyderabad,8-13 Yrs,Not Available,"Adobe Acrobat, Backend, Machine learning, Cloud, Adobe, Distribution system, Monitoring, Python",Machine Learning Engineer,Naukri,3+ weeks ago,https://www.naukri.com/job-listings-machine-learning-engineer-4-adobe-systems-india-pvt-ltd-hyderabad-8-to-13-years-060526503084
Machine Learning Engineer / MLOps Engineer,Indium Global Services,Bengaluru,7-12 Yrs,Not Available,"Computer science, Semiconductor, orchestration, GCP, Machine learning, Workflow, Application development, Outsourcing",Machine Learning Engineer,Naukri,3 weeks ago,https://www.naukri.com/job-listings-machine-learning-engineer-mlops-engineer-indium-global-services-pvt-ltd-bengaluru-7-to-12-years-130526502199
Machine learning Engineer,Grid Dynamics,"Hyderabad, Chennai, Bengaluru",5-10 Yrs,Not Available,"Time Series, python, Arima, Ci/Cd, Demand Forecasting, Azure Devops, Prophet, Continuous Integration",Machine Learning Engineer,Naukri,3 weeks ago,https://www.naukri.com/job-listings-machine-learning-engineer-grid-dynamics-hyderabad-chennai-bengaluru-5-to-10-years-140526014066
AI Engineer - Machine Learning,Jero Technologies,"Chennai, Bengaluru",6-11 Yrs,Not Available,"Machine Learning, insurance, ai, ai engineer, qa, cloud, apis, use cases",Machine Learning Engineer,Naukri,3 weeks ago,https://www.naukri.com/job-listings-ai-engineer-machine-learning-jero-technologies-chennai-bengaluru-6-to-11-years-110526931467
Machine Learning Engineer,Mittal Alliance,Indore,2-4 Yrs,Not Available,"hive, algorithms, python, data analysis, natural language processing, data warehousing, data pipeline, machine learning",Machine Learning Engineer,Naukri,3+ weeks ago,https://www.naukri.com/job-listings-machine-learning-engineer-mittal-alliance-industries-private-limited-indore-2-to-4-years-260226504543
Machine Learning Engineer I/II,Panasonic,Pune,3-7 Yrs,Not Available,"Architect, Machine learning, Cloud, Technical leadership, Infrastructure, model development, Deployment, Leadership",Machine Learning Engineer,Naukri,3+ weeks ago,https://www.naukri.com/job-listings-machine-learning-engineer-i-ii-panasonic-india-pvt-ltd-pune-3-to-7-years-251025503598
Machine Learning Engineer,DWPlaceSolutions,Bengaluru,3-8 Yrs,Not Available,"MLops, Tensorflow, Object Detection, Algorithm Development, Cnn, Artificial Intelligence, Natural Language Processing, Machine Learning",Machine Learning Engineer,Naukri,3 weeks ago,https://www.naukri.com/job-listings-machine-learning-engineer-dwplacesolutions-bengaluru-3-to-8-years-150526028876
Machine Learning Engineer III - Recommendation Systems,Glance,Bengaluru,6-11 Yrs,Not Available,"Telecom, Accessories, Cloud computing, Prototype, GCP, Machine learning, Analytics, Python",Machine Learning Engineer,Naukri,3+ weeks ago,https://www.naukri.com/job-listings-machine-learning-engineer-iii-recommendation-systems-glance-it-solution-bengaluru-6-to-11-years-300126503109
Machine Learning Engineer,Fox Sports,Bengaluru,3-7 Yrs,Not Available,"Automation, Production engineering, Machine learning, model development, Data processing, Open source, big data, Monitoring",Machine Learning Engineer,Naukri,3+ weeks ago,https://www.naukri.com/job-listings-machine-learning-engineer-fox-sports-bengaluru-3-to-7-years-270226504420
Python & Machine Learning Engineer,Clifyx Technology,Bengaluru,5-8 Yrs,Not Available,"Computer vision, Automation, Data analysis, Backend, Data modeling, Machine learning, Agile, Monitoring",Machine Learning Engineer,Naukri,3+ weeks ago,https://www.naukri.com/job-listings-python-machine-learning-engineer-clifyx-technology-bengaluru-5-to-8-years-010426504464
Machine Learning Engineer,Solventum,Bengaluru,3-5 Yrs,Not Available,"Computer science, Backend, Version control, GIT, System integration, Machine learning, HIPAA, Data processing",Machine Learning Engineer,Naukri,3+ weeks ago,https://www.naukri.com/job-listings-machine-learning-engineer-solventum-bengaluru-3-to-5-years-300426503653
Machine Learning Engineer IV Biometrics,Jumio Corporation,Bengaluru,5-10 Yrs,Not Available,"Computer vision, Automation, Production engineering, Machine learning, Workflow, data privacy, Gaming, Financial services",Machine Learning Engineer,Naukri,3+ weeks ago,https://www.naukri.com/job-listings-machine-learning-engineer-iv-biometrics-jumio-corporation-bengaluru-5-to-10-years-260226504507
Machine Learning Engineer,Vitestork Consulting,Bengaluru,15-22 Yrs,Not Available,"JAX, Training, Debugging, Machine learning, Programming, Python, Program, Machine",Machine Learning Engineer,Naukri,3+ weeks ago,https://www.naukri.com/job-listings-machine-learning-engineer-vitestork-consulting-private-limited-bengaluru-15-to-22-years-240426502834
Machine Learning Engineer,Kapture Crm,Bengaluru,2-3 Yrs,Not Available,"ASR, Training, Trade, Automation, SAAS, Debugging, Machine learning, model development",Machine Learning Engineer,Naukri,3+ weeks ago,https://www.naukri.com/job-listings-machine-learning-engineer-kapture-crm-bengaluru-2-to-3-years-230226501749
Machine Learning Engineer,Quantiphi Analytics Solutions,Bengaluru,2-7 Yrs,Not Available,"software architecture, Automation, Machine learning, Performance optimization, Selenium, Catering, Cost, Monitoring",Machine Learning Engineer,Naukri,2 weeks ago,https://www.naukri.com/job-listings-machine-learning-engineer-quantiphi-analytics-solutions-pvt-ltd-bengaluru-2-to-7-years-210526508098
Machine Learning Engineer,Remotestar,Bengaluru,2-4 Yrs,Not Available,"Computer science, Claims, Testing tools, Coding, Medical coding, Machine learning, Signal processing, Natural language processing",Machine Learning Engineer,Naukri,3 weeks ago,https://www.naukri.com/job-listings-machine-learning-engineer-remotestar-bengaluru-2-to-4-years-120526502192
Machine Learning Engineer,PLM Indishtech,Bengaluru,4-7 Yrs,Not Available,"Computer vision, Version control, GIT, Production engineering, Debugging, Machine learning, Deployment, Scheduling",Machine Learning Engineer,Naukri,3+ weeks ago,https://www.naukri.com/job-listings-machine-learning-engineer-plm-indishtech-private-limited-bengaluru-4-to-7-years-070526502148
Machine Learning Engineer II,Kuku Fm,Bengaluru,3-8 Yrs,Not Available,"Computer science, metadata, orchestration, Formulation, Machine learning, IOS app, Business strategy, Forecasting",Machine Learning Engineer,Naukri,3+ weeks ago,https://www.naukri.com/job-listings-machine-learning-engineer-ii-kuku-fm-bengaluru-3-to-8-years-050526502179
Machine Learning Engineer III (NLP),Suki,Bengaluru,8-13 Yrs,Not Available,"Administration, Backend, Transcription, Coding, Machine learning, Healthcare, Workflow, Data structures",Machine Learning Engineer,Naukri,3+ weeks ago,https://www.naukri.com/job-listings-machine-learning-engineer-iii-nlp-suki-bengaluru-8-to-13-years-020426508316
Machine Learning Engineer,Nexgile Technologies,Hybrid - Hybrid,2-7 Yrs,Not Available,"Training, Automation, Machine learning, Deployment, Python, Machine",Machine Learning Engineer,Naukri,3+ weeks ago,https://www.naukri.com/job-listings-machine-learning-engineer-nexgile-technologies-private-limited-hybrid-2-to-7-years-300126503438
Staff Machine Learning Engineer,Bazaarvoice,Bengaluru,5-10 Yrs,Not Available,"Computer science, GCP, Analytical, Diversity and Inclusion, Machine learning, SCALA, Natural language processing, Data mining",Machine Learning Engineer,Naukri,3+ weeks ago,https://www.naukri.com/job-listings-staff-machine-learning-engineer-bazaarvoice-bengaluru-5-to-10-years-280825501609
Machine Learning Engineer (MLE) lll,Equinix,Bengaluru,3-8 Yrs,Not Available,"time series analysis, algorithms, c++, python, data pipeline, machine learning, deep learning, tensorflow",Machine Learning Engineer,Naukri,3+ weeks ago,https://www.naukri.com/job-listings-machine-learning-engineer-mle-lll-equinix-bengaluru-3-to-8-years-170426501492
Machine Learning Engineer,Barclays,Pune,2-8 Yrs,Not Available,"Data validation, Analytical, Machine learning, Vice President, Management, Risk management, Operations, Counselling",Machine Learning Engineer,Naukri,3+ weeks ago,https://www.naukri.com/job-listings-machine-learning-engineer-barclays-shared-services-pune-2-to-8-years-170426501406
AI Engineer (Generative AI & Machine Learning),Mindbowser,Pune,2-3 Yrs,Not Available,"Computer science, Computer vision, data science, GCP, Artificial Intelligence, Machine learning, Software development life cycle, Data structures",Machine Learning Engineer,Naukri,3+ weeks ago,https://www.naukri.com/job-listings-ai-engineer-generative-ai-machine-learning-mindbowser-inc-pune-2-to-3-years-090426503072
Machine Learning Engineer,360DigiTMG,Bengaluru,5-8 Yrs,Not Available,"Computer science, Computer vision, Backend, Version control, GIT, Neural networks, Machine learning, Data structures",Machine Learning Engineer,Naukri,3+ weeks ago,https://www.naukri.com/job-listings-machine-learning-engineer-360digitmg-bengaluru-5-to-8-years-030925501804
Machine Learning Engineer,Analogyx Bi,Bengaluru,3-6 Yrs,Not Available,"Supply chain, Data analysis, Analytical, Machine learning, Data processing, Continuous improvement, SQL, Python",Machine Learning Engineer,Naukri,3+ weeks ago,https://www.naukri.com/job-listings-machine-learning-engineer-analogyx-bi-pvt-ltd-bengaluru-3-to-6-years-020924502678
Machine Learning Engineer,Open Insights,"Kolkata, Mumbai, New Delhi, Hyderabad, Pune, Chennai, Bengaluru",2-6 Yrs,Not Available,"Data modeling, Coding, Machine learning, Data structures, Open source, Analytics, Monitoring, SQL",Machine Learning Engineer,Naukri,3+ weeks ago,https://www.naukri.com/job-listings-machine-learning-engineer-open-insights-kolkata-mumbai-new-delhi-hyderabad-pune-chennai-bengaluru-2-to-6-years-010523501680
Machine Learning Engineer,SUMOLOGIC TECHNOLOGIES PRIVATE LIMITED,Bengaluru,2-4 Yrs,Not Available,"Computer science, Prototype, Memory management, Shaping, Machine learning, Infrastructure, Continuous improvement, Analytics",Machine Learning Engineer,Naukri,3+ weeks ago,https://www.naukri.com/job-listings-machine-learning-engineer-sumologic-technologies-private-limited-bengaluru-2-to-4-years-311025508120
Machine Learning Engineer,Analyticstash,Bengaluru,8-13 Yrs,Not Available,"Computer vision, Statistical analysis, data science, Machine learning, Manager Technology, Natural language processing, Business strategy, Data mining",Machine Learning Engineer,Naukri,3+ weeks ago,https://www.naukri.com/job-listings-machine-learning-engineer-analyticstash-bengaluru-8-to-13-years-291123502059
Machine Learning Engineer,Ideaboard,Bengaluru,2-5 Yrs,Not Available,"Analytical, Machine learning, Machine, Analytics",Machine Learning Engineer,Naukri,3+ weeks ago,https://www.naukri.com/job-listings-machine-learning-engineer-ideaboard-bengaluru-2-to-5-years-290923500831
Machine Learning Engineer,Ibcscorp,Bengaluru,5-8 Yrs,Not Available,"deep learning, Translation, GCP, Social media, Machine learning, Flex, Agile, Data collection",Machine Learning Engineer,Naukri,3+ weeks ago,https://www.naukri.com/job-listings-machine-learning-engineer-ibcscorp-bengaluru-5-to-8-years-260326500053
Staff Machine Learning Engineer,Zscaler LATAM,Bengaluru,5-10 Yrs,Not Available,"Networking, GCP, Machine learning, Agile, System design, Data structures, Distribution system, Monitoring",Machine Learning Engineer,Naukri,3+ weeks ago,https://www.naukri.com/job-listings-staff-machine-learning-engineer-zscaler-latam-bengaluru-5-to-10-years-241225501333
Machine Learning Engineer,Codemonk,Bengaluru,2-5 Yrs,Not Available,"Computer vision, software architecture, Statistical analysis, data science, Data modeling, Analytical, Machine learning, Data structures",Machine Learning Engineer,Naukri,3+ weeks ago,https://www.naukri.com/job-listings-machine-learning-engineer-codemonk-bengaluru-2-to-5-years-240225502504
Machine Learning Engineer,Simplismart,Bengaluru,3-6 Yrs,Not Available,"Cloud computing, data science, GCP, Machine learning, Deployment, microsoft azure, test driven development, Research",Machine Learning Engineer,Naukri,3+ weeks ago,https://www.naukri.com/job-listings-machine-learning-engineer-simplismart-bengaluru-3-to-6-years-201124508044
Machine Learning engineer,Euprime Consulting,Bengaluru,2-7 Yrs,Not Available,"R Programming, Machine learning, Cloud, Management, AWS, Python, Machine, R Program",Machine Learning Engineer,Naukri,3+ weeks ago,https://www.naukri.com/job-listings-machine-learning-engineer-euprime-bengaluru-2-to-7-years-200320501556
Machine Learning Engineer (MLE) ll,Equinix,Bengaluru,1-5 Yrs,Not Available,"algorithms, c++, python, software development, natural language processing, scikit-learn, machine learning, deep learning",Machine Learning Engineer,Naukri,3+ weeks ago,https://www.naukri.com/job-listings-machine-learning-engineer-mle-ll-equinix-bengaluru-1-to-5-years-170426501491
Principle Machine Learning Engineer,Flexera Software,Bengaluru,7-12 Yrs,Not Available,"Procurement, Computer science, Automation, Operational excellence, Machine learning, Cloud, Infrastructure, Equity",Machine Learning Engineer,Naukri,3+ weeks ago,https://www.naukri.com/job-listings-principle-machine-learning-engineer-flexera-software-bengaluru-7-to-12-years-150426503654
Machine Learning Engineer 2,Pibit.ai,Bengaluru,3-8 Yrs,Not Available,"Automation, orchestration, Postgresql, Machine learning, Javascript, MongoDB, SQL, Python",Machine Learning Engineer,Naukri,3+ weeks ago,https://www.naukri.com/job-listings-machine-learning-engineer-2-pibit-ai-bengaluru-3-to-8-years-150426502992
Machine Learning Engineer - Evaluation,Hackerrank,Bengaluru,1-4 Yrs,Not Available,"Loop, Usage, Translation, Coding, Machine learning, Test cases, Research, microsoft",Machine Learning Engineer,Naukri,3+ weeks ago,https://www.naukri.com/job-listings-machine-learning-engineer-evaluation-hackerrank-bengaluru-1-to-4-years-130426503394
"Machine Learning Engineer, Chakra",Hackerrank,Bengaluru,1-4 Yrs,Not Available,"Report generation, Architect, SIDE, Usage, Architecture, Machine learning, Infrastructure, Manager Technology",Machine Learning Engineer,Naukri,3+ weeks ago,https://www.naukri.com/job-listings-machine-learning-engineer-chakra-hackerrank-bengaluru-1-to-4-years-130426501914
Computer Vision/Machine Learning Engineer,Firstsense Technology,Bengaluru,2-5 Yrs,Not Available,"continuous integration, cd, python, c++, natural language processing, mathematics, strong analytical skills, ci/cd",Machine Learning Engineer,Naukri,3+ weeks ago,https://www.naukri.com/job-listings-computer-vision-machine-learning-engineer-first-sense-technology-bengaluru-2-to-5-years-090824500267
Machine Learning Engineer,Bayinfotech,"Kolkata, Mumbai, New Delhi, Hyderabad, Pune, Chennai, Bengaluru",3-5 Yrs,Not Available,"Computer science, Machine learning, Cloud, Database, Manager Technology, Deployment, Natural language processing, Open source",Machine Learning Engineer,Naukri,3+ weeks ago,https://www.naukri.com/job-listings-machine-learning-engineer-bayinfotech-kolkata-mumbai-new-delhi-hyderabad-pune-chennai-bengaluru-3-to-5-years-071124502428
Machine Learning ( ML ) Engineer,Online Manufacturing,Mumbai,4-9 Yrs,Not Available,"Computer science, Training, Statistical analysis, data science, Artificial Intelligence, Machine learning, Programming, Research",Machine Learning Engineer,Naukri,3+ weeks ago,https://www.naukri.com/job-listings-machine-learning-ml-engineer-online-manufacturing-mumbai-4-to-9-years-040422500132
Machine Learning & Generative AI Engineer (Female Candidates),Impronics Technologies,Hyderabad,3-7 Yrs,Not Available,"python, mapinfo, data analysis, gis software, arcgis, arcgis server, arc map, photogrammetry",Machine Learning Engineer,Naukri,2 weeks ago,https://www.naukri.com/job-listings-machine-learning-generative-ai-engineer-female-candidates-impronics-technologies-hyderabad-3-to-7-years-131025502004
Machine Learning Engineer,Insight Global,Hybrid - Bengaluru,5-10 Yrs,Not Available,"Tensorflow, Aws Sagemaker, Machine Learning, Ml Pipelines, Python, Natural Language Processing, Deploying Models, Ml Deployment",Machine Learning Engineer,Naukri,2 weeks ago,https://www.naukri.com/job-listings-machine-learning-engineer-insight-global-technologies-bengaluru-5-to-10-years-290126032651
Machine Learning Engineer,Wipro,"Hybrid - Noida, Pune, Bengaluru",5-10 Yrs,14-24 Lacs PA,"MLOPS, Machine Learning, Docker, LLMOPS, Python, Kubernetes, Machine",Machine Learning Engineer,Naukri,2 weeks ago,https://www.naukri.com/job-listings-machine-learning-engineer-wroots-global-noida-pune-bengaluru-5-to-10-years-210526028749
Machine Learning Engineer,MS Guide World,Bengaluru,5-6 Yrs,Not Available,"ERP, Data analysis, Talent acquisition, Machine learning, Algorithm development, Analytics, Python, Salesforce",Machine Learning Engineer,Naukri,3+ weeks ago,https://www.naukri.com/job-listings-machine-learning-engineer-ms-guide-world-bengaluru-5-to-6-years-260225502834
Machine learning Engineer,Acme Services,Bengaluru,2-6 Yrs,Not Available,"Administration, github, GIT, Machine learning, Cloud, Programming, Deployment, Python",Machine Learning Engineer,Naukri,3+ weeks ago,https://www.naukri.com/job-listings-machine-learning-engineer-acme-services-bengaluru-2-to-6-years-130623500849
Machine Learning Engineer,Prowess Selling Skills,Pune(Kothrud),2-4 Yrs,4-5 Lacs PA,"Data Engineering, FASTAPI, Machine Learning, Python Development, AI ENGINEER, Tensorflow, panda, SQL Server Development",Machine Learning Engineer,Naukri,2 weeks ago,https://www.naukri.com/job-listings-machine-learning-engineer-prowess-selling-skills-pune-2-to-4-years-011225006034
Machine Learning Engineer,Jalopeura Technology,Remote,1-3 Yrs,Not Available,"Automation testing, Resource utilization, Version control, Architecture, Cloud Services, Machine learning, Infrastructure, Data quality",Machine Learning Engineer,Naukri,2 weeks ago,https://www.naukri.com/job-listings-machine-learning-engineer-jalopeura-technology-remote-1-to-3-years-180526507200
Machine Learning Engineer,Athena Global Education,Pune,3-5 Yrs,Not Available,"tableau, Data analysis, Analytical, Machine learning, power bi, Predictive modeling, data visualization, Business understanding",Machine Learning Engineer,Naukri,3+ weeks ago,https://www.naukri.com/job-listings-machine-learning-engineer-athena-global-education-pune-3-to-5-years-310326500206
Analytics Engineer,DAZN,Hyderabad,2-7 Yrs,Not Available,"algorithms, python, data analysis, software design, problem solving, business intelligence, nosql, software design and development",Analytics Engineer,Naukri,2 days ago,https://www.naukri.com/job-listings-analytics-engineer-dazn-group-hyderabad-2-to-7-years-040626500945
Analytics Engineer,Replicon,Remote,3-6 Yrs,Not Available,"Performance tuning, Ticketing, Architecture, data security, Cognos, Stored procedures, Analytics, SQL",Analytics Engineer,Naukri,1 day ago,https://www.naukri.com/job-listings-analytics-engineer-replicon-software-india-pvt-ltd-remote-3-to-6-years-050626503912
Google Analytics Engineer,HCLTech,"Hyderabad, Chennai, Bengaluru",5-10 Yrs,Not Available,"Google Analytics 4, Tagging, Google Tag Manager, Conversion Tracking, Event Tracking, Management, Conversions, Analytics",Analytics Engineer,Naukri,2 days ago,https://www.naukri.com/job-listings-google-analytics-engineer-hcltech-hyderabad-chennai-bengaluru-5-to-10-years-040626000318
Analytics Engineer,Earnin,Bengaluru,2-7 Yrs,Not Available,"Data modeling, Postgresql, Schema, Data structures, Healthcare, Data quality, QlikView, Business intelligence",Analytics Engineer,Naukri,3 days ago,https://www.naukri.com/job-listings-analytics-engineer-earnin-bengaluru-2-to-7-years-030626502365
"Google Analytics Engineer (GA4, GTM & BigQuery)",Neuronimbus Software Services,Remote,3-7 Yrs,Not Available,"Google Analytics 4, Google Tag Manager, BigQuery, Google Cloud Platform, Data Modeling, Dashboarding, Data Warehousing, ETL",Analytics Engineer,Naukri,3 days ago,https://www.naukri.com/job-listings-google-analytics-engineer-ga4-gtm-bigquery-neuronimbus-software-services-gurugram-3-to-7-years-030626016740
NetSuite Analytics Engineer,Learntastic,Remote,3-8 Yrs,Not Available,"Computer science, ERP, Automation, Data modeling, Workflow, Healthcare, Business intelligence, Middleware",Analytics Engineer,Naukri,5 days ago,https://www.naukri.com/job-listings-netsuite-analytics-engineer-learntastic-remote-3-to-8-years-010626503635
Ontology Analytics Engineer,Insight Global Technologies,Remote,8-13 Yrs,Not Available,"Agentic Ai, Microsoft Fabric, Tabular Model Definition Language, semantic models, Data Analytics, Visual Studio Code, Data Engineering, Semantic Layers",Analytics Engineer,Naukri,1 week ago,https://www.naukri.com/job-listings-ontology-analytics-engineer-insight-global-technologies-hyderabad-8-to-13-years-250526003222
Analytics Engineer,HRS Group,Mumbai,4-5 Yrs,Not Available,"Procurement, Web analytics, Analytical, Consulting, Data quality, Oracle, Data warehousing, Analytics",Analytics Engineer,Naukri,2 weeks ago,https://www.naukri.com/job-listings-analytics-engineer-hrs-group-mumbai-4-to-5-years-220526501615
Lead Analytics Engineer,Salesforce,Bengaluru,10-15 Yrs,Not Available,"Change management, Agile, Instrumentation, Customer support, Operations, Information technology, Analytics, CRM",Analytics Engineer,Naukri,1 week ago,https://www.naukri.com/job-listings-lead-analytics-engineer-salesforce-bengaluru-10-to-15-years-260526501788
LEAD Engineer - Analytics,Tata Power,Mumbai (All Areas),3-5 Yrs,Not Available,"Rpa Tool, Uipath, Blue Prism, Python, Generative Ai, Power Bi, GPT models, Tableau",Analytics Engineer,Naukri,1 week ago,https://www.naukri.com/job-listings-lead-engineer-analytics-tata-power-mumbai-all-areas-3-to-5-years-270526015153
Pump Analytics Engineer,Sulzer Vendor,Pune,4-7 Yrs,Not Available,"Data analysis, Mediclaim, analytics analyst, Data analytics, Business intelligence, Analytics, Analysis, Data",Analytics Engineer,Naukri,2 weeks ago,https://www.naukri.com/job-listings-pump-analytics-engineer-sulzer-pumps-india-limited-pune-4-to-7-years-200526500396
Ecommerce Analytics Engineer,Mouser Electronics,Bengaluru,7-12 Yrs,Not Available,"Ecommerce Analytics, digital analytics, performance tuning, mathematics, ai, programming principles, sql, analytics",Analytics Engineer,Naukri,3 weeks ago,https://www.naukri.com/job-listings-ecommerce-analytics-engineer-mouser-electronics-india-pvt-ltd-bengaluru-7-to-12-years-110526929191
Analytics Engineer,Fornax,Mumbai,2-7 Yrs,Not Available,"Team management, Data modeling, Analytical, Workflow, Data quality, Continuous improvement, Operations, Analytics",Analytics Engineer,Naukri,3+ weeks ago,https://www.naukri.com/job-listings-analytics-engineer-fornax-mumbai-2-to-7-years-311025500410
Analytics Engineer Databricks,Infotrellis,Chennai,5-12 Yrs,Not Available,"Version control, GIT, Architecture, Delta, Healthcare, Data quality, Analytics, Financial services",Analytics Engineer,Naukri,3+ weeks ago,https://www.naukri.com/job-listings-analytics-engineer-databricks-infotrellis-chennai-5-to-12-years-300126506661
Analytics Engineer Databricks,Infotrellis,Bengaluru,5-12 Yrs,Not Available,"Version control, GIT, Architecture, Delta, Healthcare, Data quality, Analytics, Financial services",Analytics Engineer,Naukri,3+ weeks ago,https://www.naukri.com/job-listings-analytics-engineer-databricks-infotrellis-bengaluru-5-to-12-years-280126500410
Temenos Analytics Engineer,Diverse Lynx,Bengaluru,2-7 Yrs,Not Available,"Analytics, Temenos",Analytics Engineer,Naukri,3+ weeks ago,https://www.naukri.com/job-listings-temenos-analytics-engineer-diverse-lynx-bengaluru-2-to-7-years-250725503670
Analytics Engineer (Snowflake and Databricks),Infraveo Technologies,Remote,2-3 Yrs,Not Available,"Automation, customer analytics, Data modeling, Data collection, Data processing, Data quality, Business intelligence, Analytics",Analytics Engineer,Naukri,3+ weeks ago,https://www.naukri.com/job-listings-analytics-engineer-snowflake-and-databricks-infraveo-technologies-remote-2-to-3-years-200625501137
Wells Analytics Engineer,Exxon Mobil Corporation,Bengaluru,3-8 Yrs,Not Available,"Drilling, SAP, Networking, LNG, Wireline, Troubleshooting, Oracle, Petroleum",Analytics Engineer,Naukri,2 weeks ago,https://www.naukri.com/job-listings-wells-analytics-engineer-exxon-mobil-corporation-bengaluru-3-to-8-years-180526505370
Associate Analytics Engineer,Swiss Re,Bengaluru,1-3 Yrs,Not Available,"analytical, data science, spark, big data, programming, communication skills, Analytics",Analytics Engineer,Naukri,3+ weeks ago,https://www.naukri.com/job-listings-associate-analytics-engineer-swiss-re-bengaluru-1-to-3-years-180325502353
Analytics Engineer (Tableau),Diverse Lynx,Pune,2-6 Yrs,Not Available,"Training, tableau, Data analysis, Business Analyst, Data modeling, Troubleshooting, Performance monitoring, Analytics",Analytics Engineer,Naukri,3+ weeks ago,https://www.naukri.com/job-listings-analytics-engineer-tableau-diverse-lynx-pune-2-to-6-years-161223500035
AI Analytics Engineer,Bootcoding,Nagpur,2-4 Yrs,Not Available,"Health insurance, NoSQL, Artificial Intelligence, Machine learning, Data processing, Data mining, Information technology, SQL",Analytics Engineer,Naukri,3 weeks ago,https://www.naukri.com/job-listings-ai-analytics-engineer-bootcoding-nagpur-2-to-4-years-150526505211
Lead Analytics Engineer,Volvo Auto,Bengaluru,8-12 Yrs,Not Available,"github, Version control, orchestration, Data modeling, Analytical, Data quality, Analytics, Automotive",Analytics Engineer,Naukri,3+ weeks ago,https://www.naukri.com/job-listings-lead-analytics-engineer-volvo-auto-india-pvt-ltd-bengaluru-8-to-12-years-091025500971
Analytics Engineer,Hexpress Healthcare,Vadodara,5-10 Yrs,Not Available,"Data analysis, Healthcare, power bi, Data quality, Business intelligence, Data warehousing, Monitoring, Analytics",Analytics Engineer,Naukri,3+ weeks ago,https://www.naukri.com/job-listings-analytics-engineer-hexpress-healthcare-vadodara-5-to-10-years-010426503321
Adobe Analytics Engineer,Han Digital Solution,Chennai,3-7 Yrs,Not Available,"Data analysis, Front end, Data quality, Adobe, Release management, Analytics, SDLC, SQL",Analytics Engineer,Naukri,3+ weeks ago,https://www.naukri.com/job-listings-adobe-analytics-engineer-han-digital-solution-chennai-3-to-7-years-150426503723
Analytics & Experimentation Engineer GA4 + GTM,Brandloom,Gurugram,2-7 Yrs,Not Available,"CRO, Google Analytics, Excel, Testing tools, Consulting, Debugging, Javascript, Instrumentation",Analytics Engineer,Naukri,3+ weeks ago,https://www.naukri.com/job-listings-analytics-experimentation-engineer-ga4-gtm-brandloom-gurugram-2-to-7-years-060226506235
Analytics & AI Engineer - Band D,Mancer Consulting Services,Hyderabad,5-9 Yrs,Not Available,"Backend, GIT, Architecture, Coding, Analytical, Machine learning, Workflow, Data processing",Analytics Engineer,Naukri,3+ weeks ago,https://www.naukri.com/job-listings-analytics-ai-engineer-band-d-mancer-consulting-services-hyderabad-5-to-9-years-240426503464
"Sr Engineer, Data Analytics Engineering",LPL Financial,Hyderabad,8-13 Yrs,Not Available,"Computer science, Automation, Data modeling, Apache, SSIS, Analytics, Monitoring, Financial services",Analytics Engineer,Naukri,2 days ago,https://www.naukri.com/job-listings-sr-engineer-data-analytics-engineering-lpl-financial-hyderabad-8-to-13-years-040626500382
Data Analytics Engineer,Suresh Surana & Associates,Mumbai (All Areas),0-3 Yrs,Not Available,"Python, Cyber Security, Information Security, Data Security, Data Loss Prevention, Data Privacy, Data, Cyber",Analytics Engineer,Naukri,2 days ago,https://www.naukri.com/job-listings-data-analytics-engineer-suresh-surana-associates-mumbai-all-areas-0-to-3-years-040626013897
Senior Data Analytics Engineer,Earnin,Bengaluru,4-9 Yrs,Not Available,"Data modeling, Postgresql, Schema, Data structures, Healthcare, Data quality, QlikView, Business intelligence",Analytics Engineer,Naukri,3 days ago,https://www.naukri.com/job-listings-senior-data-analytics-engineer-earnin-bengaluru-4-to-9-years-030626502361
Senior Analytics Engineer,Earnin,Bengaluru,4-9 Yrs,Not Available,"Data modeling, Postgresql, Schema, Data structures, Healthcare, Data quality, QlikView, Business intelligence",Analytics Engineer,Naukri,3 days ago,https://www.naukri.com/job-listings-senior-analytics-engineer-earnin-bengaluru-4-to-9-years-030626502360
Reporting & Data Analytics Engineer,Indian Service Based Company,Hybrid - Hyderabad(Gachibowli),5-10 Yrs,5-13 Lacs PA,"Report Generation, Data Analysis, Data Aggregation, Bigfix, Power Bi, ITSM, IT Infrastructure Management, IT management",Analytics Engineer,Naukri,1 day ago,https://www.naukri.com/job-listings-reporting-data-analytics-engineer-hirexa-solutions-hyderabad-5-to-10-years-020626015780
Analytics Engineer (m/f/d),Siemens,Thane,3-8 Yrs,Not Available,"Analytics, Airflow, Predictive Modeling, Compliance, Architecture, Power Bi, Github, Ai",Analytics Engineer,Naukri,5 days ago,https://www.naukri.com/job-listings-analytics-engineer-m-f-d-siemens-limited-thane-3-to-8-years-010626921079
Marketing Analytics engineer,Tekskills india,Hybrid - Hyderabad,6-10 Yrs,Not Available,"Google Analytics, Adobe Launch, Adobe Analytics, Adobe Target, Adobe, Analytics, Google, Launch",Analytics Engineer,Naukri,1 week ago,https://www.naukri.com/job-listings-marketing-analytics-engineer-tekskills-hyderabad-6-to-10-years-290526921973
Marketing Analytics engineer,Tekskills india,Hybrid - Bengaluru,6-10 Yrs,Not Available,"Google Analytics, Adobe Launch, Adobe Analytics, Adobe Target, Target, Marketing analytics, Marketing, Analytics",Analytics Engineer,Naukri,1 week ago,https://www.naukri.com/job-listings-marketing-analytics-engineer-tekskills-bengaluru-6-to-10-years-290526921972
Marketing Analytics engineer,Tekskills india,Hybrid - Chennai,6-10 Yrs,Not Available,"Google Analytics, Adobe Launch, Adobe Analytics, Adobe Target, Adobe, Analytics, Target, Launch",Analytics Engineer,Naukri,1 week ago,https://www.naukri.com/job-listings-marketing-analytics-engineer-tekskills-chennai-6-to-10-years-290526921970
Performance & Analytics Engineer,Capgemini,Mumbai,3-6 Yrs,Not Available,"Data Analysis, Product Development, System Optimization, Engineering Analysis, Cad Modeling, Development, Cadworx, Performance",Analytics Engineer,Naukri,1 week ago,https://www.naukri.com/job-listings-performance-analytics-engineer-capgemini-technology-services-india-limited-mumbai-3-to-6-years-290526905222
Associate - Agentic AI - Data analytics engineer,HARMAN India,Kalyani,1-3 Yrs,Not Available,"Computer science, C++, Data modeling, Data analytics, Information technology, Analytics, Monitoring, Automotive",Analytics Engineer,Naukri,1 week ago,https://www.naukri.com/job-listings-associate-agentic-ai-data-analytics-engineer-harman-india-kalyani-1-to-3-years-290526500629
Senior Azure Advanced Analytics Engineer role,PwC Service Delivery Center,Hyderabad,6-9 Yrs,Not Available,"Power Bi, Azure Databricks, Advanced Excel, Data Analytics, ETL, Azure Data Factory, Data Analysis, Data",Analytics Engineer,Naukri,4 days ago,https://www.naukri.com/job-listings-senior-azure-advanced-analytics-engineer-role-pwc-service-delivery-center-hyderabad-6-to-9-years-290526000121
"Sr. Analytics Engineer - Data Warehouse (Hybrid, Bangalore)",Smart,Bengaluru,20-25 Yrs,Not Available,"Data validation, Data modeling, Business analytics, HIPAA, data governance, Regression testing, Data quality, data privacy",Analytics Engineer,Naukri,1 week ago,https://www.naukri.com/job-listings-sr-analytics-engineer-data-warehouse-hybrid-bangalore-smart-bengaluru-20-to-25-years-280526504653
Associate - Agentic AI - Data analytics engineer,HARMAN India,Bengaluru,1-3 Yrs,Not Available,"Computer science, C++, Data modeling, Data analytics, Information technology, Analytics, Monitoring, Automotive",Analytics Engineer,Naukri,1 week ago,https://www.naukri.com/job-listings-associate-agentic-ai-data-analytics-engineer-harman-india-bengaluru-1-to-3-years-280526503384
Associate - Embedded AI & Data Analytics Engineer,HARMAN India,Bengaluru,1-3 Yrs,Not Available,"Computer science, C++, Data modeling, Data analytics, Information technology, Analytics, Monitoring, Automotive",Analytics Engineer,Naukri,1 week ago,https://www.naukri.com/job-listings-associate-embedded-ai-data-analytics-engineer-harman-india-bengaluru-1-to-3-years-280526503380
"Senior Analyst, Big Data Analytics & Engineering",Mastercard,Vadodara,5-9 Yrs,Not Available,"big data, hive, s3, risk management, data analytics, oracle, data analysis, big data analytics",Analytics Engineer,Naukri,1 week ago,https://www.naukri.com/job-listings-senior-analyst-big-data-analytics-engineering-mastercard-india-services-private-limited-vadodara-5-to-9-years-270526932839
Analytics Engineer/ Business Intelligence Analyst,Cloudxtreme,Hybrid - Hyderabad,2-6 Yrs,Not Available,"Bi Development, Power Bi, GCP Looker, Servicenow, SQL, Business Intelligence, Dashboards, Looker",Analytics Engineer,Naukri,1 week ago,https://www.naukri.com/job-listings-analytics-engineer-business-intelligence-analyst-cloudxtreme-hyderabad-2-to-6-years-270526030788
Analytics Engineer/ Business Intelligence Analyst,Cloudxtreme,Hyderabad,3-6 Yrs,5-7.5 Lacs PA,"Experience or exposure to ServiceNow Reporting, Candidate should be able to develop dashboards using GCP Looker tool, Business Intelligence Analyst, Experience with SQL, Development, GCP, Analytics, Reporting",Analytics Engineer,Naukri,1 week ago,https://www.naukri.com/job-listings-analytics-engineer-business-intelligence-analyst-cloudxtreme-hyderabad-3-to-6-years-270526011881
Data Analytics Engineer,PSRTEK,Hyderabad,1-4 Yrs,Not Available,"Statistical programming, Cloud computing, Coding, Technical writing, Artificial Intelligence, Machine learning, Data mining, Analytics",Analytics Engineer,Naukri,1 week ago,https://www.naukri.com/job-listings-data-analytics-engineer-psr-tek-hyderabad-1-to-4-years-260526503434
Data Analytics Engineer,Iflow,Pune,7-10 Yrs,Not Available,"Root cause analysis, metadata, Usage, Warehouse, Analytical, Data analytics, Management, Operations",Analytics Engineer,Naukri,1 week ago,https://www.naukri.com/job-listings-data-analytics-engineer-iflow-pune-7-to-10-years-260526503150
Data Analytics & Engineering Specialist,Fugro,Navi Mumbai,5-10 Yrs,Not Available,"Computer science, Automation, Data analysis, Project management, Process improvement, Machine learning, Continuous improvement, SQL",Analytics Engineer,Naukri,1 week ago,https://www.naukri.com/job-listings-data-analytics-engineering-specialist-fugro-survey-india-pvt-ltd-navi-mumbai-5-to-10-years-260526501797
Data / Analytics Engineer (Snowflake)- Freelance Opportunity,Neuronimbus Software Services,Remote,3-7 Yrs,Not Available,"Git/GitHub workflows, Snowflake, CI/CD, Python programming, SQL, Github, Workflow analysis, Data",Analytics Engineer,Naukri,1 week ago,https://www.naukri.com/job-listings-data-analytics-engineer-snowflake-freelance-opportunity-neuronimbus-software-services-gurugram-3-to-7-years-260526026096
Data / Analytics Engineer - Snowflake,ForgeByte Solutions,Hybrid - Hyderabad,6-11 Yrs,18-33 Lacs PA,"Snowflake Development, AWS, Python, Devops, Kubernetes, SQL, Development, Data",Analytics Engineer,Naukri,1 week ago,https://www.naukri.com/job-listings-data-analytics-engineer-snowflake-forgebyte-solutions-hyderabad-6-to-11-years-260526020263
Analytics Engineer II - Data Analytics Team,Warner Bros. Discovery,Hybrid - Hyderabad,3-5 Yrs,Not Available,"Data Analytics, SQL, Kafka, Spark, Tableau, Looker, Python, Data",Analytics Engineer,Naukri,1 week ago,https://www.naukri.com/job-listings-analytics-engineer-ii-data-analytics-team-warner-bros-discovery-hyderabad-3-to-5-years-260526012261
Camera Onboarding & Analytics Engineer,Msys Inc,Mumbai(Ghansoli),1-3 Yrs,Not Available,"CCTV, Surveillance Engineer, DVR, AI Camera, Networking, Milestone, NVR, Genetec",Analytics Engineer,Naukri,2 weeks ago,https://www.naukri.com/job-listings-camera-onboarding-analytics-engineer-msys-softsol-mumbai-1-to-3-years-220526015627
Senior Analytics Engineer,Bounteous x Accolite,Hybrid - Chennai,6-8 Yrs,Not Available,"Analytics QA, Google Analytics, Google Tag Manager, Tealium, Digital Analytics, Marketing pixels, Firebase, Power Bi",Analytics Engineer,Naukri,1 week ago,https://www.naukri.com/job-listings-senior-analytics-engineer-bounteous-x-accolite-chennai-6-to-8-years-190526027173
Analytics Engineer III,Mitratech India,Remote,5-8 Yrs,Not Available,"SAP BO, Business Objects, Sisense, SQL, Bo, Analytics, III, SAP",Analytics Engineer,Naukri,1 week ago,https://www.naukri.com/job-listings-analytics-engineer-iii-mitratech-india-llp-hyderabad-5-to-8-years-140526017937
Trainee - Data Analytics Engineer,TEOCO,Kolkata,0-2 Yrs,Not Available,"python, data analytics, data analysis, power bi, business analysis, data warehousing, business analytics, machine learning",Analytics Engineer,Naukri,1 week ago,https://www.naukri.com/job-listings-trainee-data-analytics-engineer-teoco-software-pvt-ltd-kolkata-0-to-2-years-280526501723
"Analytics Engineer II - Data Analytics Team, Hyderabad",Warner Bros. Discovery,Hyderabad,3-5 Yrs,Not Available,"Automation, Analytical, Data structures, Data quality, Troubleshooting, Business intelligence, Gaming, Analytics",Analytics Engineer,Naukri,1 week ago,https://www.naukri.com/job-listings-analytics-engineer-ii-data-analytics-team-hyderabad-warner-bros-discovery-hyderabad-3-to-5-years-250526502454
Sr. Data Analytics Engineer AWS/Snowflake,Sparity,Hyderabad,3-5 Yrs,Not Available,"System architecture, continuous integration, Data modeling, Analytical, Agile, Data analytics, software quality, Business intelligence",Analytics Engineer,Naukri,3+ weeks ago,https://www.naukri.com/job-listings-sr-data-analytics-engineer-aws-snowflake-sparity-soft-technologies-pvt-ltd-hyderabad-3-to-5-years-301225506168
Senior Analytics Engineer,Metropolis Technologies,Bengaluru,7-12 Yrs,Not Available,"Version control, GIT, query optimization, Postgresql, Artificial Intelligence, MySQL, Analytics, Monitoring",Analytics Engineer,Naukri,3+ weeks ago,https://www.naukri.com/job-listings-senior-analytics-engineer-metropolis-technologies-bengaluru-7-to-12-years-301025500665
Data Analytics Engineer ( Marketing Analytics),Tencys Systems,Hybrid - Bengaluru,6-11 Yrs,Not Available,"marketing analytics, Google Ads, Business Intelligence Reporting, Google Analytics, Data Analytics, Marketo, Adobe Analytics, Advertising",Analytics Engineer,Naukri,1 week ago,https://www.naukri.com/job-listings-data-analytics-engineer-marketing-analytics-tencys-systems-bengaluru-6-to-11-years-260526029683
Data Analytics Engineer Intern,Zuntra Digital,Chennai,0-1 Yrs,Not Available,"Computer science, Data analysis, Intern, Analytical, Data collection, power bi, Data analytics, data visualization",Analytics Engineer,Naukri,3+ weeks ago,https://www.naukri.com/job-listings-data-analytics-engineer-intern-zuntra-digital-chennai-0-to-1-years-260326503206
Senior Analytics Engineer,Aeries Technology,Bengaluru,6-11 Yrs,Not Available,"Automation, Enterprise applications, Analytical, Consulting, Continuous improvement, Portfolio management, Operations, Analytics",Analytics Engineer,Naukri,3+ weeks ago,https://www.naukri.com/job-listings-senior-analytics-engineer-aeries-technology-group-bengaluru-6-to-11-years-260326502359
Senior Analytics Engineer,Acmeminds,Chandigarh,5-10 Yrs,15-25 Lacs PA,"Looker, Redshift Aws, MySQL, Data Build Tool, Python, data model, Business Intelligence, Bi Tools",Analytics Engineer,Naukri,2 weeks ago,https://www.naukri.com/job-listings-senior-analytics-engineer-acmeminds-chandigarh-5-to-10-years-220526018431
Senior Analytics Engineer Product & Customer Analytics,Highlevel Llc,Remote,4-9 Yrs,Not Available,"Automation, metadata, Product engineering, customer analytics, Artificial Intelligence, Schema, Analytics, Monitoring",Analytics Engineer,Naukri,2 weeks ago,https://www.naukri.com/job-listings-senior-analytics-engineer-product-customer-analytics-highlevel-remote-4-to-9-years-210526505293
Staff Analytics Engineer Customer Data Platform,Highlevel Llc,Remote,9-14 Yrs,Not Available,"Change management, Automation, Usage, Schema, Instrumentation, OLAP, Macros, Analytics",Analytics Engineer,Naukri,2 weeks ago,https://www.naukri.com/job-listings-staff-analytics-engineer-customer-data-platform-highlevel-remote-9-to-14-years-210526505255
Staff Analytics Engineer - Finance,Okta,Bengaluru,8-13 Yrs,Not Available,"Finance, Data Engineering, Architecture, Use Cases, Saas, Ai, Bi Tools, Dimensional Modeling",Analytics Engineer,Naukri,2 weeks ago,https://www.naukri.com/job-listings-staff-analytics-engineer-finance-okta-identity-india-private-limited-bengaluru-8-to-13-years-200526938028
"Lead, Analytics Engineer (BI)",Wework,Bengaluru,5-9 Yrs,Not Available,"Performance tuning, Data analysis, Version control, GIT, Data modeling, Data quality, Analytics, Monitoring",Analytics Engineer,Naukri,2 weeks ago,https://www.naukri.com/job-listings-lead-analytics-engineer-bi-wework-bengaluru-5-to-9-years-190526500694
Data Analytics Engineer Intern,Wingify Software,New Delhi,Not Available,Unpaid,Not Available,Analytics Engineer,Naukri,Starts in 1-3 months,https://www.naukri.com/job-listings-data-analytics-engineer-intern-wingify-new-delhi-0-to-1-years-180526507442
Senior Analytics Engineer,Acmeminds Solutions,Chandigarh,6-10 Yrs,Not Available,"Backend, Product engineering, Data modeling, MySQL, Engineering Manager, Application development, Data quality, Macros",Analytics Engineer,Naukri,2 weeks ago,https://www.naukri.com/job-listings-senior-analytics-engineer-acmeminds-solutions-chandigarh-6-to-10-years-180526507066
Performance & Analytics Engineer,Capgemini,Navi Mumbai,4-9 Yrs,Not Available,"oil, load runner, performance monitoring, performance testing, vugen, hp performance center, documentation, thermodynamics",Analytics Engineer,Naukri,3 weeks ago,https://www.naukri.com/job-listings-performance-analytics-engineer-capgemini-technology-services-india-limited-navi-mumbai-4-to-9-years-150526923641
Staff Analytics Engineer - Finance,Reaology Lucknow,Bengaluru,8-13 Yrs,Not Available,"Finance Manager, Data modeling, Billing, Agile, Data processing, Data quality, Continuous improvement, Analytics",Analytics Engineer,Naukri,3 weeks ago,https://www.naukri.com/job-listings-staff-analytics-engineer-finance-okta-bengaluru-8-to-13-years-150526504680
"Analytics Engineer II, Identity",Spring Health Water,Remote,3-8 Yrs,Not Available,"Machine learning, Healthcare, Data quality, Business intelligence, microsoft, Analytics, Monitoring, Downstream",Analytics Engineer,Naukri,3 weeks ago,https://www.naukri.com/job-listings-analytics-engineer-ii-identity-spring-health-remote-3-to-8-years-150526503611
Analytics Engineer II,Tala,Remote,3-8 Yrs,Not Available,"Engineer II, Training, Analytical, Artificial Intelligence, Finance, Infrastructure, Analytics, SQL",Analytics Engineer,Naukri,3+ weeks ago,https://www.naukri.com/job-listings-analytics-engineer-ii-tala-remote-3-to-8-years-150426501845
Senior Analytics Engineer,Outreach,Hyderabad,2-5 Yrs,Not Available,"SAP, Coding, Data modeling, Data quality, Forecasting, Operations, Analytics, Monitoring",Analytics Engineer,Naukri,3 weeks ago,https://www.naukri.com/job-listings-senior-analytics-engineer-outreach-hyderabad-2-to-5-years-130526501998
Power BI & Microsoft Fabric Analytics Engineer,Teklink Software,"Hybrid - Indore, Hyderabad, Bengaluru",4-9 Yrs,Not Available,"Power Bi, Microsoft Fabric, SQL, Fabric, Microsoft, MSBI, Analytics, Bi",Analytics Engineer,Naukri,3 weeks ago,https://www.naukri.com/job-listings-power-bi-microsoft-fabric-analytics-engineer-teklink-software-indore-hyderabad-bengaluru-4-to-9-years-130526046378
Senior Data Engineer / Data Analytics Engineer,The Business Research Company,Hyderabad,1-5 Yrs,10-14 Lacs PA,"Data Pipeline, Data Warehousing, Elt, SQL, Python, Data Validation, Data Quality, Power Bi",Analytics Engineer,Naukri,3 weeks ago,https://www.naukri.com/job-listings-senior-data-engineer-data-analytics-engineer-the-business-research-company-hyderabad-1-to-5-years-130526042064
"Principal Engineer, Data Analytics Engineering",Western Digital,Bengaluru,8-12 Yrs,Not Available,"Computer science, Solution architecture, orchestration, Architecture, Workflow, Stakeholder management, Operations, Cost optimization",Analytics Engineer,Naukri,3+ weeks ago,https://www.naukri.com/job-listings-principal-engineer-data-analytics-engineering-sandisk-bengaluru-8-to-12-years-130426503406
"Staff Engineer, Data Analytics Engineering",Western Digital,Bengaluru,6-8 Yrs,Not Available,"Automation, Operational excellence, Linux, GCP, Cloud, Data processing, Information technology, Analytics",Analytics Engineer,Naukri,3+ weeks ago,https://www.naukri.com/job-listings-staff-engineer-data-analytics-engineering-sandisk-bengaluru-6-to-8-years-130426500575
Global Head of Data and Analytics Engineering,Cintal,Remote,15-20 Yrs,Not Available,"Leadership, Advanced Analytics, and intelligent automation, machine learning, data engineering, Analytics, Automation, Machine",Analytics Engineer,Naukri,2 weeks ago,https://www.naukri.com/job-listings-global-head-of-data-and-analytics-engineering-cintal-india-15-to-20-years-110326035346
Senior Data Analytics Engineer,MatchMove,Gurugram,6-10 Yrs,Not Available,"hive, modeling, glue, amazon redshift, payments, data warehousing, dms, emr",Analytics Engineer,Naukri,3+ weeks ago,https://www.naukri.com/job-listings-senior-data-analytics-engineer-matchmove-global-pte-ltd-gurugram-6-to-10-years-080426501802
Senior Analytics Engineer I,Fidelity International,Bengaluru,10-15 Yrs,Not Available,"machine learning, snowflake, python, data analytics, data engineer, neural networks, ai, numpy",Analytics Engineer,Naukri,3+ weeks ago,https://www.naukri.com/job-listings-senior-analytics-engineer-i-fil-india-business-and-research-services-private-limited-bengaluru-10-to-15-years-060526929422
Data Analytics Engineer,Encore Software Services,Pune,3-7 Yrs,Not Available,"snowflake, python, data analytics, modeling, metadata management, bi, data warehousing, analytics data",Analytics Engineer,Naukri,3+ weeks ago,https://www.naukri.com/job-listings-data-analytics-engineer-encore-software-services-pune-3-to-7-years-060526501908
Data Analytics Engineer,NS PLus Technology Pvt Ltd,Chennai,3-6 Yrs,Not Available,"Data Analytics, Data Modeling, Python, Modeling, Analytics, Data",Analytics Engineer,Naukri,3+ weeks ago,https://www.naukri.com/job-listings-data-analytics-engineer-narayan-solutions-chennai-3-to-6-years-060526023066
Senior Data Analytics Engineer,NS PLus Technology Pvt Ltd,Hybrid - Chennai,3-5 Yrs,Not Available,"ODI, Data Modeling, PLSQL, Oci Admin, ETL, Analytics, Senior, OTM",Analytics Engineer,Naukri,3+ weeks ago,https://www.naukri.com/job-listings-senior-data-analytics-engineer-narayan-solutions-chennai-3-to-5-years-060526020737
Data Analytics Engineer,APPLIED INFORMATION SCIENCES (AIS),Hybrid - Hyderabad,8-13 Yrs,Not Available,"Power Bi, Azure Data Factory, Azure Synapse, Data Analytics, Reporting And Analytics, Pyspark, Azure, Bi",Analytics Engineer,Naukri,3+ weeks ago,https://www.naukri.com/job-listings-data-analytics-engineer-applied-information-sciences-ais-hyderabad-8-to-13-years-050526044378
Big query analytics engineering,Kairos Technologies,Hybrid - India,10-18 Yrs,Not Available,"Pyspark, Bigquery, Python, Query, Engineering, Analytics",Analytics Engineer,Naukri,3+ weeks ago,https://www.naukri.com/job-listings-big-query-analytics-engineering-kairos-technologies-india-10-to-18-years-050526027481
Advanced Analytics Engineer,Augusta Hitech Soft Solutions,Coimbatore,8-13 Yrs,Not Available,"advanced analytics, Excel, Analytical, Finance, Machine learning, Trend analysis, Variance analysis, SQL",Analytics Engineer,Naukri,3+ weeks ago,https://www.naukri.com/job-listings-advanced-analytics-engineer-augusta-hitech-soft-solutions-coimbatore-8-to-13-years-020426509493
Senior Data Analytics Engineer,Mariadb,Remote,7-12 Yrs,Not Available,"Automation, Linux, Machine learning, Javascript, Workflow, Data analytics, Application development, Analytics",Analytics Engineer,Naukri,3+ weeks ago,https://www.naukri.com/job-listings-senior-data-analytics-engineer-mariadb-plc-remote-7-to-12-years-020426502112
Data Science Analytics Engineering Intern,Channel Fusion,Remote,Not Available,Unpaid,Not Available,Analytics Engineer,Naukri,Starts in 1-3 months,https://www.naukri.com/job-listings-data-science-analytics-engineering-intern-channel-fusion-remote-3-to-5-years-300126506050
Data Scientist Analytics Engineer,Channel Fusion,Remote,5-8 Yrs,Not Available,"Data modeling, Debugging, Machine learning, power bi, Data structures, Analytics, Monitoring, Product support",Analytics Engineer,Naukri,3+ weeks ago,https://www.naukri.com/job-listings-data-scientist-analytics-engineer-channel-fusion-remote-5-to-8-years-300126506049
Senior Data & Analytics Engineer,Swiss Re,Bengaluru,3-6 Yrs,Not Available,"analytics, bi tools, data modeling, pyspark, sqlpython, Modeling, Senior, Tools",Analytics Engineer,Naukri,3+ weeks ago,https://www.naukri.com/job-listings-senior-data-analytics-engineer-swiss-re-bengaluru-3-to-6-years-290825502332
Data Analytics Engineer,Zuntra Digital,Chennai,1-3 Yrs,Not Available,"Computer science, Data validation, GCP, Analytical, Machine learning, Data processing, Data analytics, data visualization",Analytics Engineer,Naukri,3+ weeks ago,https://www.naukri.com/job-listings-data-analytics-engineer-zuntra-digital-chennai-1-to-3-years-260326502994
Data Analytics & Engineering Specialist,Fugro,Mumbai,5-10 Yrs,Not Available,"Computer science, Automation, Data analysis, Project management, Process improvement, Machine learning, Continuous improvement, SQL",Analytics Engineer,Naukri,2 weeks ago,https://www.naukri.com/job-listings-data-analytics-engineering-specialist-fugro-survey-india-pvt-ltd-mumbai-5-to-10-years-210526502409
Data Analytics Engineer,Ehimaya Technologies,Remote,2-4 Yrs,Not Available,"advanced analytics, Data processing, Data analytics, Predictive maintenance, Maintenance, Predictive, Data, Processing",Analytics Engineer,Naukri,3+ weeks ago,https://www.naukri.com/job-listings-data-analytics-engineer-ehimaya-technologies-remote-2-to-4-years-191225502845
Associate Data & Analytics Engineer,Swiss Re,Bengaluru,1-3 Yrs,Not Available,"python, css, predictive analytics, pyspark, power bi, data pipeline, machine learning, data engineering",Analytics Engineer,Naukri,3+ weeks ago,https://www.naukri.com/job-listings-associate-data-analytics-engineer-swiss-re-bengaluru-1-to-3-years-181225501530
Data Analytics Engineer,Dalisoft Technologies,Remote,2-5 Yrs,Not Available,"Performance tuning, tableau, Time series analysis, Analytical, power bi, Data analytics, Operations, OEE",Analytics Engineer,Naukri,2 weeks ago,https://www.naukri.com/job-listings-data-analytics-engineer-dalisoft-technologies-pvt-ltd-remote-2-to-5-years-180526507213
BI Developer/Analytics Engineer Power BI,Radiatechs,Remote,4-8 Yrs,Not Available,"Training, Usage, Delta, KPI, IFS, query, power bi, Deployment",Analytics Engineer,Naukri,3+ weeks ago,https://www.naukri.com/job-listings-bi-developer-analytics-engineer-power-bi-radiatechs-private-limited-remote-4-to-8-years-171225503969
Senior BI Engineer / Analytics Engineer,Grassroots Solutions & Services Pvt Ltd,Bengaluru,6-11 Yrs,Not Available,"Supply chain, ERP, Backend, Enterprise applications, Postgresql, MySQL, Warehouse management, Apache",Analytics Engineer,Naukri,3+ weeks ago,https://www.naukri.com/job-listings-senior-bi-engineer-analytics-engineer-grassroots-solutions-services-pvt-ltd-bengaluru-6-to-11-years-120326503826
Senior Visual Analytics Engineer,Nthinsight,Bengaluru,5-10 Yrs,Not Available,"Data structures, Analytics, Senior, Visual Analytics, Data, Visual",Analytics Engineer,Naukri,3+ weeks ago,https://www.naukri.com/job-listings-senior-visual-analytics-engineer-nthinsight-technologies-bengaluru-5-to-10-years-110624501629
Big Data Analytics Engineer - Hadoop / Hive - Banking Domain,MNJ Software,Remote,4-10 Yrs,Not Available,"IT services, Product engineering, Coding, Analytical, Vulnerability, Business intelligence, Business solutions, Information technology",Analytics Engineer,Naukri,3+ weeks ago,https://www.naukri.com/job-listings-big-data-analytics-engineer-hadoop-hive-banking-domain-mnj-software-private-limited-remote-4-to-10-years-101122502453
Sr Analytics Engineer,Slintel,Bengaluru,7-12 Yrs,Not Available,"Automation, Usage, Analytical, Debugging, Wellness, Operations, SQL, performance measurement",Analytics Engineer,Naukri,3+ weeks ago,https://www.naukri.com/job-listings-sr-analytics-engineer-slintel-bengaluru-7-to-12-years-100326502861
Sr Analytics Engineer GTM Strategy and Operations,Databricks,Bengaluru,4-8 Yrs,Not Available,"python, system, design, big data technologies, etl, nosql databases, SR, DBMS",Analytics Engineer,Naukri,3+ weeks ago,https://www.naukri.com/job-listings-sr-analytics-engineer-gtm-strategy-and-operations-databricks-bengaluru-4-to-8-years-100225502947
Process Analytics & Engineering Chemical / Petrochemical Engineers,Einnel Technologies,Chennai,0-3 Yrs,Not Available,"Thermodynamics, Data analysis, Simulation, Analytical, Machine learning, MATLAB, Petrochemical, Aspen",Analytics Engineer,Naukri,3+ weeks ago,https://www.naukri.com/job-listings-process-analytics-engineering-chemical-petrochemical-engineers-einnel-technologies-chennai-0-to-3-years-090126503721
Senior Analytics Engineer,InfoStride,Noida,5-10 Yrs,Not Available,"Claims, Version control, GIT, Linux, Data modeling, Business analytics, Healthcare, Customer support",Analytics Engineer,Naukri,3+ weeks ago,https://www.naukri.com/job-listings-senior-analytics-engineer-infostride-inc-noida-5-to-10-years-080725503586
"Manager, Data and Analytics Engineer",Pfizer,Chennai,5-10 Yrs,Not Available,"Data analysis, SAP, Publishing, Data modeling, Coding, Business analytics, Data processing, Business intelligence",Analytics Engineer,Naukri,3+ weeks ago,https://www.naukri.com/job-listings-manager-data-and-analytics-engineer-pfizer-chennai-5-to-10-years-080426504994
Sr. Associate Data and Analytics Engineer,Pfizer,Chennai,3-5 Yrs,Not Available,"Data analysis, SAP, Publishing, Data modeling, Coding, Business analytics, Data processing, Business intelligence",Analytics Engineer,Naukri,3+ weeks ago,https://www.naukri.com/job-listings-sr-associate-data-and-analytics-engineer-pfizer-chennai-3-to-5-years-080426504763
CRM Analytics Engineer,IDESLABS,New Delhi,5-7 Yrs,Not Available,"E-learning, System architecture, tableau, Architecture, Data modeling, JSON, Predictive modeling, Troubleshooting",Analytics Engineer,Naukri,3+ weeks ago,https://www.naukri.com/job-listings-crm-analytics-engineer-ideslabs-private-limited-new-delhi-5-to-7-years-071223500856
Data Science/Analytics Engineer,Sisl Infotech,New Delhi,2-6 Yrs,Not Available,"hive, algorithms, python, natural language processing, machine learning, nosql, sql, software design and development",Analytics Engineer,Naukri,3+ weeks ago,https://www.naukri.com/job-listings-data-science-analytics-engineer-sisl-infotech-pvt-ltd-new-delhi-2-to-6-years-061125506393
Senior Data Science/Analytics Engineer,Sisl Infotech,New Delhi,5-8 Yrs,Not Available,"time series analysis, algorithms, python, power bi, data pipeline, business intelligence, nosql, sql",Analytics Engineer,Naukri,3+ weeks ago,https://www.naukri.com/job-listings-senior-data-science-analytics-engineer-sisl-infotech-pvt-ltd-new-delhi-5-to-8-years-061125506194
Senior Analytics Engineer,Deliveroo,Hyderabad,6-11 Yrs,Not Available,"Automation, Product engineering, Version control, Coding, Catering, Data warehousing, Analytics, Downstream",Analytics Engineer,Naukri,3+ weeks ago,https://www.naukri.com/job-listings-senior-analytics-engineer-deliveroo-hyderabad-6-to-11-years-061125505355
Sr. Data Engineer (Big Data & Analytics Engineering),Mastercard,Pune,5-10 Yrs,Not Available,"data engineer, hive, sql, analytics, git, data science, data modeling, spark",Analytics Engineer,Naukri,3+ weeks ago,https://www.naukri.com/job-listings-sr-data-engineer-big-data-analytics-engineering-mastercard-india-services-private-limited-pune-5-to-10-years-060526935320
"Lead, Big Data Analytics & Engineering",Mastercard,Pune,8-13 Yrs,Not Available,"big data, python, data analytics, big data analytics, data mining, airflow, talend, ai",Analytics Engineer,Naukri,3+ weeks ago,https://www.naukri.com/job-listings-lead-big-data-analytics-engineering-mastercard-india-services-private-limited-pune-8-to-13-years-060526935164
Senior Data Analytics Engineer,Salesforce,Hyderabad,8-13 Yrs,Not Available,"Data analysis, Analytical, Strategic planning, Data analytics, Stakeholder management, Forecasting, CRM, SQL",Analytics Engineer,Naukri,3+ weeks ago,https://www.naukri.com/job-listings-senior-data-analytics-engineer-salesforce-hyderabad-8-to-13-years-060426500373
Salesforce Einstein Analytics Engineer,The Transformation Group,Pune,5-10 Yrs,Not Available,"Microstrategy, Technical design, Consulting, Agile, JSON, Informatica, Analytics, Monitoring",Analytics Engineer,Naukri,3+ weeks ago,https://www.naukri.com/job-listings-salesforce-einstein-analytics-engineer-the-transformation-group-pune-5-to-10-years-051223500108
Engineer,Stefab,Visakhapatnam,4-10 Yrs,Not Available,"repair, project management, mechanical engineering, production, maintenance engineering, preventive maintenance, problem solving, engineering",Analytics Engineer,Naukri,1 week ago,https://www.naukri.com/job-listings-engineer-stefab-india-visakhapatnam-4-to-10-years-290526501392
Engineer,Ssnr Projects,Visakhapatnam,0-6 Yrs,Not Available,"electronics, fea, mechanical engineering, production, cae, simulation, cad, thermodynamics",Analytics Engineer,Naukri,3+ weeks ago,https://www.naukri.com/job-listings-engineer-ssnr-projects-private-limited-visakhapatnam-0-to-6-years-301025508963
Engineer,Techno Aqua Tech,Visakhapatnam,3-5 Yrs,Not Available,"Process design, Water treatment, Chemistry, Costing, Chemical, Mechanical, Process, Design",Analytics Engineer,Naukri,3+ weeks ago,https://www.naukri.com/job-listings-engineer-techno-aqua-tech-pvt-ltd-visakhapatnam-3-to-5-years-261018501705
Engineer,First Source Energy India,"Vijayawada, Visakhapatnam, Guntur, Nellore",8-13 Yrs,Not Available,"Networking, Compliance, Value engineering, Solar energy, thermal, EPC, Telecommunication, O&M Head",Analytics Engineer,Naukri,3+ weeks ago,https://www.naukri.com/job-listings-engineer-eq-magazine-first-source-energy-india-pvt-ltd-vijayawada-visakhapatnam-guntur-nellore-8-to-13-years-210226500104
Engineer,South Asia Lpg Company,Visakhapatnam,2-7 Yrs,Not Available,"Chemical, Mechanical, Shift Incharge, Troubleshooting, Operations, Electricals, Inventory, Terminal operations",Analytics Engineer,Naukri,3+ weeks ago,https://www.naukri.com/job-listings-engineer-south-asia-lpg-company-private-limited-visakhapatnam-2-to-7-years-181225504129
Analytical Engineer,Cleanmax Solar,Pune,4-9 Yrs,Not Available,"ISO, QOS, Analytical, Issue resolution, Asset management, Monitoring, SCADA, Maintenance management",Analytics Engineer,Naukri,3+ weeks ago,https://www.naukri.com/job-listings-analytical-engineer-cleanmax-green-energy-pune-4-to-9-years-160426502439
Analytical Engineer,Dentsply Sirona,Gurugram,5-10 Yrs,Not Available,"management information system, Medical devices, Version control, Architecture, Analytical, Agile, Management, Troubleshooting",Analytics Engineer,Naukri,3+ weeks ago,https://www.naukri.com/job-listings-analytical-engineer-dentsply-sirona-gurugram-5-to-10-years-120925503534
IT Analytical Engineer,"Valmont Industries, Inc.",Pune,2-5 Yrs,Not Available,"customer service orientation, python, data manipulation, data warehousing, dimensional modeling, azure data factory, analysis, machine learning",Analytics Engineer,Naukri,3+ weeks ago,https://www.naukri.com/job-listings-it-analytical-engineer-valmont-industries-inc-pune-2-to-5-years-100226501348
Snowflake DBt,Tata Consultancy Services,Visakhapatnam,4-9 Yrs,Not Available,"Snowflake, Data Build Tool, ETL, Build, Build Automation, Data, Tools",Analytics Engineer,Naukri,3+ weeks ago,https://www.naukri.com/job-listings-snowflake-dbt-tata-consultancy-services-visakhapatnam-4-to-9-years-060526023768
Data Analytics Operations Lead Engineer -HIH- Evernorth,Cigna Medical Group,Hyderabad,5-8 Yrs,Not Available,"metadata, Automation, Publishing, Pharmacy, data governance, Data quality, Operations, Analytics",Analytics Engineer,Naukri,1 day ago,https://www.naukri.com/job-listings-data-analytics-operations-lead-engineer-hih-evernorth-cigna-medical-group-hyderabad-5-to-8-years-050626501231
Principal Software Engineer - Data Analytics,PubMatic,Pune,6-11 Yrs,Not Available,"fundamentals, rest, snowflake, python, scala, verbal communication, interpersonal skills, jdbc",Analytics Engineer,Naukri,2 days ago,https://www.naukri.com/job-listings-principal-software-engineer-data-analytics-pubmatic-pune-6-to-11-years-240426019500
Senior/Software Engineer - Data Analytics,PubMatic,Pune,3-6 Yrs,Not Available,"fundamentals, rest, snowflake, python, scala, interpersonal skills, jdbc, backend development",Analytics Engineer,Naukri,2 days ago,https://www.naukri.com/job-listings-senior-software-engineer-data-analytics-pubmatic-pune-3-to-6-years-090326024074
Data Engineer (Reporting / Analytics),Symphonyincubator Business Services,Bengaluru,2-6 Yrs,Not Available,"Data Engineer, Data Validation, Data Pipelines, Database Design, Data Analysis Tools, Analytics, Communication And Interpersonal Skills, Data Quality",Analytics Engineer,Naukri,1 day ago,https://www.naukri.com/job-listings-data-engineer-reporting-analytics-symphonyincubator-business-services-private-limite-d-bengaluru-2-to-6-years-050626924509
IND Manager GSM Analytics : Data Engineering - Analytics & BI,Aon,Bengaluru,5-7 Yrs,Not Available,"GSM, Data management, Project management, MIS, Agile, Oracle, RFP, Ariba",Analytics Engineer,Naukri,1 day ago,https://www.naukri.com/job-listings-ind-manager-gsm-analytics-data-engineering-analytics-bi-aon-bengaluru-5-to-7-years-050626502417
"Lead QA Engineer (ETL), US Healthcare Analytics Product, Gurgaon",Spectramedix,Hybrid - Gurugram(Sector 44),8-12 Yrs,Not Available,"DWH Testing, ETL Testing, SQL, Bi Testing, Data Warehouse Testing, Database Testing, Data Testing, DB testing",Analytics Engineer,Naukri,1 day ago,https://www.naukri.com/job-listings-lead-qa-engineer-etl-us-healthcare-analytics-product-gurgaon-spectramedix-gurugram-8-to-12-years-050626024731
"Software Engineering Lead - Salesforce CRM Analytics, Tableau, PowerBI",Optum,Hyderabad,6-11 Yrs,Not Available,"Tableau, Bi Development, Automation, Data Engineering, Architecture, Use Cases, Ai, Analytics",Analytics Engineer,Naukri,2 days ago,https://www.naukri.com/job-listings-software-engineering-lead-salesforce-crm-analytics-tableau-powerbi-optum-global-solutions-india-private-limited-hyderabad-6-to-11-years-040626928073
Senior Software Engineer--Sr Data Analytics,CGI,Bengaluru,5-7 Yrs,Not Available,"Software Engineer, Financial Analysis, Regulatory Reporting, Systems Integration, Intellectual Property, Analytics, Recruitment, Software Development",Analytics Engineer,Naukri,2 days ago,https://www.naukri.com/job-listings-senior-software-engineer-sr-data-analytics-cgi-information-systems-and-management-consultants-bengaluru-5-to-7-years-040626927334
Data Engineer AI & Analytics,Mechispike Solutions,Hyderabad,5-10 Yrs,Not Available,"PLM, metadata, orchestration, Data modeling, data governance, Data processing, Data quality, Analytics",Analytics Engineer,Naukri,2 days ago,https://www.naukri.com/job-listings-data-engineer-ai-analytics-mechispike-solutions-hyderabad-5-to-10-years-040626502704
Azure Data Engineer- MS Fabric -- US MNC (analytics),US MNC (analytics),"Hybrid - Gurugram, Bengaluru",4-8 Yrs,20-35 Lacs PA,"Azure, Pyspark, Data Engineering, Power Bi, Azure Databricks, Tableau, Data Bricks, SQL",Analytics Engineer,Naukri,2 days ago,https://www.naukri.com/job-listings-azure-data-engineer-ms-fabric-us-mnc-analytics-aspyra-hr-services-gurugram-bengaluru-4-to-8-years-040626023315
Snowflake Data engineer-- US MNC (analytics),US MNC (analytics),"Hybrid - Pune, Gurugram, Bengaluru",3-7 Yrs,15-30 Lacs PA,"Snowflake, Etl Pipelines, Data Engineering, Snowsql, Snowflake Modeling, Snowpipe, Elt, SQL",Analytics Engineer,Naukri,2 days ago,https://www.naukri.com/job-listings-snowflake-data-engineer-us-mnc-analytics-aspyra-hr-services-pune-gurugram-bengaluru-3-to-7-years-040626023300
GCP Data Engineer - US MNC (analytics),US MNC (analytics),"Hybrid - Gurugram, Bengaluru, Delhi / NCR",3-6 Yrs,15-30 Lacs PA,"GCP, Etl Pipelines, Pyspark, Data Engineering, Bigquery, Big Data, Google Cloud Services, Gcp Cloud",Analytics Engineer,Naukri,2 days ago,https://www.naukri.com/job-listings-gcp-data-engineer-us-mnc-analytics-aspyra-hr-services-gurugram-bengaluru-delhi-ncr-3-to-6-years-040626023042
ML Ops Engineer -- US Client (Analytics),US MNC (Analytics),"Hybrid - Pune, Gurugram, Bengaluru",5-10 Yrs,25-40 Lacs PA,"mlops, ML Flow, Python, Logistic Regression, Artificial Intelligence, Natural Language Processing, Machine Learning, Devops",Analytics Engineer,Naukri,2 days ago,https://www.naukri.com/job-listings-ml-ops-engineer-us-client-analytics-aspyra-hr-services-pune-gurugram-bengaluru-5-to-10-years-040626022611
Data scientist / ML Engineer -- US Client (Analytics),US MNC (analytics),"Hybrid - Pune, Gurugram, Bengaluru",3-8 Yrs,20-35 Lacs PA,"Python, Predictive Modeling, Logistic Regression, Artificial Intelligence, risk modeling, Natural Language Processing, Machine Learning, Fraud detection",Analytics Engineer,Naukri,2 days ago,https://www.naukri.com/job-listings-data-scientist-ml-engineer-us-client-analytics-aspyra-hr-services-pune-gurugram-bengaluru-3-to-8-years-040626022587
AVP Data scientist / ML Engineer -- US Client (Analytics),US MNC (analytics),"Hybrid - Pune, Gurugram, Bengaluru",8-12 Yrs,40-55 Lacs PA,"Python, Predictive Modeling, mlops, Logistic Regression, Artificial Intelligence, Natural Language Processing, Machine Learning, Fraud detection",Analytics Engineer,Naukri,2 days ago,https://www.naukri.com/job-listings-avp-data-scientist-ml-engineer-us-client-analytics-aspyra-hr-services-pune-gurugram-bengaluru-8-to-12-years-040626022579
Cost Estimation Engineer (with Data Analytics Background),Arce Polymers,Hyderabad(IDA Jeedimetla),2-5 Yrs,2.5-3.5 Lacs PA,"Cost Estimation, Manufacturing Processes, Cost Analysis, Rate Analysis, Cost Engineering, Bom Preparation, Product Costing, Proposal Preparation",Analytics Engineer,Naukri,2 days ago,https://www.naukri.com/job-listings-cost-estimation-engineer-with-data-analytics-background-arce-polymers-hyderabad-2-to-5-years-040626009379
Associate Engineer - Embedded AI & Data Analytics,HARMAN India,"Kalyani, Bengaluru",1-3 Yrs,Not Available,"Computer science, C++, Data modeling, Data analytics, Information technology, Analytics, Monitoring, Automotive",Analytics Engineer,Naukri,5 days ago,https://www.naukri.com/job-listings-associate-engineer-embedded-ai-data-analytics-harman-india-kalyani-bengaluru-1-to-3-years-010626504028
Data Engineering & Analytics Professionals,Lagozon Technologies,New Delhi,3-8 Yrs,Not Available,"Data analysis, GCP, Data modeling, Analytical, Consulting, Cloud, Stored procedures, Business intelligence",Analytics Engineer,Naukri,2 weeks ago,https://www.naukri.com/job-listings-data-engineering-analytics-professionals-lagozon-technologies-private-limited-new-delhi-3-to-8-years-180526506748
HR Analytics & Automation Specialist,Engineering Technology / Cloud Solutions,Hybrid - Pune,7-12 Yrs,Not Available,"Workday, Hr Transformation, Hr Automation, Power Bi, Power Automate, Design Dashboard, Dashboard Development, Hrsd",Analytics Engineer,Naukri,5 days ago,https://www.naukri.com/job-listings-hr-analytics-automation-specialist-orcapod-consulting-services-pune-7-to-12-years-120526005026
Lead Data Engineer - Pune - Rudder Analytics,Rudder Analytics,Remote,5-10 Yrs,Not Available,"Cloud Services, etl developer, python, Senior Data Engineer, talend, data warehousing, java, selenium",Analytics Engineer,Naukri,2 days ago,https://www.naukri.com/job-listings-lead-data-engineer-pune-rudder-analytics-rudder-analytics-pune-5-to-10-years-040626024096
Senior Data Engineer - Pune - Rudder Analytics,Rudder Analytics,Remote,3-6 Yrs,Not Available,"Cloud Services, etl developer, python, Senior Data Engineer, talend, data warehousing, java, selenium",Analytics Engineer,Naukri,2 days ago,https://www.naukri.com/job-listings-senior-data-engineer-pune-rudder-analytics-rudder-analytics-pune-3-to-6-years-040626024061
"Software Engineering Lead - Salesforce CRM Analytics, Tableau, PowerBI",Optum,Hybrid - Hyderabad,6-10 Yrs,20-27.5 Lacs PA,"Power Bi, Salesforce Data Cloud, Tableau, Salesforce CRM, Salesforce Sales Cloud, CRM Analytics, Software engineering, Engineering",Analytics Engineer,Naukri,2 days ago,https://www.naukri.com/job-listings-software-engineering-lead-salesforce-crm-analytics-tableau-powerbi-optum-hyderabad-6-to-10-years-030626033913
Data Engineer with Analytics - US SHift - Work from Office,Stratton Hr,Mumbai (All Areas),3-8 Yrs,Not Available,"Etl Pipelines, Data Engineering, Migration, Advance Sql, GCP, KPI Creation, Bigquery, Adobe",Analytics Engineer,Naukri,3 days ago,https://www.naukri.com/job-listings-data-engineer-with-analytics-us-shift-work-from-office-stratton-hr-mumbai-all-areas-3-to-8-years-030626016587
Staff Engineer - Data Analytics,SLK Software,Bengaluru,5-10 Yrs,Not Available,"Data analysis, Usage, Manager Quality Assurance, power bi, Mentor, Data quality, Data analytics, Quality",Analytics Engineer,Naukri,4 days ago,https://www.naukri.com/job-listings-staff-engineer-data-analytics-slk-software-services-private-limited-bengaluru-5-to-10-years-020626502968
Senior Engineer - Data Analytics,SLK Software,Chennai,5-10 Yrs,Not Available,"Data analysis, Agile, data governance, power bi, Mentor, Data analytics, data visualization, Continuous improvement",Analytics Engineer,Naukri,4 days ago,https://www.naukri.com/job-listings-senior-engineer-data-analytics-slk-software-services-private-limited-chennai-5-to-10-years-020626502959
Senior Engineer - Data Analytics,SLK Software,Bengaluru,5-10 Yrs,Not Available,"python, data analytics, data analysis, power bi, business analysis, data warehousing, business analytics, machine learning",Analytics Engineer,Naukri,4 days ago,https://www.naukri.com/job-listings-senior-engineer-data-analytics-slk-software-services-private-limited-bengaluru-5-to-10-years-020626502950
Senior QA / SDET Engineer (Windows File Analytics Platform),Vigoursoft Global Solutions,Pune,5-10 Yrs,Not Available,"emerging technologies, python, project management, software development, software testing, appium, automation testing, problem solving",Analytics Engineer,Naukri,4 days ago,https://www.naukri.com/job-listings-senior-qa-sdet-engineer-windows-file-analytics-platform-vigoursoft-global-solutions-pune-5-to-10-years-020626502480
Azure Data Engineer - Azure Synapse Analytics,Ltimindtree,"Hybrid - Chennai, Bengaluru",7-12 Yrs,8-18 Lacs PA,"Azure Data Factory, Azure Synapse Analytics, Azure Data Engineering, Azure Databricks, Microsoft Azure, Engineering, Analytics, Factory",Analytics Engineer,Naukri,4 days ago,https://www.naukri.com/job-listings-azure-data-engineer-azure-synapse-analytics-ltimindtree-chennai-bengaluru-7-to-12-years-020626017905
MLOps Engineer | Lead - Global Data Analytics company,Axtria,"Hyderabad, Bengaluru, Delhi / NCR",3-8 Yrs,15-30 Lacs PA,"Airflow, MLOps, Machine Learning, Company, Data, Leadership, Analytics, Global",Analytics Engineer,Naukri,5 days ago,https://www.naukri.com/job-listings-mlops-engineer-lead-global-data-analytics-company-axtria-hyderabad-bengaluru-delhi-ncr-3-to-8-years-010626026993
"Technical Trainer - Data Science, Data Analytics & Data Engineering",Jason School,Pune(Baner),3-8 Yrs,2.5-7 Lacs PA,"data science training, Pyspark, python, airtificial intelligence, Big Data, powerbi, Machine Learning, sql",Analytics Engineer,Naukri,5 days ago,https://www.naukri.com/job-listings-technical-trainer-data-science-data-analytics-data-engineering-jason-school-pune-3-to-8-years-010626011789
Walk-in Drive_ Plant Engineering Professionals (6th June 26),Taal Tech India,Unknown,Not Available,Not Available,"Plant 3D Designer, Piping Design, Structural Design, HMI, Rockwell Plc, Mechanical Design, PLC, Control System Design",Analytics Engineer,Naukri,1 day ago,https://www.naukri.com/job-listings-walk-in-drive-plant-engineering-professionals-6th-june-26-taal-tech-india-bengaluru-8-to-13-years-300526015010
Containers Engineer,Kyndryl,Bengaluru,7-12 Yrs,Not Available,Not Available,Analytics Engineer,Naukri,2 weeks ago,https://www.naukri.com/job-listings-200526504301
Drone/UAV Engineer,Terra Blue Exploration Technologies,"Bengaluru, Jammu",2-5 Yrs,4.5-9.5 Lacs PA,"Ardupilot, Drone, Telemetry, VIO, Embedded Hardware, Slam, Lidar, ROS2",Analytics Engineer,Naukri,Just now,https://www.naukri.com/job-listings-drone-uav-engineer-terra-blue-exploration-technologies-bengaluru-jammu-2-to-5-years-060626010081
Millwork engineer,Hitech Digital Solutions,"Kochi, Ahmedabad, Chennai",2-7 Yrs,5-13 Lacs PA,Not Available,Analytics Engineer,Naukri,Just now,https://www.naukri.com/job-listings-millwork-engineer-hitech-digital-solutions-kochi-ahmedabad-chennai-2-to-7-years-060626009994
Engineer-BIW,Euler Motors,Palwal,4-5 Yrs,Not Available,"Team Management, Compliance, Production Management, Safety, Welding Operations, Continuous Improvement, Quality Control, Improvement",Analytics Engineer,Naukri,Few hours ago,https://www.naukri.com/job-listings-engineer-biw-euler-motors-palwal-4-to-5-years-060626008548
Engineer,SFO Technologies,Kochi,0-1 Yrs,2.25-4 Lacs PA,"Business Development, Technical / Service Sales, Electronics & Devices, Sales, Lead Generation, Industrial Equipment, Electrical Components, Presales",Analytics Engineer,Naukri,Few hours ago,https://www.naukri.com/job-listings-engineer-sfo-technologies-kochi-0-to-1-years-060626007613
Dataops Engineer,Meeden Labs,"Hyderabad, Chennai, Bengaluru",4-7 Yrs,Not Available,"Airflow, Streaming, Data Pipeline, Ci/Cd, Flyway, Dagster, Data ops, Continuous Integration",Analytics Engineer,Naukri,Few hours ago,https://www.naukri.com/job-listings-dataops-engineer-meeden-labs-hyderabad-chennai-bengaluru-4-to-7-years-060626007016
Sewer and Sanitation Engineer,Solinas Integrity,India,5-8 Yrs,5-8 Lacs PA,Not Available,Analytics Engineer,Naukri,Today,https://www.naukri.com/job-listings-sewer-and-sanitation-engineer-solinas-integrity-india-5-to-8-years-060626004770
Seating Engineer,Tata Technologies,Pune,4-9 Yrs,Not Available,"compliance, technical lead, procurement, design, leadership, manufacturing, ppap, automotive",Analytics Engineer,Naukri,1 day ago,https://www.naukri.com/job-listings-seating-engineer-tata-technologies-ltd-pune-4-to-9-years-050626924389
MLOps Engineer,Wabtec,Bengaluru,15-20 Yrs,Not Available,"mlops, kubernetes, python, github, data pipelines, airflow, ai, aws sagemaker",Analytics Engineer,Naukri,1 day ago,https://www.naukri.com/job-listings-mlops-engineer-wabtec-india-industrial-private-limited-bengaluru-15-to-20-years-050626924285
Data Architecture Engineering Senior Professional,Hitachi Vantara,Hyderabad,10-16 Yrs,Not Available,"Architecture, Airflow, S3, Data Engineering, Data Pipelines, Powershell, Finance, Elt",Analytics Engineer,Naukri,1 day ago,https://www.naukri.com/job-listings-data-architecture-engineering-senior-professional-hitachi-vantara-india-pvt-ltd-hyderabad-10-to-16-years-050626923875
T24 Transact SRE Engineer,Luxoft,Bengaluru,8-13 Yrs,Not Available,"sre, rest, disaster recovery, nfrs, devops engineer, cybersecurity, root cause analysis, alerting",Analytics Engineer,Naukri,1 day ago,https://www.naukri.com/job-listings-t24-transact-sre-engineer-luxoft-india-llp-bengaluru-8-to-13-years-050626923801
Engineer,G R Infraprojects,"Panipat, Yamunanagar, Faridabad, Sonipat, Gurugram, Hisar",7-12 Yrs,Not Available,"Procurement, Printing, SAP, MIN, Excel, PDF, Bidding, Billing",Analytics Engineer,Naukri,1 day ago,https://www.naukri.com/job-listings-engineer-g-r-infraprojects-limited-panipat-yamunanagar-faridabad-sonipat-gurugram-hisar-7-to-12-years-050626503731
MEARN Full Stack Engineer - Professional,Hexaware Technologies,Navi Mumbai,1-5 Yrs,Not Available,"Change management, Backend, Db2, Coding, OWASP, System design, MongoDB, Project delivery",Analytics Engineer,Naukri,1 day ago,https://www.naukri.com/job-listings-mearn-full-stack-engineer-professional-hexaware-technologies-navi-mumbai-1-to-5-years-050626503673
EDS Engineer,A2G Technologies,Pune,3-6 Yrs,Not Available,"PLM, Commercial vehicle, Data management, Manufacturing process, Customer satisfaction, Packaging, Design development, Routing",Analytics Engineer,Naukri,1 day ago,https://www.naukri.com/job-listings-eds-engineer-a2g-technologies-pune-3-to-6-years-050626503543
VAVE Engineer,A2G Technologies,Pune,3-7 Yrs,Not Available,"Basic, 3D, VAVE, Manufacturing process, Customer satisfaction, Packaging, Routing, Cost",Analytics Engineer,Naukri,1 day ago,https://www.naukri.com/job-listings-vave-engineer-a2g-technologies-pune-3-to-7-years-050626503539
Developer Relations Engineer (Enablement & Community),Atlas,Pune,0-1 Yrs,Not Available,"continuous integration, cd, kubernetes, github, python, software development, sonarqube, maven",Analytics Engineer,Naukri,1 day ago,https://www.naukri.com/job-listings-developer-relations-engineer-enablement-community-atlas-pune-0-to-1-years-050626503350
Engineering Cost and Sourcing Professional,Segula Technologies India,Chennai,2-7 Yrs,Not Available,"PLM, Procurement, Automation, Change management, Analytical, CAD, Workflow, microsoft",Analytics Engineer,Naukri,1 day ago,https://www.naukri.com/job-listings-engineering-cost-and-sourcing-professional-segula-technologies-india-pvt-ltd-chennai-2-to-7-years-050626502582
Secondary Offer Engineer,Hitachi Energy,Chennai,2-8 Yrs,Not Available,"GIS, Product management, Substation, Switchgear, AutoCAD, CAD, Cost estimation, German",Analytics Engineer,Naukri,1 day ago,https://www.naukri.com/job-listings-secondary-offer-engineer-hitachi-energy-chennai-2-to-8-years-050626502487
Hyperautomation Engineer,Scan IT,Pune,5-10 Yrs,Not Available,"Automation, Process optimization, orchestration, Production support, System integration, Workflow, Troubleshooting, Continuous improvement",Analytics Engineer,Naukri,1 day ago,https://www.naukri.com/job-listings-hyperautomation-engineer-scan-it-pune-5-to-10-years-050626502309
Data Scientist (Non-Gaming),Popreach Technologies,Bengaluru,5-10 Yrs,Not Available,"advanced analytics, Statistical modeling, Prototype, pricing analysis, Diversity and Inclusion, Quantitative Analyst, Gaming, Forecasting",Analytics Engineer,Naukri,1 day ago,https://www.naukri.com/job-listings-data-scientist-non-gaming-popreach-technologies-bengaluru-5-to-10-years-050626501911
Entitlement Engineer,Barclays,Pune,7-15 Yrs,Not Available,"Front office, Bloomberg, Coding, Analytical, Schema, market data, Unit testing, Licensing",Analytics Engineer,Naukri,1 day ago,https://www.naukri.com/job-listings-entitlement-engineer-barclays-shared-services-pune-7-to-15-years-050626501089
SecOps Governance Engineer,CAMBRIDGE TECHNOLOGY ENTERPRISES (CTE),Hyderabad,5-10 Yrs,Not Available,"Automation, Networking, ISO, SOC, ISO 27001, DNS, Network security, microsoft",Analytics Engineer,Naukri,1 day ago,https://www.naukri.com/job-listings-secops-governance-engineer-cambridge-technology-india-pvt-ltd-hyderabad-5-to-10-years-050626500939
Data Scientist,Clickpost,Bengaluru,4-6 Yrs,Not Available,"algorithms, python, data analysis, sas, natural language processing, mathematics, bi, power bi",Analytics Engineer,Naukri,1 day ago,https://www.naukri.com/job-listings-data-scientist-clickpost-bengaluru-4-to-6-years-050626500145
LLM Engineer,Futurense Technologies,Bengaluru,1-4 Yrs,Not Available,"c#, rpa, automation anywhere, problem solving, engineering, blue prism, rpa development, assurance",Analytics Engineer,Naukri,1 day ago,https://www.naukri.com/job-listings-llm-engineer-futurense-technologies-private-limited-bengaluru-1-to-4-years-050626500102
Engineer,JBM Group,Bawal,5-10 Yrs,Not Available,"Electricals, Induction Heaters, PLC, Induction, Engineering",Analytics Engineer,Naukri,1 day ago,https://www.naukri.com/job-listings-engineer-jbm-group-bawal-5-to-10-years-050626024186
LCS Engineer,Amor Management Consultants,"Kolkata, Uttarkashi, Khordha",2-4 Yrs,2-6 Lacs PA,"Crushing & Screening, Plant Maintenance, Crusher, Maintenance, Lcs, Plant, Screening",Analytics Engineer,Naukri,1 day ago,https://www.naukri.com/job-listings-lcs-engineer-amor-management-consultants-kolkata-uttarkashi-khordha-2-to-4-years-050626023163
Data Scientist (Machine Learning),US MNC (analytics),"Hybrid - Gurugram, Bengaluru, Delhi / NCR",4-9 Yrs,20-35 Lacs PA,"Machine Learning, SQL, Data Science, Machine Learning Algorithms, Python, Predictive Modeling, Logistic Regression, Decision Tree",Analytics Engineer,Naukri,1 day ago,https://www.naukri.com/job-listings-data-scientist-machine-learning-aspyra-hr-services-gurugram-bengaluru-delhi-ncr-4-to-9-years-050626021759
LCS Engineer,Amor Management Consultants,"Bhubaneswar, Uttarkashi, Dhanbad",2-7 Yrs,3-5.5 Lacs PA,"Crusher, Screening, Maintenance Engineering, Service Engineering, Crusher Plant, operation, Lcs, Operations",Analytics Engineer,Naukri,1 day ago,https://www.naukri.com/job-listings-lcs-engineer-amor-management-consultants-bhubaneswar-uttarkashi-dhanbad-2-to-7-years-050626021664
Devops Engineer - Contract To Hire - Third Party - Remote/Mumbai,Rekrut india,Mumbai,2-7 Yrs,15-20 Lacs PA,"Ci/Cd, Devops, Kubernetes, Orchestration, Automation, Docker, Microsoft Azure, AWS",Analytics Engineer,Naukri,1 day ago,https://www.naukri.com/job-listings-devops-engineer-contract-to-hire-third-party-remote-mumbai-rekrut-india-mumbai-2-to-7-years-050626021326
Aeroengine Producibility / Concessions Engineers,Infosys,"Hubli, Mysuru, Bengaluru",1-5 Yrs,Not Available,"Aero Engine, Gas Turbine Design, Aeronautical Engineering, Tolerance Stackup, Non Conformality, Design, Gas, Turbine",Analytics Engineer,Naukri,Today,https://www.naukri.com/job-listings-aeroengine-producibility-concessions-engineers-infosys-hubli-mysuru-bengaluru-1-to-5-years-050626020391
Databricks Engineer,Useready,Remote,5-8 Yrs,25-35 Lacs PA,"Data Bricks, Python, SQL, Bricks, Data",Analytics Engineer,Naukri,1 day ago,https://www.naukri.com/job-listings-databricks-engineer-useready-india-5-to-8-years-050626019820
Google Engineer (Immediate Joiners only),Talent Corner HR Services,Pune,3-6 Yrs,5-12 Lacs PA,"Google Analytics 4, Google Tag Manager, Looker Studio, Tableau, Google Big Query, Data Dictionary, GA4, GDPR",Analytics Engineer,Naukri,1 day ago,https://www.naukri.com/job-listings-google-engineer-immediate-joiners-only-talent-corner-hr-services-pune-3-to-6-years-050626018949
SRE Engineer,Globallogic,"Hyderabad, Bengaluru",3-5 Yrs,Not Available,"continuous integration, kubernetes, production, golang, ci/cd, disaster recovery, iac, site reliability engineering",Analytics Engineer,Naukri,1 day ago,https://www.naukri.com/job-listings-sre-engineer-globallogic-hyderabad-bengaluru-3-to-5-years-050626015156
LCS Engineer,Amor Management Consultants,"Jharkhand, Uttarakhand, odisha",2-5 Yrs,Not Available,"Screening, Crusher, service, Lcs, Servicing",Analytics Engineer,Naukri,1 day ago,https://www.naukri.com/job-listings-lcs-engineer-amor-management-consultants-jharkhand-uttarakhand-odisha-2-to-5-years-050626013525
Snowflake AI/ML Engineer / Data Scientist,sharpheads,"Hybrid - Hyderabad, Pune, Bengaluru",4-9 Yrs,Not Available,"Snowflake, Cortex, Machine Learning, Python, SQL, Data, Artificial Intelligence, Ml",Analytics Engineer,Naukri,1 day ago,https://www.naukri.com/job-listings-snowflake-ai-ml-engineer-data-scientist-sharpheads-technologies-hyderabad-pune-bengaluru-4-to-9-years-050626013411
Finops Engineer | Leadership Level - Coronis Health,Coronis Ajuba Solutions,"Hybrid - Hyderabad, Chennai",20-30 Yrs,Not Available,"CloudHealth, BI tools, Cloud Cost Management, Finops, Cloud Financial Operations, Ternary, Spot.io, Finops Dashboards",Analytics Engineer,Naukri,1 day ago,https://www.naukri.com/job-listings-finops-engineer-leadership-level-coronis-health-coronis-ajuba-solutions-hyderabad-chennai-20-to-30-years-050626013177
GTM Engineer - WFO -Mohali,Alaric Ventures,"Mohali, Chandigarh",3-8 Yrs,Not Available,"GTM Engineer, Go-to-market Strategy, GTM Technology, Api Integration, Workflow Automation, LLM, GTM Workflows, API",Analytics Engineer,Naukri,1 day ago,https://www.naukri.com/job-listings-gtm-engineer-wfo-mohali-alaric-ventures-mohali-chandigarh-3-to-8-years-050626013141
Data Scientist,Tata Consultancy Services,"Noida, Gurugram, Delhi / NCR",9-14 Yrs,Not Available,"Data Science, Large Language Model, Artificial Intelligence, Machine Learning, Python, Natural Language Processing, Deep Learning, Languages",Analytics Engineer,Naukri,1 day ago,https://www.naukri.com/job-listings-data-scientist-tata-consultancy-services-noida-gurugram-delhi-ncr-9-to-14-years-050626012612
MED Engineer,THERMAX,"Satara, Shirwal",4-8 Yrs,Not Available,"CNC Machines, AutoCAD, Drawing Reading, Manufacturing, Design, MED, Draw, Drawing",Analytics Engineer,Naukri,1 day ago,https://www.naukri.com/job-listings-med-engineer-thermax-satara-shirwal-4-to-8-years-050626012163
Data Scientist(MLOps)-7-10Yrs-PAN INDIA,Crescendo Global Leadership Hiring India,"Hybrid - Pune, Bengaluru, Delhi / NCR",5-10 Yrs,Not Available,"Model deployment, LLM, SQL, Machine learning, Python, Generative AI, LLMOps, Bigquery",Analytics Engineer,Naukri,1 day ago,https://www.naukri.com/job-listings-data-scientist-mlops-7-10yrs-pan-india-crescendo-global-leadership-hiring-india-pune-bengaluru-delhi-ncr-5-to-10-years-050626011175
Databricks Engineer,Useready,India,5-8 Yrs,"1,000,000 and above PA","continuous integration, cd, python, data services, azure data lake, performance tuning, data warehousing, microsoft azure",Analytics Engineer,Naukri,1 day ago,https://www.naukri.com/job-listings-databricks-engineer-useready-india-5-to-8-years-050626011052
Engineer,Allied Publishers,Pune(Hadapsar),2-4 Yrs,5-6.5 Lacs PA,"Procurement, Purchase, Strategic Sourcing, BO Items, Industrial Procurement, Engineering Procurement, Vendor Development, Mechanical Procurement",Analytics Engineer,Naukri,1 day ago,https://www.naukri.com/job-listings-engineer-zodiac-hr-consultants-pune-2-to-4-years-050626010745
Data Scientist / AI/ML Engineer,Black and white Business Solution,"Hybrid - Hyderabad, Bengaluru",5-10 Yrs,20-35 Lacs PA,"Artificial Intelligence, LangChain, RAG, LLM, Python, Generative Ai, Aiml, Data",Analytics Engineer,Naukri,1 day ago,https://www.naukri.com/job-listings-data-scientist-ai-ml-engineer-black-and-white-business-solutions-hyderabad-bengaluru-5-to-10-years-050626009061
MLOPS Engineer,T-Systems ICT India Pvt Ltd,Hybrid - Pune(Baner),7-12 Yrs,30-40 Lacs PA,"Ci/Cd, Machine Learning, Terraform, Ai Platform, Python, Agile Methodologies, Micro Startegy, SQL",Analytics Engineer,Naukri,1 day ago,https://www.naukri.com/job-listings-mlops-engineer-t-systems-ict-india-pvt-ltd-pune-7-to-12-years-050626008701
Databricks Framework Engineer,TeamLease,"Hybrid - Hyderabad, Bengaluru",6-11 Yrs,Not Available,"Pyspark, Generative Ai, Data Bricks, Python, SQL, Agentic Ai, Aiml, Ci/Cd",Analytics Engineer,Naukri,1 day ago,https://www.naukri.com/job-listings-databricks-framework-engineer-teamlease-hyderabad-bengaluru-6-to-11-years-050626007180
Data Scientist,Ascendion Engineering,"Hybrid - Hyderabad, Chennai, Bengaluru",3-6 Yrs,Not Available,"Vertex Ai, Bigquery, Data Science, OOPS, Neural Networks, Aiml, Deep Learning, Python",Analytics Engineer,Naukri,1 day ago,https://www.naukri.com/job-listings-data-scientist-ascendion-engineering-hyderabad-chennai-bengaluru-3-to-6-years-050626006150
.Net Engineer,Eurofins,Bengaluru,5-8 Yrs,Not Available,"Software Engineer, Css, Azure, Architecture, Oops, Html5, Programming, Appraisal",Analytics Engineer,Naukri,2 days ago,https://www.naukri.com/job-listings-net-engineer-eurofins-it-solutions-india-pvt-ltd-bengaluru-5-to-8-years-040626927951
Engineer,Nippo Batteries,Tada,4-8 Yrs,Not Available,"project management, mechanical engineering, production, problem solving, engineering, autocad, kaizen, technical support",Analytics Engineer,Naukri,2 days ago,https://www.naukri.com/job-listings-engineer-indo-national-limited-tada-4-to-8-years-040626503912
Industrial Engineering - PED Professionals,Nippon Electronics,Chennai,3-5 Yrs,Not Available,"Supply chain, Kaizen, Lean manufacturing, AutoCAD, Line balancing, TPS, CAD, Value stream mapping",Analytics Engineer,Naukri,2 days ago,https://www.naukri.com/job-listings-industrial-engineering-ped-professionals-nippon-electronics-india-limited-chennai-3-to-5-years-040626503837
Distinguished Engineer,Capital One,Bengaluru,13-18 Yrs,Not Available,"Computer science, SAN, Production support, Architecture, Enterprise applications, Enterprise architecture, GCP, Machine learning",Analytics Engineer,Naukri,2 days ago,https://www.naukri.com/job-listings-distinguished-engineer-capital-one-bengaluru-13-to-18-years-040626503318
Engineer,Designnex Technologies,Noida,1-3 Yrs,Not Available,"Automation, Semiconductor, FPGA, CAD, Physical verification, Perl, Continuous improvement, Signal integrity",Analytics Engineer,Naukri,2 days ago,https://www.naukri.com/job-listings-engineer-designnex-technologies-noida-1-to-3-years-040626502914
"Professional, Engineering Services",Jones Lang LaSalle (JLL),Hyderabad,2-5 Yrs,Not Available,"Engineering services, Selection process, HVAC, Artificial Intelligence, Design management, Packaging, MEP, Investment management",Analytics Engineer,Naukri,2 days ago,https://www.naukri.com/job-listings-professional-engineering-services-jones-lang-lasalle-hyderabad-2-to-5-years-040626502855
Delmia Quintiq engineer,Mechispike Solutions,Bengaluru,6-11 Yrs,Not Available,"PLM, Application support, XML, Debugging, System integration, Javascript, Agile, JSON",Analytics Engineer,Naukri,2 days ago,https://www.naukri.com/job-listings-delmia-quintiq-engineer-mechispike-solutions-bengaluru-6-to-11-years-040626502639
HighJump Engineer,Programmers io,Jaipur,5-15 Yrs,Not Available,"VMware, Linux, Db2, Project management, MySQL, Javascript, Data structures, SSIS",Analytics Engineer,Naukri,2 days ago,https://www.naukri.com/job-listings-highjump-engineer-programmers-io-jaipur-5-to-15-years-040626502355
Process Engineering Moulding Professional,Nippon Electronics,Hosur,3-5 Yrs,Not Available,"Injection moulding, Simulation, AutoCAD, Analytical, CAD, Manager Quality Control, PFMEA, Mould design",Analytics Engineer,Naukri,2 days ago,https://www.naukri.com/job-listings-process-engineering-moulding-professional-nippon-electronics-india-limited-hosur-3-to-5-years-040626501793
Process Engineering Professional,Nippon Electronics,Rewari,5-10 Yrs,Not Available,"Process design, Condition monitoring, Quality standards, Spare parts, Process engineering, AutoCAD, Production engineering, CNC programming",Analytics Engineer,Naukri,2 days ago,https://www.naukri.com/job-listings-process-engineering-professional-nippon-electronics-india-limited-rewari-5-to-10-years-040626501153
GenAI Engineer,Wingify Software,New Delhi,2-4 Yrs,Not Available,"c++, python, natural language processing, mathematics, scikit-learn, problem solving, engineering, numpy",Analytics Engineer,Naukri,2 days ago,https://www.naukri.com/job-listings-genai-engineer-wingify-new-delhi-2-to-4-years-040626500828
Engineer,Solitech,Surat,1-3 Yrs,Not Available,"technical writing, software development, mechanical engineering, production, problem solving, robohelp, engineering, framemaker",Analytics Engineer,Naukri,2 days ago,https://www.naukri.com/job-listings-engineer-solitech-surat-1-to-3-years-040626500639
Data Scientist (With Databricks),Diggibyte Technologies,"Ahmedabad, Chennai, Bengaluru",3-8 Yrs,Not Available,"Predictive Modeling, Generative Ai, Data Bricks, Artificial Intelligence, Natural Language Processing, Statistical Modeling, Data Analytics, Machine Learning",Analytics Engineer,Naukri,1 day ago,https://www.naukri.com/job-listings-data-scientist-with-databricks-diggibyte-technologies-ahmedabad-chennai-bengaluru-3-to-8-years-040626033618
Walk-in || DVA Engineer,Tata Technologies,Unknown,Not Available,Not Available,"using CATIA V 5/V6, CATIA, CATIA V5, DVP",Analytics Engineer,Naukri,2 days ago,https://www.naukri.com/job-listings-dva-engineer-tata-technologies-pune-7-to-12-years-040626030449
OBDX Engineer,iQuest Management Consultants,Bengaluru,4-9 Yrs,10-20 Lacs PA,"OBDX, Oracle Digital Banking, API Integration, Core Banking, OBDX Extensibility, Java Microservices, Development Workbench, FLEXCUBE",Analytics Engineer,Naukri,2 days ago,https://www.naukri.com/job-listings-obdx-engineer-iquest-management-consultants-bengaluru-4-to-9-years-040626029413
Technician/ Engineer,Prasad Koch Technik,Ahmedabad,3-7 Yrs,3.5-6.5 Lacs PA,"Coordination and communication, computer skills, MS Office, Communication skills, Coordination, Computer Knowledge, Microsoft, Computer",Analytics Engineer,Naukri,2 days ago,https://www.naukri.com/job-listings-technician-engineer-prasad-koch-technik-ahmedabad-3-to-7-years-040626028967
Walk-in || Qa Engineer(Fresher),Dhani Loans and Services (DLSL),Unknown,Not Available,Not Available,"QA Testing, Test Engineering, Automotive Testing, Software testing, Automotive, Quality assurance, Quality assurance engineering, Engineering",Analytics Engineer,Naukri,2 days ago,https://www.naukri.com/job-listings-qa-engineer-fresher-dhani-loans-and-services-dlsl-gurugram-0-to-0-years-040626028734
Autosys Engineer,Solugenix,Hyderabad,5-10 Yrs,Not Available,"Autosys, AWS, Kubernetes",Analytics Engineer,Naukri,2 days ago,https://www.naukri.com/job-listings-autosys-engineer-solugenix-hyderabad-5-to-10-years-040626028395
PEB Engineer,Hullect Services,Lucknow,10-15 Yrs,8.5-13 Lacs PA,"PEB Engineer, Steel Structures, Kirby, PEB Project Engineer, Project, Steel Fabrication, Steel, PEB",Analytics Engineer,Naukri,2 days ago,https://www.naukri.com/job-listings-peb-engineer-hullect-services-lucknow-10-to-15-years-040626025128
AI Data Engineer/Scientist,Wipro,Remote,4-8 Yrs,Not Available,"Natural Language Processing, Aiml, Python, Process, Languages, Processing, Data, Artificial Intelligence",Analytics Engineer,Naukri,2 days ago,https://www.naukri.com/job-listings-ai-data-engineer-scientist-wipro-bengaluru-4-to-8-years-040626022459
Saviynt Engineer,TEKsystems,Remote,6-11 Yrs,27.5-35 Lacs PA,"IAM, Saviynt, Identity Access Management, iga, aws, Active Directory, Directory, Access management",Analytics Engineer,Naukri,2 days ago,https://www.naukri.com/job-listings-saviynt-engineer-allegis-group-delhi-ncr-6-to-11-years-040626021295
Kafka Engineer-Hyderabad/Pune/Chandigarh,Pi Square Technologies,"Chandigarh, Hyderabad, Pune",4-8 Yrs,Not Available,"Confluent, RCA, kafka, Avro, connector, Kafka Brokers, Kafka Cluster, AWS",Analytics Engineer,Naukri,2 days ago,https://www.naukri.com/job-listings-kafka-engineer-hyderabad-pune-chandigarh-pi-square-technologies-chandigarh-hyderabad-pune-4-to-8-years-040626018129
LSMW Engineer,Tech Mahindra,"Hyderabad, Pune, Bengaluru",4-6 Yrs,Not Available,"Data Validation, data load, Sap Lsmw, Data Migration, SAP, Load, Data loader, Migration",Analytics Engineer,Naukri,2 days ago,https://www.naukri.com/job-listings-lsmw-engineer-tech-mahindra-hyderabad-pune-bengaluru-4-to-6-years-040626013595
Engineer,Frauscher Sensor Technology,Mysuru,1-2 Yrs,2-5 Lacs PA,"Quality Assurance, Incoming Quality Control, ESD, Calibration, Process Audit, Test Jig, Assurance, Incoming",Analytics Engineer,Naukri,2 days ago,https://www.naukri.com/job-listings-engineer-frauscher-sensor-technology-mysuru-1-to-2-years-040626013422
Business Intelligence Analyst,Adobe,Noida,3-8 Yrs,Not Available,"Adobe Acrobat, advanced analytics, GCP, Data quality, Business intelligence, Adobe, SQL, Python",Business Intelligence,Naukri,3+ weeks ago,https://www.naukri.com/job-listings-business-intelligence-analyst-adobe-systems-india-pvt-ltd-noida-3-to-8-years-160426502677
Senior Manager (Fashion Business Intelligence Lead),Flipkart,Bengaluru,6-8 Yrs,Not Available,"Marketing Manager, Business intelligence, Stakeholder management, Analytics, SQL, Management, Senior management, Fashion",Business Intelligence,Naukri,3+ weeks ago,https://www.naukri.com/job-listings-senior-manager-fashion-business-intelligence-lead-flipkart-bengaluru-6-to-8-years-050126502350
Data & Business Intelligence Analyst,UPS Supply Chain Solutions (UPS SCS),Chennai,2-5 Yrs,Not Available,"Computer science, MIS, Business Intelligence Analyst, UPS, Data quality, Data mining, Business intelligence, Technical support",Business Intelligence,Naukri,3+ weeks ago,https://www.naukri.com/job-listings-data-business-intelligence-analyst-ups-pvt-ltd-chennai-2-to-5-years-220725502657
Business Intelligence Analyst I,TP,Malad,1-4 Yrs,Not Available,"business intelligence, data analysis, operations, data systems, design, process improvement, communication and interpersonal skills, business operations",Business Intelligence,Naukri,3 days ago,https://www.naukri.com/job-listings-business-intelligence-analyst-i-teleperformance-global-business-private-limited-malad-1-to-4-years-030626924117
Business Intelligence Analyst,Instem,Hybrid - Pune,3-8 Yrs,Not Available,"Excel, Power Bi, Salesforce, Power Bi Reports, Azure Devops, Microsoft Azure, Intelligence, Business intelligence",Business Intelligence,Naukri,2 days ago,https://www.naukri.com/job-listings-business-intelligence-analyst-instem-pune-3-to-8-years-040626026837
Business Intelligence Analyst I,TP,Chennai,1-4 Yrs,Not Available,"business intelligence, microsoft office, operations, design, business processes, communication and interpersonal skills, business operations, Communication skills",Business Intelligence,Naukri,3 days ago,https://www.naukri.com/job-listings-business-intelligence-analyst-i-teleperformance-global-business-private-limited-chennai-1-to-4-years-030626923800
Business Intelligence Analyst I,TP,Noida,1-4 Yrs,Not Available,"business intelligence, data analysis, operations, data systems, design, process improvement, communication and interpersonal skills, business operations",Business Intelligence,Naukri,3 days ago,https://www.naukri.com/job-listings-business-intelligence-analyst-i-teleperformance-global-business-private-limited-noida-1-to-4-years-030626923708
Business Intelligence Analyst( Strategy & Operations),NetApp,Bengaluru,5-8 Yrs,Not Available,"management consulting, python, analytical, mathematics, consulting, problem solving, business intelligence, research",Business Intelligence,Naukri,1 day ago,https://www.naukri.com/job-listings-business-intelligence-analyst-strategy-operations-netapp-bengaluru-5-to-8-years-050626024646
Business Intelligence Analyst,Compunnel,Noida,2-5 Yrs,5-12 Lacs PA,"Business Intelligence, Power Bi, Microsoft Fabric, Data Extraction, Dax, Semantic, Data Flow, Data Modeling",Business Intelligence,Naukri,1 day ago,https://www.naukri.com/job-listings-business-intelligence-analyst-compunnel-noida-2-to-5-years-050626005212
Senior Manager - Business Intelligence and Insights Group,Axis Max Life Insurance,Gurugram,0-5 Yrs,Not Available,"Data modeling, Project management, Agile, data governance, data visualization, microsoft, Stakeholder management, Manager Business Intelligence",Business Intelligence,Naukri,1 day ago,https://www.naukri.com/job-listings-senior-manager-business-intelligence-and-insights-group-axis-max-life-insurance-limited-gurugram-0-to-5-years-050626503750
Senior Manager - Business Intelligence and Insights Group,Axis Max Life Insurance,Nagpur,3-8 Yrs,Not Available,"python, stack, bi, verbal communication, data warehousing, interpersonal skills, power bi, data architecture",Business Intelligence,Naukri,1 day ago,https://www.naukri.com/job-listings-senior-manager-business-intelligence-and-insights-group-axis-max-life-insurance-nagpur-3-to-8-years-050626013053
Senior Business Intelligence Consultant,Wells Fargo,Bengaluru,5-10 Yrs,Not Available,"forecasting, front end, storytelling, python, project management, ai, power bi, user stories",Business Intelligence,Naukri,3 days ago,https://www.naukri.com/job-listings-senior-business-intelligence-consultant-wells-fargo-international-solutions-private-ltd-bengaluru-5-to-10-years-030626930546
Business Intelligence Engineer,Dtcc,"Hyderabad, Chennai",4-9 Yrs,Not Available,"Business Intelligence, Power Bi, Powershell, Service Now, Sdlc, Rest, Shell, Snowflake",Business Intelligence,Naukri,1 day ago,https://www.naukri.com/job-listings-business-intelligence-engineer-dtcc-hyderabad-chennai-4-to-9-years-050626923368
Business Intelligence Analyst,Careernet,Hybrid - Bengaluru,3-6 Yrs,Not Available,"Power BI, Snowflake, Databricks, Analytics, SQL, Alteryx, Tableau, ETL",Business Intelligence,Naukri,2 days ago,https://www.naukri.com/job-listings-business-intelligence-analyst-careernet-bengaluru-3-to-6-years-040626025553
Senior Business Intelligence Developer,SG Analytics,"Hybrid - Pune, Bengaluru",5-7 Yrs,Not Available,"Power Bi, Data Modeling, Power Bi Desktop, Power Query, Dax Queries, Power Bi Service, Microsoft Power Bi, SQL Queries",Business Intelligence,Naukri,1 day ago,https://www.naukri.com/job-listings-senior-business-intelligence-developer-sg-analytics-pune-bengaluru-5-to-7-years-050626021635
V&A Business Intelligence Senior Analyst,Accenture,Gurugram,1-2 Yrs,Not Available,"finance, financial analysis, python, due diligence, ai, marketing communications, power bi, process improvement",Business Intelligence,Naukri,2 weeks ago,https://www.naukri.com/job-listings-v-a-business-intelligence-senior-analyst-accenture-solutions-pvt-ltd-gurugram-1-to-2-years-220526924353
Senior Business Intelligence Analyst,First Meridian Business Services,Bengaluru,8-12 Yrs,25-40 Lacs PA,"Microsoft Power Platform, ERP, Power BI, Power Automate, Power Query, Powerapps, SQL, Python",Business Intelligence,Naukri,1 week ago,https://www.naukri.com/job-listings-senior-business-intelligence-analyst-first-meridian-business-services-bengaluru-8-to-12-years-300526008657
Business Intelligence Analyst-Senior,FedEx,Hyderabad,5-8 Yrs,Not Available,"oracle, dashboard development, simulation, predictive analytics, bi, oracle forms, power bi, problem solving",Business Intelligence,Naukri,1 week ago,https://www.naukri.com/job-listings-business-intelligence-analyst-senior-fedex-express-hyderabad-5-to-8-years-250526500052
Business Intelligence Architect,Avaya India,"Hyderabad, Pune, Bengaluru",9-14 Yrs,Not Available,"SSRS, SSIS, Technical Architecture, SSAS, MDX, T-SQL, Business Intelligence, Bi",Business Intelligence,Naukri,1 week ago,https://www.naukri.com/job-listings-business-intelligence-architect-avaya-india-hyderabad-pune-bengaluru-9-to-14-years-290526025456
Senior Manager - Business Intelligence,Bloom Energy,Mumbai(Vikhroli),13-16 Yrs,40-50 Lacs PA (Including Variable: 15.0%),"Business Intelligence Reporting, Business Insights, SQL, Python, Cloud Platforms, Tableau, Management, Reporting",Business Intelligence,Naukri,1 day ago,https://www.naukri.com/job-listings-senior-manager-business-intelligence-bloom-energy-mumbai-13-to-16-years-050626026197
Business Intelligence Consultant,Infinifox Technologies,Remote,3-8 Yrs,3.5-8.5 Lacs PA,"Power Bi, Excel, SQL Queries, SQL, Consulting, Business intelligence, Query, Bi",Business Intelligence,Naukri,2 days ago,https://www.naukri.com/job-listings-business-intelligence-consultant-infinifox-technologies-mumbai-all-areas-3-to-8-years-040626031284
"Senior Lead, Business Intelligence",Wework,Bengaluru,7-10 Yrs,Not Available,"Performance tuning, Data analysis, Version control, Data modeling, Data quality, Business intelligence, Analytics, Monitoring",Business Intelligence,Naukri,3 days ago,https://www.naukri.com/job-listings-senior-lead-business-intelligence-wework-bengaluru-7-to-10-years-030626502601
Business Intelligence Analyst- Clinical Operations,Mmsh Clinical Research,Remote,2-5 Yrs,Not Available,"Computer science, CRO, ISO, Pharma, Analytical, power bi, Clinical research, Life sciences",Business Intelligence,Naukri,2 weeks ago,https://www.naukri.com/job-listings-business-intelligence-analyst-clinical-operations-mmsh-clinical-research-pvt-ltd-remote-2-to-5-years-220526504064
Business Intelligence Consultant Tableau,Artec Solutions Bangalore,Remote,7-10 Yrs,10-20 Lacs PA,"Business Intelligence Reporting, Power Bi, Tableau, SQL, Bi, Bi Tools, Data Analytics, Analytics",Business Intelligence,Naukri,3 days ago,https://www.naukri.com/job-listings-business-intelligence-consultant-tableau-artec-solutions-bangalore-bengaluru-7-to-10-years-030626008880
Senior Business Intelligence Developer,Dilytics,Hyderabad,5-9 Yrs,Not Available,"Power Bi, Power Bi Desktop, RLS, Dax, Data Warehousing, SSIS, ETL, Power Query",Business Intelligence,Naukri,Today,https://www.naukri.com/job-listings-senior-business-intelligence-developer-dilytics-hyderabad-5-to-9-years-060626005719
Business Intelligence Analyst,DJO Global,Hyderabad,1-2 Yrs,Not Available,"Excel, Business Analyst, Analytical, Orthopedics, Business Intelligence Analyst, Manager Technology, power bi, Continuous improvement",Business Intelligence,Naukri,2 weeks ago,https://www.naukri.com/job-listings-business-intelligence-analyst-djo-global-hyderabad-1-to-2-years-220526501005
Business Intelligence Analyst,AN Solutions India,Mumbai (All Areas),8-10 Yrs,20-25 Lacs PA,"Business Intelligence, Data Modelling, Power BI, Dashboard Design, UI UX, T-SQL, Query Optimization, Report Development",Business Intelligence,Naukri,4 days ago,https://www.naukri.com/job-listings-business-intelligence-analyst-an-solutions-india-mumbai-all-areas-8-to-10-years-020626912030
Business Analyst / Business Intelligence,Gokaldas Exports,Bengaluru(Yeshwanthpur Industrial Area),3-6 Yrs,Not Available,"Financial Analysis, Excel, Powerpoint, MS Office, Analytics, Data Analytics, Microsoft, Business analysis",Business Intelligence,Naukri,4 days ago,https://www.naukri.com/job-listings-business-analyst-business-intelligence-gokaldas-exports-bengaluru-3-to-6-years-020626011949
Ecommerce Business Intelligence Analyst,Mouser Electronics,Bengaluru,2-7 Yrs,Not Available,"business intelligence, data warehousing, analytical skills, sql, analytics, cloud, cloud data warehousing",Business Intelligence,Naukri,5 days ago,https://www.naukri.com/job-listings-ecommerce-business-intelligence-analyst-mouser-electronics-india-pvt-ltd-bengaluru-2-to-7-years-010626922431
Business Intelligence & Operations Analyst,Altamount Consulting Services,Mumbai(Vidyavihar),3-6 Yrs,Not Available,"Business Analytics, Vba Coding, Zoho Creator, Power Bi, Routing, Dispatch, Advanced Excel, Macros",Business Intelligence,Naukri,1 week ago,https://www.naukri.com/job-listings-business-intelligence-operations-analyst-altamount-consulting-services-mumbai-3-to-6-years-260526038325
Senior Analyst - Business Intelligence,Dentsu Webchutney,Chennai,3-4 Yrs,Not Available,"Basic, tableau, Data management, Senior Analyst, Database, Data structures, Business intelligence, Intelligence",Business Intelligence,Naukri,4 days ago,https://www.naukri.com/job-listings-senior-analyst-business-intelligence-dentsu-inc-chennai-3-to-4-years-020626500175
Business Intelligence Engineer - AWS,Leading Client,"Noida, Hyderabad, Bengaluru",4-8 Yrs,Not Available,"AWS Redshift, QuickSight, Glue, Power BI, BI, Data Warehouse, Tableau, ETL",Business Intelligence,Naukri,1 week ago,https://www.naukri.com/job-listings-business-intelligence-engineer-aws-talent-corner-hr-services-pvt-ltd-noida-hyderabad-bengaluru-4-to-8-years-260526935692
EPIC CERTIFIED COGITO BUSINESS INTELLIGENCE ANALYST,Ochin,Remote,2-7 Yrs,Not Available,"Manager Quality Assurance, Business Intelligence Analyst, market data, Customer service, Business intelligence, Troubleshooting, User acceptance testing, Public health",Business Intelligence,Naukri,4 days ago,https://www.naukri.com/job-listings-epic-certified-cogito-business-intelligence-analyst-ochin-remote-2-to-7-years-020626503306
Senior Business Intelligence Analyst,Fiducive Tech,Remote,4-9 Yrs,Not Available,"Gong, Business Intelligence, Power BI, Revenue Operations, SQL, Commercial Operations, Sales Operations, Forecasting",Business Intelligence,Naukri,1 week ago,https://www.naukri.com/job-listings-senior-business-intelligence-analyst-fiducive-tech-pvt-ltd-gurugram-4-to-9-years-280526028958
Business Intelligence Developer,CGI,Chennai,6-9 Yrs,Not Available,"Bi Development, Snowflake, DBT, SQL, Development, Intelligence, Bi, Business intelligence",Business Intelligence,Naukri,1 week ago,https://www.naukri.com/job-listings-business-intelligence-developer-cgi-chennai-6-to-9-years-250526004777
Senior Business Intelligence Analyst,Caterpillar Inc,Bengaluru,8-12 Yrs,Not Available,"Mining, Automation, ERP, Manager Quality Assurance, Prototype, Analytical, Product design, Troubleshooting",Business Intelligence,Naukri,5 days ago,https://www.naukri.com/job-listings-senior-business-intelligence-analyst-caterpillar-brazil-bengaluru-8-to-12-years-010626505342
Business Intelligence Analyst - Quality,Alstom,Bengaluru,1-3 Yrs,Not Available,"business intelligence, analytics, quality reporting, bi tools, data analytics, quality management, qlik sense, power bi",Business Intelligence,Naukri,2 weeks ago,https://www.naukri.com/job-listings-business-intelligence-analyst-quality-alstom-transport-india-ltd-bengaluru-1-to-3-years-180526925325
"Analyst, Business Intelligence",CACTUS Communications,Mumbai,3-5 Yrs,Not Available,"Selection process, E-learning, Automation, Google Analytics, Manager Technology, power bi, Advanced Excel, Data Analyst",Business Intelligence,Naukri,3+ weeks ago,https://www.naukri.com/job-listings-analyst-business-intelligence-cactus-communications-mumbai-3-to-5-years-300426503886
Business Intelligence Manager,Mascot E Services,"Bengaluru, Mumbai (All Areas)",6-11 Yrs,12-20 Lacs PA,"Business Intelligence, Business Intelligence Reporting, Bi, bi manager, Power Bi, Bi Tools, Tableau, Reporting",Business Intelligence,Naukri,1 day ago,https://www.naukri.com/job-listings-business-intelligence-manager-mascot-e-services-bengaluru-mumbai-all-areas-6-to-11-years-130526021395
Business Intelligence Analyst,Hitachi Energy,Chennai,3-5 Yrs,Not Available,"Data analysis, Business analysis, Analytical, Business Intelligence Analyst, Strategic planning, power bi, Data analytics, Advanced Excel",Business Intelligence,Naukri,2 weeks ago,https://www.naukri.com/job-listings-business-intelligence-analyst-hitachi-energy-chennai-3-to-5-years-180526505074
Business Intelligence - Senior Officer,Alter Domus,Hybrid - Hyderabad,5-10 Yrs,Not Available,"Business Intelligence Reporting, Power BI, Bi, KPI Dashboard Development, Reporting & Analytics, Data Visualization, DAX, Data Modeling",Business Intelligence,Naukri,3 days ago,https://www.naukri.com/job-listings-business-intelligence-senior-officer-alter-domus-hyderabad-5-to-10-years-030626025344
Business Intelligence Analyst,Haier Appliances,Bengaluru,3-6 Yrs,Not Available,"sql development, modeling, vertex, supply chain, bi, access management, dashboards, business intelligence",Business Intelligence,Naukri,3+ weeks ago,https://www.naukri.com/job-listings-business-intelligence-analyst-haier-appliances-india-pvt-ltd-bengaluru-3-to-6-years-120226501384
Business Intelligence Senior Specialist,TekWissen India,Chennai,5-8 Yrs,Not Available,"Data analysis, Business transformation, Data management, Business analysis, Data modeling, Business analytics, Scheduling, Business intelligence",Business Intelligence,Naukri,2 days ago,https://www.naukri.com/job-listings-business-intelligence-senior-specialist-tekwissen-india-chennai-5-to-8-years-040626502315
Manager - Business Intelligence,Johnson & Johnson Innovative Medicine,Bengaluru,8-13 Yrs,Not Available,"Data analysis, Automation, Team management, Data modeling, Business analytics, Analytical, Healthcare, Data quality",Business Intelligence,Naukri,1 week ago,https://www.naukri.com/job-listings-manager-business-intelligence-johnson-johnson-innovative-medicine-bengaluru-8-to-13-years-270526502077
Business Intelligence Specialist,RICHMOND TALENT SOLUTIONS PVT LIMITED,Remote,8-13 Yrs,Not Available,"Power Bi, Bi Development, SSAS, Bi, Power Pivot, SSRS, OLAP, Dax",Business Intelligence,Naukri,1 week ago,https://www.naukri.com/job-listings-business-intelligence-specialist-richmond-talent-coimbatore-8-to-13-years-260526021898
Business Intelligence Analyst,Equiniti India,Chennai,7-12 Yrs,Not Available,"Power Bi Reports, Data Modeling, Sharepoint, Python, SSRS, SSIS, Modeling, Intelligence",Business Intelligence,Naukri,2 weeks ago,https://www.naukri.com/job-listings-business-intelligence-analyst-equiniti-india-chennai-7-to-12-years-160426036800
Senior Specialist - Business Intelligence,Johnson & Johnson Innovative Medicine,Bengaluru,6-7 Yrs,Not Available,"Procurement, Computer science, Data analysis, Technical writing, Data modeling, Business analytics, Analytical, Healthcare",Business Intelligence,Naukri,1 week ago,https://www.naukri.com/job-listings-senior-specialist-business-intelligence-johnson-johnson-innovative-medicine-bengaluru-6-to-7-years-260526504777
Business Analyst Market Intelligence,LKQ India,Bengaluru,3-6 Yrs,Not Available,"Business Intelligence, Market Intelligence, Quantitative Analysis, Business Intelligence Reporting, Market Research, Power Bi, Research Analysis, Hypothesis Testing",Business Intelligence,Naukri,2 weeks ago,https://www.naukri.com/job-listings-business-analyst-market-intelligence-lkq-india-bengaluru-3-to-6-years-220526033784
Business Analyst/Transformation - Process Intelligence,Amgen Inc,Hyderabad,7-12 Yrs,Not Available,"business analyst, python, project management, rpa, sap, process analysis, ai, business processes",Business Intelligence,Naukri,1 week ago,https://www.naukri.com/job-listings-business-analyst-transformation-process-intelligence-amgen-inc-hyderabad-7-to-12-years-250526912895
"Manager, Business Intelligence",Fortrea Development India,Bengaluru,5-9 Yrs,Not Available,"CRO, Data analysis, Data management, Process improvement, Analytical, Life sciences, Business intelligence, Analytics",Business Intelligence,Naukri,5 days ago,https://www.naukri.com/job-listings-manager-business-intelligence-fortrea-bengaluru-5-to-9-years-010626500745
Account Manager - Business Intelligence,Dentsu Webchutney,Chennai,3-8 Yrs,Not Available,"Data management, Design development, Client engagement, Database, Deployment, Subject Matter Expert, Manager Business Intelligence, Steward",Business Intelligence,Naukri,4 days ago,https://www.naukri.com/job-listings-account-manager-business-intelligence-dentsu-inc-chennai-3-to-8-years-020626501143
Business Intelligence Engineer,Dtcc,Hyderabad,4-9 Yrs,Not Available,"regression testing, front end, snowflake, storytelling, data analysis, data pipelines, data warehousing, power bi",Business Intelligence,Naukri,2 weeks ago,https://www.naukri.com/job-listings-business-intelligence-engineer-dtcc-hyderabad-4-to-9-years-220526918489
Assistant Vice President - Business Intelligence and Insights Group,Axis Max Life Insurance,Gurugram,12-15 Yrs,Not Available,"Data analysis, Automation, Performance management, Business reporting, Bfsi, Analytical, Workflow, Business intelligence",Business Intelligence,Naukri,2 weeks ago,https://www.naukri.com/job-listings-assistant-vice-president-business-intelligence-and-insights-group-axis-max-life-insurance-limited-gurugram-12-to-15-years-220526504060
Business Intelligence Specialist,Group Bayport,Ahmedabad,5-10 Yrs,Not Available,"security management, data analysis, oracle, administration, power bi, data warehousing, business analysis, business intelligence",Business Intelligence,Naukri,1 week ago,https://www.naukri.com/job-listings-business-intelligence-specialist-group-bayport-ahmedabad-5-to-10-years-290526507315
Business Intelligence Lead,Straive,Remote,10-15 Yrs,Not Available,"Power Bi, Data Build Tool, Data Modeling, SQL, ETL, Modeling, Intelligence, Business intelligence",Business Intelligence,Naukri,2 weeks ago,https://www.naukri.com/job-listings-business-intelligence-lead-straive-hyderabad-10-to-15-years-220526033070
Business Intelligence Developer,VyntraPro Innovation,Mumbai,6-10 Yrs,Not Available,"Bi Development, Github, Ci/Cd, Power Bi, Performance Tuning, Power Bi Reports, Amazon Aws Cloud, Snowflake",Business Intelligence,Naukri,1 week ago,https://www.naukri.com/job-listings-business-intelligence-developer-vyntrapro-innovations-mumbai-6-to-10-years-260526013328
Corporate Planning & Management-Business Intelligence-Analyst,Goldman Sachs,Bengaluru,1-2 Yrs,Not Available,"Automation, Data management, Business planning, Scheduling, Investment banking, Risk management, Business intelligence, Analytics",Business Intelligence,Naukri,3+ weeks ago,https://www.naukri.com/job-listings-corporate-planning-management-business-intelligence-analyst-goldman-sachs-bengaluru-1-to-2-years-140426502920
Business Intelligence Analyst (Finance),Exxon Mobil Corporation,Bengaluru,2-7 Yrs,Not Available,"Data analysis, Manager Quality Assurance, Networking, Data management, Senior Analyst, Project management, Analytical, Budgeting",Business Intelligence,Naukri,3+ weeks ago,https://www.naukri.com/job-listings-business-intelligence-analyst-finance-exxon-mobil-corporation-bengaluru-2-to-7-years-050526500799
Senior Manager : Business Intelligence & Reporting,Bloom Energy,Mumbai (All Areas),10-15 Yrs,Not Available,"Business Intelligence Reporting, Power Bi, Tableau, Business Intelligence, Business Analytics, Dashboards, Data Analytics, Reporting Tools",Business Intelligence,Naukri,3 weeks ago,https://www.naukri.com/job-listings-senior-manager-business-intelligence-reporting-bloom-energy-mumbai-all-areas-10-to-15-years-160426027163
Sr. Business Intelligence Specialist,Egdk,Bengaluru,4-7 Yrs,Not Available,"Accountancy, Training, Solution design, Data analysis, query optimization, Performance management, Financial planning, power bi",Business Intelligence,Naukri,3+ weeks ago,https://www.naukri.com/job-listings-sr-business-intelligence-specialist-eg-a-s-bengaluru-4-to-7-years-170326504651
Business Intelligence Developer,WPP,Chennai,2-4 Yrs,Not Available,"Infrastructure management, Analytical, Application security, Manager Quality Control, Business intelligence, Adobe, Analytics, SQL",Business Intelligence,Naukri,2 weeks ago,https://www.naukri.com/job-listings-business-intelligence-developer-wpp-aunz-chennai-2-to-4-years-190526503154
Manager - Business Intelligence,Bajaj Finance,Pune,2-3 Yrs,Not Available,"business intelligence, python, data analysis, data pipelines, machine learning frameworks, data processing, ai, databricks",Business Intelligence,Naukri,3+ weeks ago,https://www.naukri.com/job-listings-manager-business-intelligence-bajaj-finance-limited-pune-2-to-3-years-050526930547
Senior Business Intelligence Engineer,S&P Global Market Intelligence,Noida,3-6 Yrs,Not Available,"Business Intelligence, Performance Optimization, Data Engineering, Data Pipelines, Power Bi, Use Cases, Bigquery, Google Cloud Platform",Business Intelligence,Naukri,2 weeks ago,https://www.naukri.com/job-listings-senior-business-intelligence-engineer-s-p-capital-iq-india-pvt-ltd-noida-3-to-6-years-200526937814
Business Intelligence Engineer,Kenvue Brands LLC,Bengaluru,1-5 Yrs,Not Available,"Procurement, Supply chain management, Automation, SAP, Data modeling, Analytical, power bi, Business intelligence",Business Intelligence,Naukri,3+ weeks ago,https://www.naukri.com/job-listings-business-intelligence-engineer-kenvue-brands-llc-bengaluru-1-to-5-years-050226502712
Business Intelligence Developer,CGI,"Hybrid - Mumbai, Hyderabad, Bengaluru",7-12 Yrs,Not Available,"Bi Development, Elt, Python, Snowflake, Development, Business intelligence, Bi, Intelligence",Business Intelligence,Naukri,3 weeks ago,https://www.naukri.com/job-listings-business-intelligence-developer-cgi-mumbai-hyderabad-bengaluru-7-to-12-years-110526005577
Chief Manager - Business Intelligence and Insights Group,Axis Max Life Insurance,Gurugram,10-15 Yrs,Not Available,"python, data analytics, data analysis, data mining, bi, data warehousing, power bi, business analysis",Business Intelligence,Naukri,2 weeks ago,https://www.naukri.com/job-listings-chief-manager-business-intelligence-and-insights-group-axis-max-life-insurance-limited-gurugram-10-to-15-years-210526504454
Senior Analyst - Business Intelligence - HR/Talent Analytics,Artex Risk Solutions,Bengaluru,1-3 Yrs,Not Available,"Data analysis, Data modeling, Business analysis, Consulting, Informatica, Visual Studio, Business intelligence, Risk management",Business Intelligence,Naukri,3+ weeks ago,https://www.naukri.com/job-listings-senior-analyst-business-intelligence-hr-talent-analytics-artex-risk-solutions-bengaluru-1-to-3-years-170924506856
Business Intelligence Developer (Power BI),Terralogic Software Solutions,Bengaluru,5-10 Yrs,Not Available,"ERP, Automation, Data analysis, power bi, Business intelligence, SQL, CRM, Python",Business Intelligence,Naukri,3+ weeks ago,https://www.naukri.com/job-listings-business-intelligence-developer-power-bi-terralogic-software-solutions-pvt-ltd-bengaluru-5-to-10-years-131224504454
DST Business Analyst and Business Intelligence Developer,Husky Injection Molding Systems,Chennai(Guindy),5-10 Yrs,Not Available,"Azure Data Factory, Power Bi Dashboards, Azure Synapse Analytics, SSIS, SQL, SSAS, Azure Data Lake, Business development",Business Intelligence,Naukri,2 weeks ago,https://www.naukri.com/job-listings-dst-business-analyst-and-business-intelligence-developer-husky-injection-molding-systems-chennai-5-to-10-years-100326012665
Business Intelligence(BI) Architect,Nbits,Bengaluru,7-11 Yrs,Not Available,"python, oracle, ssas, bi, data warehousing, power bi, data architecture, cognos",Business Intelligence,Naukri,3+ weeks ago,https://www.naukri.com/job-listings-business-intelligence-bi-architect-nbits-bengaluru-7-to-11-years-170225504405
Manager - Business Intelligence,Dentsu Webchutney,Chennai,1-6 Yrs,Not Available,"Delivery management, Manager Quality Assurance, Operational excellence, Management, Manager Business Intelligence, Assurance, Intelligence, Business intelligence",Business Intelligence,Naukri,1 week ago,https://www.naukri.com/job-listings-manager-business-intelligence-dentsu-inc-chennai-1-to-6-years-280526504224
Business Systems Analyst- Payment Intelligence,AArete,Pune,4-9 Yrs,Not Available,"Data analysis, Automation, Data modeling, Analytical, Management consulting, Market intelligence, Healthcare, Business intelligence",Business Intelligence,Naukri,1 week ago,https://www.naukri.com/job-listings-business-systems-analyst-intelligence-aarete-pune-4-to-9-years-290526505927
Business Intelligence Analyst,Priority Technology Holdings,Chandigarh,4-9 Yrs,Not Available,"database maintenance, python, data analysis, data analytics, bi, power bi, business analysis, data warehousing",Business Intelligence,Naukri,3+ weeks ago,https://www.naukri.com/job-listings-business-intelligence-analyst-priority-technology-holdings-chandigarh-4-to-9-years-300126506205
Business Intelligence (BI) Analyst,Proarch It Solutions,Remote,8-13 Yrs,10-20 Lacs PA,"Business Intelligence Reporting, Tableau, Analytics, Power Bi, Data Analytics, Business analysis, Analysis, Data",Business Intelligence,Naukri,3 weeks ago,https://www.naukri.com/job-listings-business-intelligence-bi-analyst-proarch-it-solutions-hyderabad-8-to-13-years-150526032648
Business Intelligence Analyst,Medpace Clinical Research India,Mumbai,0-5 Yrs,Not Available,"Computer science, CRO, Data analysis, Data modeling, Analytical, Pharma, Business intelligence, Operations",Business Intelligence,Naukri,3+ weeks ago,https://www.naukri.com/job-listings-business-intelligence-analyst-medpace-inc-mumbai-0-to-5-years-290126506135
Business Intelligence Analyst,Convoso Tech,Vadodara,3-4 Yrs,Not Available,"Computer science, Data analysis, Data validation, Manager Quality Assurance, Analytical, Business Intelligence Analyst, Manager Technology, power bi",Business Intelligence,Naukri,3+ weeks ago,https://www.naukri.com/job-listings-business-intelligence-analyst-convoso-vadodara-3-to-4-years-031225503344
Business Intelligence Analyst,Rentokil Initial,Thane,1-2 Yrs,Not Available,"Computer science, Data analysis, Data management, Strategic planning, data governance, Data quality, data visualization, Troubleshooting",Business Intelligence,Naukri,2 weeks ago,https://www.naukri.com/job-listings-business-intelligence-analyst-rentokil-initial-thane-1-to-2-years-200526500965
"Business Intelligence Analyst, Insuretech",Suredrive Assist,Gurugram,3-5 Yrs,Not Available,"Data Validation, Business Intelligence, Financial Analysis, Dashboards, SQL, Power Bi Reports, Report Automation, Power BI",Business Intelligence,Naukri,2 weeks ago,https://www.naukri.com/job-listings-business-intelligence-analyst-insuretech-suredrive-assist-gurugram-3-to-5-years-180526024483
Business Intelligence Analyst,Rentokil PCI,Mumbai (All Areas)(Thane West),1-3 Yrs,4-6 Lacs PA,"Bigquery, Data Visualization, SQL, Business Intelligence Reporting, Business Analytics, Data Analysis, Dashboard Development, Data Sourcing",Business Intelligence,Naukri,2 weeks ago,https://www.naukri.com/job-listings-business-intelligence-analyst-rentokil-pci-mumbai-all-areas-1-to-3-years-190526014541
Business Intelligence Analyst,Fasyl Technology Group,Remote,2-5 Yrs,Not Available,"python, data analysis, data analytics, bi, predictive analytics, business analysis, data warehousing, power bi",Business Intelligence,Naukri,3+ weeks ago,https://www.naukri.com/job-listings-business-intelligence-analyst-fasyl-technology-group-remote-2-to-5-years-020226502726
Business Intelligence Lead,Tech Mahindra,Mumbai (All Areas),7-12 Yrs,8-14 Lacs PA,"Bi, C#, ASP.Net, Data Mining, SQL, Python, Intelligence, Business intelligence",Business Intelligence,Naukri,3 weeks ago,https://www.naukri.com/job-listings-business-intelligence-lead-tech-mahindra-mumbai-all-areas-7-to-12-years-120526033824
Business Intelligence Analyst-Goregaon West,Rentokil Initial,Mumbai,2-4 Yrs,Not Available,"IT Analyst, Application support, Business Intelligence Analyst, SSRS, Workflow, SSIS, Business intelligence, Troubleshooting",Business Intelligence,Naukri,3+ weeks ago,https://www.naukri.com/job-listings-business-intelligence-analyst-goregaon-west-rentokil-initial-mumbai-2-to-4-years-181125503363
Business Intelligence (BI) Analyst,Jean Martin Systems,Mumbai,2-5 Yrs,Not Available,"Computer science, Data validation, Data modeling, Business analytics, Analytical, power bi, Data analytics, Business intelligence",Business Intelligence,Naukri,3+ weeks ago,https://www.naukri.com/job-listings-business-intelligence-bi-analyst-jean-martin-systems-india-pvt-ltd-mumbai-2-to-5-years-091225504022
Business Intelligence Analyst,Wolters Kluwer - Medknow Publications,Pune,4-5 Yrs,Not Available,"Automation, Data analysis, NoSQL, Analytical, Machine learning, Operations, SQL, Python",Business Intelligence,Naukri,3+ weeks ago,https://www.naukri.com/job-listings-business-intelligence-analyst-wolters-kluwer-medknow-publications-pune-4-to-5-years-270326504760
Business Intelligence Analyst/BI Analyst,Savantys Solutions,Hyderabad,5-10 Yrs,Not Available,"Business objects, Data analysis, SAP, Data modeling, Business Intelligence Analyst, power bi, Business intelligence, Data warehousing",Business Intelligence,Naukri,3+ weeks ago,https://www.naukri.com/job-listings-business-intelligence-analyst-bi-analyst-savantys-solutions-hyderabad-5-to-10-years-011122500816
Technical Project Manager - Business Intelligence ( Tableau & Power BI,iLink Digital,"Hybrid - Pune, Chennai, Bengaluru",10-20 Yrs,Not Available,"Power Bi, DWBI, Data Analytics, Business intelligence, Management, Intelligence, Technical, Data",Business Intelligence,Naukri,3+ weeks ago,https://www.naukri.com/job-listings-technical-project-manager-business-intelligence-tableau-power-bi-ilink-digital-pune-chennai-bengaluru-10-to-20-years-070526017132
Business Intelligence Developer,Dev It Serv,Gurugram(Sector 34),2-4 Yrs,3.25-4.25 Lacs PA,"Power Bi, Data Visualization, Dashboards, Data Modeling, SQL, Dax Queries, Power Pivot, Macros",Business Intelligence,Naukri,1 week ago,https://www.naukri.com/job-listings-business-intelligence-developer-dev-it-serv-gurugram-2-to-4-years-280526020961
Business Intelligence Analyst,Cartus,Remote,2-7 Yrs,Not Available,"Etl Pipelines, Prompt Engineering, Intelligent Automation, Ai Solutions, SQL, Python, Intelligence, Business intelligence",Business Intelligence,Naukri,3+ weeks ago,https://www.naukri.com/job-listings-business-intelligence-analyst-cartus-bengaluru-2-to-7-years-070526011168
Business Intelligence Analyst,Nutanix,Bengaluru,4-6 Yrs,Not Available,"Computer science, SAN, Data analysis, Operational excellence, Coding, Analytical, Data quality, Business intelligence",Business Intelligence,Naukri,3+ weeks ago,https://www.naukri.com/job-listings-business-intelligence-analyst-nutanix-india-technologies-private-limited-bengaluru-4-to-6-years-100426502081
Senior Analyst Business Intelligence Data Analyst,Gallagher,Pune,6-9 Yrs,Not Available,"Data analysis, Data management, Data modeling, Business analytics, Process improvement, Consulting, SPSS, Business intelligence",Business Intelligence,Naukri,3+ weeks ago,https://www.naukri.com/job-listings-senior-analyst-business-intelligence-data-analyst-gallagher-pune-6-to-9-years-310126501802
Business Intelligence Analyst,Cartus,Bengaluru,5-8 Yrs,Not Available,"Automation, Prototype, orchestration, MS Access, Coding, data security, Business Intelligence Analyst, Workflow",Business Intelligence,Naukri,3+ weeks ago,https://www.naukri.com/job-listings-business-intelligence-analyst-cartus-bengaluru-5-to-8-years-080526501088
Business Intelligence Analyst,GE Appliances,Bengaluru,3-6 Yrs,Not Available,"Supply chain, tableau, Backend, Production support, Data modeling, Access management, Analytical, Operations",Business Intelligence,Naukri,3+ weeks ago,https://www.naukri.com/job-listings-business-intelligence-analyst-ge-appliances-bengaluru-3-to-6-years-120226500684
Senior Analyst - Business Intelligence - HR/Talent Analytics,Gallagher,Bengaluru,3-8 Yrs,Not Available,"Data analysis, Business analysis, Data modeling, Consulting, Informatica, Risk management, Business intelligence, Analytics",Business Intelligence,Naukri,3+ weeks ago,https://www.naukri.com/job-listings-senior-analyst-business-intelligence-hr-talent-analytics-gallagher-bengaluru-3-to-8-years-140625500250
Data Engineer Business Intelligence,Audacious Minds,Bengaluru,2-4 Yrs,Not Available,"Business intelligence, Data, Intelligence",Business Intelligence,Naukri,3+ weeks ago,https://www.naukri.com/job-listings-data-engineer-business-intelligence-audacious-minds-bengaluru-2-to-4-years-061124501850
BUSINESS INTELLIGENCE ANALYST,Koo,Bengaluru,3-5 Yrs,Not Available,"Business Intelligence, Google Analytics, Data Mining, Sql, Python, Intelligence, Analytics",Business Intelligence,Naukri,3+ weeks ago,https://www.naukri.com/job-listings-business-intelligence-analyst-koo-bengaluru-3-to-5-years-090821500472
Senior Analyst Business Intelligence Data Analyst,Artex Risk Solutions,Pune,6-9 Yrs,Not Available,"Data analysis, Data management, Business analytics, Process improvement, Consulting, SPSS, MS Office, Business intelligence",Business Intelligence,Naukri,3+ weeks ago,https://www.naukri.com/job-listings-senior-analyst-business-intelligence-data-analyst-artex-risk-solutions-pune-6-to-9-years-310126502628
Business Intelligence Analyst,Konovo,Bengaluru,5-10 Yrs,Not Available,"Data modeling, Analytical, Pharma, Healthcare, Market research, Data quality, Business intelligence, Operations",Business Intelligence,Naukri,3+ weeks ago,https://www.naukri.com/job-listings-business-intelligence-analyst-konovo-bengaluru-5-to-10-years-270426503187
Business Intelligence Engineer (Apache Superset / Holistic),CrossAsyst,Mumbai,4-9 Yrs,Not Available,"emerging technologies, python, oracle, data analysis, programming languages, business intelligence, sql, analytics",Business Intelligence,Naukri,3+ weeks ago,https://www.naukri.com/job-listings-business-intelligence-engineer-apache-superset-holistic-crossasyst-infotech-private-limited-mumbai-4-to-9-years-230326502967
Business Intelligence Engineer (Apache Superset / Holistic),CrossAsyst,Navi Mumbai,4-9 Yrs,Not Available,"emerging technologies, python, oracle, data analysis, programming languages, business intelligence, sql, analytics",Business Intelligence,Naukri,3+ weeks ago,https://www.naukri.com/job-listings-business-intelligence-engineer-apache-superset-holistic-crossasyst-infotech-private-limited-navi-mumbai-4-to-9-years-170326501732
SAS - Analyst - Business Intelligence,Clifyx Technology,Bengaluru,5-8 Yrs,Not Available,"SAS Analyst, Excel, SAS, Business intelligence, SQL, Analysis, Intelligence, Business analysis",Business Intelligence,Naukri,3+ weeks ago,https://www.naukri.com/job-listings-sas-analyst-business-intelligence-clifyx-technology-bengaluru-5-to-8-years-200525503506
Microsoft Business Intelligence/Data warehouse Developer,Talenture Management Consulting,Chennai,4-6 Yrs,Not Available,"microsoft technologies, ado.net, data warehousing, business intelligence, jquery, sql, sql server integration services, data modeling",Business Intelligence,Naukri,3+ weeks ago,https://www.naukri.com/job-listings-microsoft-business-intelligence-data-warehouse-developer-talenture-management-consulting-chennai-4-to-6-years-231018501415
Junior Business Intelligence Analyst,Cloud Counselage,Mumbai,1-2 Yrs,Not Available,"Computer science, data cleansing, Data analysis, Analytical, Process improvement, Data collection, Data quality, Business intelligence",Business Intelligence,Naukri,3+ weeks ago,https://www.naukri.com/job-listings-junior-business-intelligence-analyst-cloud-counselage-pvt-ltd-mumbai-1-to-2-years-301225507884
Business Intelligence & Analytics Manager,AXIS DIRECT,Thane,4-9 Yrs,Not Available,"Business Intelligence, Business Intelligence Reporting, Data Analytics, SQL, Python, Bi, Analytics, Intelligence",Business Intelligence,Naukri,3+ weeks ago,https://www.naukri.com/job-listings-business-intelligence-analytics-manager-axis-direct-thane-4-to-9-years-080526018566
"Business Intelligence Analyst, Associate",Newfold Digital,Mumbai,1-2 Yrs,Not Available,"Health insurance, Data analysis, Automation, Service level, Information security, Diversity and Inclusion, Wordpress, Business Intelligence Analyst",Business Intelligence,Naukri,3+ weeks ago,https://www.naukri.com/job-listings-business-intelligence-analyst-associate-newfold-digital-mumbai-1-to-2-years-060526503506
Business Intelligence Analyst,DATATERRAIN LTD,Chennai,4-6 Yrs,Not Available,"Data analysis, Data management, data science, Analytical, Business Intelligence Analyst, data visualization, Reporting tools, SQL",Business Intelligence,Naukri,3+ weeks ago,https://www.naukri.com/job-listings-business-intelligence-analyst-dataterrain-ltd-chennai-4-to-6-years-180425504739
Analyst - Business Intelligence,Aspiration,Mumbai,3-5 Yrs,Not Available,"Digital media, Data validation, Business intelligence, Troubleshooting, Adobe, Comparative analysis, Analytics, Monitoring",Business Intelligence,Naukri,3+ weeks ago,https://www.naukri.com/job-listings-analyst-business-intelligence-aspiration-mumbai-3-to-5-years-280222501389
Team Lead - Business Intelligence / Data Analyst,Dentsu Global Services,"Hybrid - Noida, Pune, Gurugram, Bengaluru, Mumbai (All Areas)",7-12 Yrs,18-22.5 Lacs PA,"Media Marketing, Team Handling, Power Bi, Data Analytics, Python, Team Management, Business Intelligence, Data Visualization",Business Intelligence,Naukri,2 weeks ago,https://www.naukri.com/job-listings-team-lead-business-intelligence-data-analyst-vipsa-talent-solutions-noida-pune-gurugram-bengaluru-mumbai-all-areas-7-to-12-years-190526022360
Business Intelligence Analyst,Anywhere Real Estate Inc,Remote,2-5 Yrs,Not Available,"Automation, Prototype, orchestration, MS Access, Coding, data security, Business Intelligence Analyst, Workflow",Business Intelligence,Naukri,3+ weeks ago,https://www.naukri.com/job-listings-business-intelligence-analyst-anywhere-real-estate-inc-remote-2-to-5-years-080526501729
Microsoft Business Intelligence Developer,Hexaware Technologies,Pune,10-13 Yrs,20-35 Lacs PA,"MSBI, OLAP, Online Analytical Processing, Intelligence, Business intelligence, Microsoft, Processing, Analytics",Business Intelligence,Naukri,2 weeks ago,https://www.naukri.com/job-listings-microsoft-business-intelligence-developer-hexaware-technologies-pune-10-to-13-years-200526036569
Associate Business Intelligence Analyst,Qtek Digital,Hyderabad,1-6 Yrs,Not Available,"PDF, Coding, Business analytics, Analytical, PHP, HTML, SSIS, Pentaho",Business Intelligence,Naukri,3+ weeks ago,https://www.naukri.com/job-listings-associate-business-intelligence-analyst-qtek-digital-hyderabad-1-to-6-years-020326500309
Sr. Business Intelligence Analyst,Earthful,Hyderabad,3-6 Yrs,Not Available,"Data management, Business Intelligence Analyst, Strategic planning, Data analytics, Advanced Excel, Data mining, Business intelligence, Business operations",Business Intelligence,Naukri,3+ weeks ago,https://www.naukri.com/job-listings-sr-business-intelligence-analyst-earthful-me-hyderabad-3-to-6-years-300925504597
Business Intelligence ( BI ) Developer,Efforts Solutions,Remote,2-7 Yrs,Not Available,"Data analysis, Usage, Excel, Business reporting, Business analysis, Oracle, Business intelligence, SSIS",Business Intelligence,Naukri,3+ weeks ago,https://www.naukri.com/job-listings-business-intelligence-bi-developer-efforts-solutions-p-ltd-remote-2-to-7-years-020223500492
Business Intelligence Developer,Concept Medical,Surat,5-8 Yrs,Not Available,"Performance tuning, Data analysis, SAP, Data modeling, power bi, Data structures, Business intelligence, Analytics",Business Intelligence,Naukri,3+ weeks ago,https://www.naukri.com/job-listings-business-intelligence-developer-concept-medical-research-private-limited-surat-5-to-8-years-280426501048
Microsoft Business Intelligence Developer,Tata Consultancy Services,Gurugram,5-10 Yrs,Not Available,"SSAS, SSRS, SSIS, Development, MSBI, Microsoft, Intelligence, Business intelligence",Business Intelligence,Naukri,2 weeks ago,https://www.naukri.com/job-listings-microsoft-business-intelligence-developer-tata-consultancy-services-gurugram-5-to-10-years-190526011946
Senior Financial and Business Intelligence Analyst,Armanino,Hyderabad,4-9 Yrs,Not Available,"Computer science, ERP, Analytical, Genetics, Corporate finance, microsoft, Resource management, Forecasting",Business Intelligence,Naukri,3+ weeks ago,https://www.naukri.com/job-listings-senior-financial-and-business-intelligence-analyst-armanino-llp-hyderabad-4-to-9-years-100326503054
Senior Financial and Business Intelligence Analyst,Armanino,Ahmedabad,4-9 Yrs,Not Available,"Computer science, ERP, Analytical, Genetics, Corporate finance, microsoft, Resource management, Forecasting",Business Intelligence,Naukri,3+ weeks ago,https://www.naukri.com/job-listings-senior-financial-and-business-intelligence-analyst-armanino-llp-ahmedabad-4-to-9-years-120326502633
"Analyst, Business Intelligence (Operations, Product & Support)",Apex Group,Pune,5-10 Yrs,Not Available,"Excel, Analytical, Fund administration, microsoft, Business intelligence, Continuous improvement, Operations, Information technology",Business Intelligence,Naukri,3+ weeks ago,https://www.naukri.com/job-listings-analyst-business-intelligence-operations-product-support-apex-fund-services-llp-pune-5-to-10-years-100425504093
Business Intelligence Architect,Larsen & Toubro (L&T),"Hybrid - Pune, Chennai, Bengaluru",14-16 Yrs,30-45 Lacs PA,"Power Bi, SQL, Tableau, Qlik, Powe Bi Architect, Intelligence, Business intelligence, Bi",Business Intelligence,Naukri,2 weeks ago,https://www.naukri.com/job-listings-business-intelligence-architect-alphacom-systems-and-solutions-pune-chennai-bengaluru-14-to-16-years-190526025638
Business Intelligence Engineer,Ravenrock Developments,Hyderabad,4-9 Yrs,Not Available,"Business Intelligence, Quicksight, AWS, Bi Development, Power Bi, Bi, Data Visualization, Data Warehousing",Business Intelligence,Naukri,3 weeks ago,https://www.naukri.com/job-listings-business-intelligence-engineer-ravenrock-developments-hyderabad-4-to-9-years-140526035237
Business Intelligence Developer,Continental,Bengaluru,3-8 Yrs,Not Available,"Data analysis, project support, Architecture, Data modeling, Analytical, Data quality, Business intelligence, Continuous improvement",Business Intelligence,Naukri,3+ weeks ago,https://www.naukri.com/job-listings-business-intelligence-developer-continental-corporation-bengaluru-3-to-8-years-070526501557
Manager Business Intelligence,Abbott,Mumbai,5-10 Yrs,Not Available,"Data analysis, Business analysis, Competitive analysis, Pharma, Analytical, Market research, Gap analysis, Business intelligence",Business Intelligence,Naukri,3+ weeks ago,https://www.naukri.com/job-listings-manager-business-intelligence-abbott-healthcare-pvt-ltd-mumbai-5-to-10-years-240426500602
Business Intelligence Consultant,Geotechnosoft,Noida,2-5 Yrs,Not Available,"Training, Data analysis, tableau, Analytical, query, power bi, Business intelligence, SQL",Business Intelligence,Naukri,3+ weeks ago,https://www.naukri.com/job-listings-business-intelligence-consultant-geotechnosoft-noida-2-to-5-years-101223500590
Data Engineer-Business Intelligence,The It Mind Services,Hyderabad,2-5 Yrs,Not Available,"Business intelligence, Intelligence, Data",Business Intelligence,Naukri,3+ weeks ago,https://www.naukri.com/job-listings-data-engineer-business-intelligence-the-it-mind-hyderabad-2-to-5-years-270825503609
Business Intelligence Consultant,Analytix Data Services,Jaipur,4-6 Yrs,Not Available,"tableau, Consulting, power bi, Business intelligence, Intelligence, Bi",Business Intelligence,Naukri,3+ weeks ago,https://www.naukri.com/job-listings-business-intelligence-consultant-analytix-data-services-jaipur-4-to-6-years-170426500895
Business Intelligence Consultant,Analytix Data Services,New Delhi,4-6 Yrs,Not Available,"tableau, Consulting, power bi, Business intelligence, Intelligence, Bi",Business Intelligence,Naukri,3+ weeks ago,https://www.naukri.com/job-listings-business-intelligence-consultant-analytix-data-services-new-delhi-4-to-6-years-230426501931
"Sr. Business Intelligence Engineer, Enterprise Intelligence (, )",Smart,Bengaluru,5-10 Yrs,Not Available,"Computer science, Automation, Product engineering, Coding, Javascript, Data quality, Business intelligence, Analytics",Business Intelligence,Naukri,3+ weeks ago,https://www.naukri.com/job-listings-sr-business-intelligence-engineer-enterprise-intelligence-smart-bengaluru-5-to-10-years-220426502911
"Business Intelligence Manager, Market Research",Marketcast,Pune,4-7 Yrs,Not Available,"tableau, python, project management, power bi, agile, business intelligence, sql, Project",Business Intelligence,Naukri,3+ weeks ago,https://www.naukri.com/job-listings-business-intelligence-manager-market-research-marketcast-pune-4-to-7-years-270625505248
Senior Business Intelligence Engineer,Brillius,Bengaluru,4-8 Yrs,Not Available,"Automation, NoSQL, Analytical, Machine learning, Information retrieval, Data analytics, Business intelligence, Data mining",Business Intelligence,Naukri,3+ weeks ago,https://www.naukri.com/job-listings-senior-business-intelligence-engineer-brillius-bengaluru-4-to-8-years-281024502441
Senior Business Intelligence Developer,Getinz Techno Services,Chennai,5-12 Yrs,Not Available,"Data modeling, Machine learning, Data quality, German, Business intelligence, Analytics, SQL, Python",Business Intelligence,Naukri,3+ weeks ago,https://www.naukri.com/job-listings-senior-business-intelligence-developer-getinz-techno-services-chennai-5-to-12-years-280126500544
Business Intelligence Developer,Shiv Software Experts,Remote,7-12 Yrs,25-30 Lacs PA,"Dashboards, Datadog, SQL, Splunk, Analytics, Development, Intelligence, Business intelligence",Business Intelligence,Naukri,3 weeks ago,https://www.naukri.com/job-listings-business-intelligence-developer-shiv-software-experts-bengaluru-7-to-12-years-170426021464
SAP BI BW(Business Intelligence) (Business warehouse) Consultant,Hiringhood,Mumbai,3-6 Yrs,Not Available,"Performance tuning, SAP, Data modeling, Project management, PLSQL, Presales, ABAP, SAP BI",Business Intelligence,Naukri,3+ weeks ago,https://www.naukri.com/job-listings-sap-bi-bw-business-intelligence-business-warehouse-consultant-hiringhood-mumbai-3-to-6-years-270824501228
Business Intelligence Lead,Dotpe,Gurugram,3-14 Yrs,Not Available,"Power Bi, Alteryx, SQL, Revenue Forecasting, Market Mix Modelling, Data Analysis, Tableau, Python",Business Intelligence,Naukri,2 weeks ago,https://www.naukri.com/job-listings-business-intelligence-lead-dotpe-gurugram-3-to-14-years-190526026747
Manager - Business Intelligence and Insights Group,Axis Max Life Insurance,Gurugram,6-7 Yrs,Not Available,"Automation, Claims, Performance management, Business reporting, Bfsi, cxo, Business intelligence, Financial services",Business Intelligence,Naukri,2 weeks ago,https://www.naukri.com/job-listings-manager-business-intelligence-and-insights-group-axis-max-life-insurance-limited-gurugram-6-to-7-years-210526506086
Team Lead - Business Intelligence,Regalix,Bengaluru,5-10 Yrs,Not Available,"Data analysis, Business analysis, Data modeling, Analytical, Data collection, Predictive modeling, Data quality, Sales process",Business Intelligence,Naukri,3+ weeks ago,https://www.naukri.com/job-listings-team-lead-business-intelligence-marketstar-bengaluru-5-to-10-years-300426501639
Business Intelligence Developer,Continuum Global Solutions,Gurugram,3-8 Yrs,Not Available,"Health insurance, Data analysis, Email marketing, Database design, Data structures, Data quality, QlikView, Business intelligence",Business Intelligence,Naukri,3+ weeks ago,https://www.naukri.com/job-listings-business-intelligence-developer-continuum-global-gurugram-3-to-8-years-010426505275
Business Intelligence Engineer,Doordash,Pune,2-7 Yrs,Not Available,"Public relations, Financial reporting, Data quality, DBMS, Business intelligence, Analytics, Monitoring, SQL",Business Intelligence,Naukri,3+ weeks ago,https://www.naukri.com/job-listings-business-intelligence-engineer-doordash-pune-2-to-7-years-020725504077
Solutions Developer (Business Intelligence),Hiringhood,Hyderabad,3-5 Yrs,Not Available,"Project management, SSRS, Agile, SSIS, Business intelligence, SDLC, Analytics, Technical documentation",Business Intelligence,Naukri,3+ weeks ago,https://www.naukri.com/job-listings-solutions-developer-business-intelligence-hiringhood-hyderabad-3-to-5-years-010724500397
Lead Specialist - Business Intelligence,Gallagher,Bengaluru,2-7 Yrs,Not Available,"Data analysis, Team management, Data management, Performance management, Consulting, Risk management, Business intelligence, Analytics",Business Intelligence,Naukri,3+ weeks ago,https://www.naukri.com/job-listings-lead-specialist-business-intelligence-gallagher-bengaluru-2-to-7-years-140625500310
Business Intelligence Developer,Applause,Hyderabad,5-10 Yrs,Not Available,"Data analysis, Managed services, Scheduling, Data quality, Informatica, Business intelligence, microsoft, JIRA",Business Intelligence,Naukri,3+ weeks ago,https://www.naukri.com/job-listings-business-intelligence-developer-applause-hyderabad-5-to-10-years-011025500809
Business Intelligence Engineer,Fulz Technologies,Nagpur,2-7 Yrs,Not Available,"Interpersonal skills, Business Analyst, Data modeling, Analytical, MySQL, Schema, Regression testing, Performance optimization",Business Intelligence,Naukri,3+ weeks ago,https://www.naukri.com/job-listings-business-intelligence-engineer-fulz-technologies-nagpur-2-to-7-years-031125502388
Business Intelligence Specialist,Stack Digital,"Hubli, Mangaluru, Mysuru, Bengaluru, Belgaum",3-6 Yrs,Not Available,"GIT, Version control, Data modeling, GCP, Analytical, Cloud, Data quality, Business intelligence",Business Intelligence,Naukri,3+ weeks ago,https://www.naukri.com/job-listings-business-intelligence-specialist-stack-digital-hubli-mangaluru-mysuru-bengaluru-belgaum-3-to-6-years-300426502770
Technical Manager (Data Warehouse & Business Intelligence),Think 360,Mumbai,10-14 Yrs,Not Available,"Data analysis, Data modeling, Coding, Agile, System design, Application development, Business intelligence, Information technology",Business Intelligence,Naukri,3+ weeks ago,https://www.naukri.com/job-listings-technical-manager-data-warehouse-business-intelligence-think360ai-mumbai-10-to-14-years-200423501114
Consultant - Business Intelligence,Germane Analytics,Bengaluru,5-9 Yrs,Not Available,"MIS reporting, Interpersonal skills, Publishing, Consultancy, Scheduling, Business intelligence, SQL scripting, Open source",Business Intelligence,Naukri,3+ weeks ago,https://www.naukri.com/job-listings-consultant-business-intelligence-germane-analytics-pvt-ltd-bengaluru-5-to-9-years-250119501564
Business Intelligence Senior Specialist,IDESLABS,"Kolkata, Mumbai, New Delhi, Hyderabad, Pune, Chennai, Bengaluru",8-10 Yrs,Not Available,"Unix, E-learning, System testing, Datastage, Performance testing, data integrity, Business intelligence, SQL",Business Intelligence,Naukri,3+ weeks ago,https://www.naukri.com/job-listings-business-intelligence-senior-specialist-ideslabs-private-limited-kolkata-mumbai-new-delhi-hyderabad-pune-chennai-bengaluru-8-to-10-years-121223500122
Senior Business Intelligence Developer,Datatobiz,Mohali,5-7 Yrs,Not Available,"Performance tuning, ERP, Data analysis, Database design, Business analytics, data mapping, SSIS, Data warehousing",Business Intelligence,Naukri,3+ weeks ago,https://www.naukri.com/job-listings-senior-business-intelligence-developer-datatobiz-mohali-5-to-7-years-260723501225
Business Intelligence Developer - OpenSource,Germane Analytics,Bengaluru,3-8 Yrs,Not Available,"Test scripts, Tools, PLSQL, Presales, Test planning, Scheduling, Business intelligence, Open source",Business Intelligence,Naukri,3+ weeks ago,https://www.naukri.com/job-listings-business-intelligence-developer-opensource-germane-analytics-pvt-ltd-bengaluru-3-to-8-years-260218500287
Lead Specialist - Business Intelligence,Artex Risk Solutions,Bengaluru,1-3 Yrs,Not Available,"Data analysis, MS Access, Consulting, Visual Studio, Business intelligence, Risk management, MS Office, SQL",Business Intelligence,Naukri,3+ weeks ago,https://www.naukri.com/job-listings-lead-specialist-business-intelligence-artex-risk-solutions-bengaluru-1-to-3-years-170924506852
Business Intelligence Developer,Locus It Services,Bengaluru,1-4 Yrs,Not Available,"Business objects, query optimization, Script writing, MySQL, OLAP, Business intelligence, SDLC, Analytics",Business Intelligence,Naukri,3+ weeks ago,https://www.naukri.com/job-listings-business-intelligence-developer-locus-it-services-private-limited-bengaluru-1-to-4-years-171122502638
Business Intelligence Engineer,Fiddich Consulting,Bengaluru,3-5 Yrs,Not Available,"Computer science, Linux, Tools, Perl, QlikView, Business intelligence, Ruby, SQL",Business Intelligence,Naukri,3+ weeks ago,https://www.naukri.com/job-listings-business-intelligence-engineer-fiddich-consulting-bengaluru-3-to-5-years-240417500911
Pre-Sales Consultant - Business Intelligence,Germane Analytics,Bengaluru,5-10 Yrs,Not Available,"Bom, Publishing, Tools, PLSQL, Presales, Scheduling, Business intelligence",Business Intelligence,Naukri,3+ weeks ago,https://www.naukri.com/job-listings-pre-sales-consultant-business-intelligence-germane-analytics-pvt-ltd-bengaluru-5-to-10-years-260218501076
Business Intelligence Specialist Advisor - ETL PM,IDESLABS,Bengaluru,8-15 Yrs,Not Available,"E-learning, Data management, Project management, Scrum, Informatica, Management, Business intelligence, Data warehousing",Business Intelligence,Naukri,3+ weeks ago,https://www.naukri.com/job-listings-business-intelligence-specialist-advisor-etl-pm-ideslabs-private-limited-bengaluru-8-to-15-years-230124500972
"Technical Lead / Architect - Business Intelligence, Data Warehousing",Talenture Management Consulting,Chennai,10-13 Yrs,Not Available,"Team management, SAP, Data management, Performance management, Cognos, US healthcare, Business intelligence, Talent management",Business Intelligence,Naukri,2 weeks ago,https://www.naukri.com/job-listings-technical-lead-architect-business-intelligence-data-warehousing-talenture-management-consulting-chennai-10-to-13-years-200526501423
Business intelligence Consultant-Junior Associate,Vayaa Systems,Hyderabad,1-3 Yrs,Not Available,"tableau, development, software, Hadoop, design, Manager Technology, MongoDB, Business intelligence",Business Intelligence,Naukri,3+ weeks ago,https://www.naukri.com/job-listings-business-intelligence-consultant-junior-associate-vayaa-systems-hyderabad-1-to-3-years-230518500200
Strategy & Business Intelligence Manager,Summitnext Bpo Company,New Delhi,2-3 Yrs,Not Available,"BPO, global operations, Project management, Consulting, Analytical research, Market research, Research, Business intelligence",Business Intelligence,Naukri,3+ weeks ago,https://www.naukri.com/job-listings-strategy-business-intelligence-manager-summitnext-new-delhi-2-to-3-years-230425500714
Senior Manager - Business Intelligence,Dentsu Webchutney,Chennai,4-6 Yrs,Not Available,"Staffing, Financial management, Design development, Deployment, Management, Manager Business Intelligence, Analytics, Reporting tools",Business Intelligence,Naukri,3+ weeks ago,https://www.naukri.com/job-listings-senior-manager-business-intelligence-dentsu-inc-chennai-4-to-6-years-020326504920
Business Intelligence Manager (Tableau),KMK Consulting,Remote,4-9 Yrs,Not Available,"advanced analytics, tableau, Sales planning, Data management, Technology consulting, Analytical, Commercial operations, Life sciences",Business Intelligence,Naukri,3 weeks ago,https://www.naukri.com/job-listings-business-intelligence-manager-tableau-kmk-consulting-inc-remote-4-to-9-years-130526500218
Business Intelligence Manager (CropScience),Bayer Zydus Pharma,Thane,4-7 Yrs,Not Available,"Automation, Sales, Data management, Trend analysis, market data, Data analytics, Sales process, Business intelligence",Business Intelligence,Naukri,3+ weeks ago,https://www.naukri.com/job-listings-business-intelligence-manager-cropscience-bayer-zydus-pharma-thane-4-to-7-years-080125506639
Private Investigator / Business Intelligence Officer,Geoprana Enterprises,Remote,4-8 Yrs,2-4 Lacs PA,"Dedicated Worker, Decision Making, Strategic Thinking, Intelligence, Dedicated, Investigation, Business intelligence",Business Intelligence,Naukri,3 weeks ago,https://www.naukri.com/job-listings-private-investigator-business-intelligence-officer-geoprana-enterprises-mohali-4-to-8-years-130526006533
Senior Manager : Business Intelligence & Reporting,Bloom Energy,Mumbai,7-10 Yrs,Not Available,"Automation, Business analysis, Data modeling, Strategic planning, Healthcare, Business intelligence, Forecasting, Operations",Business Intelligence,Naukri,3+ weeks ago,https://www.naukri.com/job-listings-senior-manager-business-intelligence-reporting-bloom-energy-india-pvt-ltd-mumbai-7-to-10-years-170426500257
Business Intelligence Lead,Cloud Counselage,Mumbai,5-9 Yrs,Not Available,"Computer science, Team management, Data modeling, Analytical, data governance, Data quality, Business intelligence, Stakeholder management",Business Intelligence,Naukri,3+ weeks ago,https://www.naukri.com/job-listings-business-intelligence-lead-cloud-counselage-pvt-ltd-mumbai-5-to-9-years-301225507955
Business Intelligence Engineer,Xpheno,Hyderabad,3-5 Yrs,Not Available,"Statistical analysis, Data management, Business Analyst, Business Finance, MIS, Data processing, Business intelligence, Business development",Business Intelligence,Naukri,3+ weeks ago,https://www.naukri.com/job-listings-business-intelligence-engineer-xpheno-hyderabad-3-to-5-years-100123500040
"Manager, Business Intelligence",Carrot Fertility,Remote,5-8 Yrs,Not Available,"Product engineering, Manager Quality Assurance, Performance management, Data modeling, Healthcare, Business intelligence, Stakeholder management, Analytics",Business Intelligence,Naukri,3+ weeks ago,https://www.naukri.com/job-listings-manager-business-intelligence-carrot-fertility-remote-5-to-8-years-270326502424
Delivery Manager - Business Intelligence and DWH,Germane Analytics,Delhi,15-19 Yrs,Not Available,"Interpersonal skills, big data analytics, Project initiation, Presales, Information management, Business intelligence, Project delivery, Soft skills",Business Intelligence,Naukri,3+ weeks ago,https://www.naukri.com/job-listings-delivery-manager-business-intelligence-and-dwh-germane-analytics-pvt-ltd-delhi-15-to-19-years-260218500467
Senior Business Intelligence Manager Active,Cloud Counselage,Mumbai,7-11 Yrs,Not Available,"Computer science, Data modeling, Analytical, Resource allocation, data governance, data visualization, Business intelligence, Stakeholder management",Business Intelligence,Naukri,3+ weeks ago,https://www.naukri.com/job-listings-senior-business-intelligence-manager-active-cloud-counselage-pvt-ltd-mumbai-7-to-11-years-301225507935
Business Intelligence Consultant,Hytech Professionals,Noida,10-15 Yrs,Not Available,"IT services, Computer science, LMS, Data modeling, Consulting, data governance, Gap analysis, Business intelligence",Business Intelligence,Naukri,3+ weeks ago,https://www.naukri.com/job-listings-business-intelligence-consultant-hytech-professionals-india-pvt-ltd-noida-10-to-15-years-161025501457
Team Lead - Business Intelligence,Canam Group,Kolkata,2-6 Yrs,Not Available,"Computer science, Agile development, Lead Solution Architect, Scrum, Business intelligence, JIRA, Continuous improvement, Performance monitoring",Business Intelligence,Naukri,3+ weeks ago,https://www.naukri.com/job-listings-team-lead-business-intelligence-canam-kolkata-inc-kolkata-2-to-6-years-020226500816
Technical Lead / Architect * - Business Intelligence,Talenture Management Consulting,Chennai,5-10 Yrs,Not Available,"Team management, SAP, Data management, Performance management, Cognos, US healthcare, Business intelligence, Talent management",Business Intelligence,Naukri,3+ weeks ago,https://www.naukri.com/job-listings-technical-lead-architect-business-intelligence-talenture-management-consulting-chennai-5-to-10-years-231018501426
Manager - Business Intelligence,Armanino,Hyderabad,5-10 Yrs,Not Available,"Data management, Financial reporting, Analytical, Business analytics, Genetics, Medical insurance, microsoft, Data warehousing",Business Intelligence,Naukri,3+ weeks ago,https://www.naukri.com/job-listings-manager-business-intelligence-armanino-llp-hyderabad-5-to-10-years-290126511355
Project Manager Business Intelligence and Reporting,Perceptive Analytics,Hyderabad,5-10 Yrs,Not Available,"Talent acquisition, Project management, Pharma, Resource allocation, Strategic planning, Risk management, Macros, Analytics",Business Intelligence,Naukri,3+ weeks ago,https://www.naukri.com/job-listings-project-manager-business-intelligence-and-reporting-perceptive-analytics-hyderabad-5-to-10-years-140121500672
Manager - Business Intelligence,Armanino,Ahmedabad,5-10 Yrs,Not Available,"Data management, Financial reporting, Analytical, Business analytics, Genetics, Medical insurance, microsoft, Data warehousing",Business Intelligence,Naukri,3+ weeks ago,https://www.naukri.com/job-listings-manager-business-intelligence-armanino-llp-ahmedabad-5-to-10-years-130126501087
Vice President - Business intelligence,US Consultancy Services,"Goregaon, Mumbai (All Areas)",10-20 Yrs,50-55 Lacs PA,"Data Engineering, Reporting & Analytics Delivery, Security & Controls, Governance, Intelligence, Business intelligence, Reporting, Engineering",Business Intelligence,Naukri,2 weeks ago,https://www.naukri.com/job-listings-vice-president-business-intelligence-cucumber-consultants-goregaon-mumbai-all-areas-10-to-20-years-240426005923
Microsoft Business Intelligence Developer,Efox Consultancy Service LLP,Hybrid - Oman,5-10 Yrs,32.5-35 Lacs PA,"Power Bi, SSAS, MSBI, SQL Server, Data Modeling, Azure Data Factory, Stored Procedures, SSRS",Business Intelligence,Naukri,3 weeks ago,https://www.naukri.com/job-listings-microsoft-business-intelligence-developer-efox-consultancy-service-llp-oman-5-to-10-years-140526013548
Business Intelligence Developer (BI Developer),Apta Talenta,Hybrid - Gurugram,3-8 Yrs,Not Available,"Power Bi, Dax, SQL, Bi Development, Data Visualization, Data Warehousing, Dashboards, Fabric",Business Intelligence,Naukri,2 weeks ago,https://www.naukri.com/job-listings-business-intelligence-developer-bi-developer-apta-talenta-gurugram-3-to-8-years-180526027594
Senior Business Intelligence Developer,CLOUD STRAT,New Delhi(Defence Colony),3-4 Yrs,4-5 Lacs PA,"Qlik NPrinting, Qlik Sense, QVD Architecture, QlikView, Qlik Cloud, Data Modelling, BI Reporting, CSS",Business Intelligence,Naukri,2 weeks ago,https://www.naukri.com/job-listings-senior-business-intelligence-developer-savyora-tech-new-delhi-3-to-4-years-190526026600
"Data Analyst (Business Intelligence,Python,Machine Learning,Power BI )",FIS,Gurugram,4-8 Yrs,Not Available,"data analyst, python, storytelling, data analysis, ai, power bi, numpy, machine learning",Business Intelligence,Naukri,1 week ago,https://www.naukri.com/job-listings-data-analyst-business-intelligence-python-machine-learning-power-bi-fis-global-business-solutions-india-pvt-ltd-gurugram-4-to-8-years-270526928124
Site Reliability Engineer (SRE)- Business Intelligence & Analytics Pl,Sabre,Hybrid - Bengaluru,5-10 Yrs,Not Available,"Site Reliability Engineering, Business Intelligence Reporting, Terraform, GCP, Servicenow, Sre, Bi, Looker",Business Intelligence,Naukri,2 weeks ago,https://www.naukri.com/job-listings-site-reliability-engineer-sre-business-intelligence-analytics-pl-sabre-bengaluru-5-to-10-years-200526044234
Business Analyst & Data Analyst & Python,Coriolis Tech,"Hyderabad, Pune, Bengaluru",0-1 Yrs,4.75-6.5 Lacs PA,"Business Intelligence, Financial Analytics, Python, Analytics Reporting, Business Analytics, Power Bi, Bi, Alteryx",Business Intelligence,Naukri,2 weeks ago,https://www.naukri.com/job-listings-business-analyst-data-analyst-python-coriolis-tech-hyderabad-pune-bengaluru-0-to-1-years-230526006205
Business Intelligence Engineer 2,Amazon,Hyderabad,4-7 Yrs,25-35 Lacs PA,"SQL, Python, Excel, Power Bi, Data Analysis, Tableau, Data Analytics, Reporting",Business Intelligence,Naukri,3 weeks ago,https://www.naukri.com/job-listings-business-intelligence-engineer-2-amazon-hyderabad-4-to-7-years-090526008958
Business Intelligence Unit || BIU || Call Center Analytics ||,NBFC,"Mumbai, Hyderabad, Bengaluru",3-8 Yrs,5-15 Lacs PA,"Bi, Microstrategy, Business Intelligence, Business Intelligence Reporting, Bi Tools, DWBI, Tableau, Data Warehousing",Business Intelligence,Naukri,2 weeks ago,https://www.naukri.com/job-listings-business-intelligence-unit-biu-call-center-analytics-array-solutions-mumbai-hyderabad-bengaluru-3-to-8-years-230526004329
Business & Data Analyst,Dailyhunt,Bengaluru,1-3 Yrs,Not Available,"SQL, Business Intelligence Reporting, Power Bi, Bi, SQL Queries, Tableau, Data Analytics, Data analysis",Business Intelligence,Naukri,5 days ago,https://www.naukri.com/job-listings-business-data-analyst-dailyhunt-bengaluru-1-to-3-years-170426021621
Business Intelligence (BI) Administrator,Infosys,Hyderabad,2-6 Yrs,Not Available,"Business Intelligence, Azure, Automation, Process Automation, Power Bi, Postgresql, Sql Server, Bi Tools",Business Intelligence,Naukri,5 days ago,https://www.naukri.com/job-listings-business-intelligence-bi-administrator-infosys-limited-hyderabad-2-to-6-years-010626922256
Business Intelligence Engineer 2,Apidel Technologies,Bengaluru,4-8 Yrs,15-19 Lacs PA,"sql, s3, python, BI, power BI, Business intelligence, dat visualization, Microstrategy",Business Intelligence,Naukri,1 week ago,https://www.naukri.com/job-listings-business-intelligence-engineer-2-apidel-technologies-bengaluru-4-to-8-years-290526005852
Business Intelligence and Power BI Professional,Infobeans,"Indore, Pune",4-8 Yrs,Not Available,"Backend, Usage, Project management, query, power bi, Data structures, Business intelligence, Sharepoint",Business Intelligence,Naukri,5 days ago,https://www.naukri.com/job-listings-business-intelligence-and-power-bi-professional-infobeans-systems-i-pvt-ltd-indore-pune-4-to-8-years-010626500152
"Data Eng, Mgmt & Governance Sr Analyst",Accenture,Bengaluru,5-8 Yrs,Not Available,"Bi Developer, Business Intelligence, Azure, Power Bi, Sql Server, Data Management, Data Cleansing, Teradata",Business Intelligence,Naukri,2 days ago,https://www.naukri.com/job-listings-data-eng-mgmt-governance-sr-analyst-accenture-solutions-pvt-ltd-bengaluru-5-to-8-years-040626930669
Lead Analyst Business Intelligence & Risk Reporting,First Citizens India,Bengaluru,7-12 Yrs,Not Available,"Data analysis, Automation, Data modeling, Risk analytics, Analytical, Reconciliation, Workflow, Risk management",Business Intelligence,Naukri,3+ weeks ago,https://www.naukri.com/job-listings-lead-analyst-business-intelligence-risk-reporting-svb-associates-bengaluru-7-to-12-years-120226503671
Lead Business Intelligence Engineer,Dtcc,Hyderabad,6-11 Yrs,Not Available,"Business Intelligence, Regression Testing, Bi Development, Data Engineering, Data Pipelines, Power Bi, Regression, Jira",Business Intelligence,Naukri,1 week ago,https://www.naukri.com/job-listings-lead-business-intelligence-engineer-dtcc-hyderabad-6-to-11-years-270526936081
Business Intelligence - Media,Hiring For MNC,"Hybrid - Pune, Chennai, Bengaluru",4-9 Yrs,Not Available,"Power Bi, Media, SQL, CTR, Business Intelligence Reporting, CPA, buisness, Data Visualization",Business Intelligence,Naukri,1 week ago,https://www.naukri.com/job-listings-business-intelligence-media-ams-pune-chennai-bengaluru-4-to-9-years-250526003941
Oracle Business Intelligence (OBIEE),Tata Consultancy Services,"Hyderabad, Pune, Bengaluru",7-12 Yrs,Not Available,"dashboards in OBIEE, eports, of SQL and ETL processes, Oracle Business Intelligence application development, Oracle, Oracle business intelligence, Intelligence, ETL Process",Business Intelligence,Naukri,2 weeks ago,https://www.naukri.com/job-listings-oracle-business-intelligence-obiee-tata-consultancy-services-hyderabad-pune-bengaluru-7-to-12-years-200526017305
Senior Business Intelligence & Analytics Specialist,Jones Lang LaSalle (JLL),Bengaluru,8-10 Yrs,Not Available,"Computer science, Performance tuning, Automation, Configuration management, SSRS, Business intelligence, Troubleshooting, Analytics",Business Intelligence,Naukri,3 days ago,https://www.naukri.com/job-listings-senior-business-intelligence-analytics-specialist-jones-lang-lasalle-bengaluru-8-to-10-years-030626502738
Business Intelligence (HANA Modelling) Professional,Apple,Bengaluru,3-6 Yrs,Not Available,"Business process, Data modeling, Analytical, Manager Technology, Business intelligence, Business solutions, Hana Modelling, Modeling",Business Intelligence,Naukri,2 weeks ago,https://www.naukri.com/job-listings-business-intelligence-hana-modelling-professional-apple-india-pvt-ltd-bengaluru-3-to-6-years-200526503357
Business Intelligence and Reporting Technical Lead,Hitachi Digital Services,"Kolkata, Mumbai, New Delhi, Hyderabad, Pune, Chennai, Bengaluru",5-9 Yrs,Not Available,"tableau, data visualization, data integration, reporting, Technical, Integration, Intelligence, Business intelligence",Business Intelligence,Naukri,3+ weeks ago,https://www.naukri.com/job-listings-business-intelligence-and-reporting-technical-lead-hitachi-digital-services-kolkata-mumbai-new-delhi-hyderabad-pune-chennai-bengaluru-5-to-9-years-040825500479
Strategy & Business Intelligence - Associate/Senior Associate,JPMorgan Chase Bank,Bengaluru,5-10 Yrs,Not Available,"Data analysis, Financial statements, Analytical, Market intelligence, Corporate finance, Business intelligence, Financial services, Analytics",Business Intelligence,Naukri,3+ weeks ago,https://www.naukri.com/job-listings-strategy-business-intelligence-associate-senior-associate-jp-morgan-and-chase-bengaluru-5-to-10-years-020426509755
Business Intelligence & Data Analytics Solutions Professional,Lancet Software,Rourkela,2-5 Yrs,Not Available,"python, data analytics, data analysis, mis reporting, business analysis, power bi, pivot table, data warehousing",Business Intelligence,Naukri,3+ weeks ago,https://www.naukri.com/job-listings-business-intelligence-data-analytics-solutions-professional-lancet-software-india-pvt-ltd-rourkela-2-to-5-years-160226510534
Lead Business Intelligence Analyst,Cision,Mumbai,8-13 Yrs,Not Available,"Coding, Business analysis, Analytical, Social media, Workflow, microsoft, Business intelligence, Forecasting",Business Intelligence,Naukri,3+ weeks ago,https://www.naukri.com/job-listings-lead-business-intelligence-analyst-cision-mumbai-8-to-13-years-230426503569
Market Research Analyst - Analytics & Business Intelligence,Dev Solutions,Noida,2-3 Yrs,Not Available,"Computer science, Statistical analysis, Database management, Web development, Data collection, Market Research Analyst, New product development, Business intelligence",Business Intelligence,Naukri,3+ weeks ago,https://www.naukri.com/job-listings-market-research-analyst-analytics-business-intelligence-dev-solutions-noida-2-to-3-years-041024502906
Cards - Business Intelligence/Advisory | InSolutionsGlobal-Mumbai,In Solutions Global (ISG),Mumbai (All Areas),10-15 Yrs,14-20 Lacs PA,"Power Bi, BIU, Business Insights, Digital Payment, Cards Domain, team Handling, Report Automation, business Intelligence",Business Intelligence,Naukri,3+ weeks ago,https://www.naukri.com/job-listings-cards-business-intelligence-advisory-insolutionsglobal-mumbai-in-solutions-global-isg-mumbai-all-areas-10-to-15-years-300126024699
Business Intelligence,AMS,Mumbai (All Areas),4-6 Yrs,Not Available,"Power Bi, SQL, digital marketing, Complex sql query, advertising data, Digital Marketing, advertising, media",Business Intelligence,Naukri,Few hours ago,https://www.naukri.com/job-listings-business-intelligence-ams-mumbai-all-areas-4-to-6-years-060626006920
Assistant Manager - Business Intelligence,Makemytrip,Gurugram,3-5 Yrs,Not Available,"python, data analysis, bi, power bi, data warehousing, business intelligence, dashboards, sql server",Business Intelligence,Naukri,3 weeks ago,https://www.naukri.com/job-listings-assistant-manager-business-intelligence-makemytrip-india-pvt-ltd-gurugram-3-to-5-years-150526500947
Business Intelligence/Data Analytics Specialist,Lonza,Hyderabad,0-4 Yrs,Not Available,"Data analysis, Automation, Analytical, Agile, Healthcare, Data quality, Business intelligence, Continuous improvement",Business Intelligence,Naukri,3+ weeks ago,https://www.naukri.com/job-listings-business-intelligence-data-analytics-specialist-lonza-india-pvt-ltd-hyderabad-0-to-4-years-170426501197
Lead AI Engineer - ( Business Intelligence),Visa Consolidated Support Services India,Hybrid - Bengaluru,8-10 Yrs,Not Available,"ai engineer, kubernetes, python, scala, ai, llm, machine learning, business intelligence",Business Intelligence,Naukri,3 days ago,https://www.naukri.com/job-listings-lead-ai-engineer-business-intelligence-visa-consolidated-support-services-india-pvt-ltd-bengaluru-8-to-10-years-030626928247
"Senior Manager, Business Intelligence Architect",Randstad,Hybrid - Hyderabad,10-20 Yrs,Not Available,"DataBricks, Artificial Intelligence, Snowflake, Tableau, Python, Data Bricks, Architecture, Management",Business Intelligence,Naukri,1 week ago,https://www.naukri.com/job-listings-senior-manager-business-intelligence-architect-randstad-hyderabad-10-to-20-years-260526028024
Senior Manager Business Intelligence Unit (BIU),Upman Placements,Navi Mumbai,5-8 Yrs,10-14 Lacs PA,"Regulatory Reporting, Power BI, NBFC, Data Analysis, MIS Reporting, Business Intelligence, BFSI, Dashboard",Business Intelligence,Naukri,5 days ago,https://www.naukri.com/job-listings-senior-manager-business-intelligence-unit-biu-upman-placements-navi-mumbai-5-to-8-years-010626004618
Business Intelligence Engineer II,TekWissen India,Bengaluru,4-9 Yrs,Not Available,"Computer science, Microstrategy, Engineer II, Staffing, data visualization, Business intelligence, Continuous improvement, Operations",Business Intelligence,Naukri,1 week ago,https://www.naukri.com/job-listings-business-intelligence-engineer-ii-tekwissen-india-bengaluru-4-to-9-years-290526505486
Assistant Manager - Business Intelligence and Insights Group,Axis Max Life Insurance,Gurugram,2-6 Yrs,Not Available,"Data modeling, RDBMS, Data structures, PLSQL, Management, Manager Business Intelligence, AWS, SQL",Business Intelligence,Naukri,2 weeks ago,https://www.naukri.com/job-listings-assistant-manager-business-intelligence-and-insights-group-axis-max-life-insurance-limited-gurugram-2-to-6-years-210526506396
Architect-II Data,Hiringeye Solutions,"Hybrid - Hyderabad, Bengaluru, Delhi / NCR",10-14 Yrs,Not Available,"Azure Synapse, Microsoft Fabric, Etl Process, Data Warehousing, Python, Azure Data Factory, Business Intelligence, Pyspark",Business Intelligence,Naukri,1 week ago,https://www.naukri.com/job-listings-architect-ii-data-hiringeye-solutions-hyderabad-bengaluru-delhi-ncr-10-to-14-years-250526030586
Walk-in || In-Person Drive-Power BI Developer Hyderabad-13-Jun-26,Tata Consultancy Services,Unknown,Not Available,Not Available,"Business Intelligence Reporting, Power Bi, Bi Tools, Data Warehousing, Tools, Development, Business intelligence, Data",Business Intelligence,Naukri,1 day ago,https://www.naukri.com/job-listings-walk-in-in-person-drive-power-bi-developer-hyderabad-13-jun-26-tata-consultancy-services-hyderabad-4-to-9-years-050626017398
"Data Eng, Mgmt & Governance Specialist",Accenture,Bengaluru,7-11 Yrs,Not Available,"data management, bi, microsoft azure, power bi, alteryx, python, data analysis, data analytics",Business Intelligence,Naukri,3+ weeks ago,https://www.naukri.com/job-listings-data-eng-mgmt-governance-specialist-accenture-solutions-pvt-ltd-bengaluru-7-to-11-years-050526936314
Power BI Developer II,Precision For Medicine,Bengaluru,3-5 Yrs,Not Available,"ERP, Business analysis, Project management, Analytical, Life sciences, Business intelligence, Operations, Analytics",Business Intelligence,Naukri,3 days ago,https://www.naukri.com/job-listings-power-bi-developer-ii-precision-for-medicine-bengaluru-3-to-5-years-030626502664
Director analytics,Tech SMCSquared GCC,Hyderabad,15-24 Yrs,Not Available,"Power Bi, Analytics, Business Intelligence Reporting, Tableau, Intelligence, Direct, Business intelligence, Reporting",Business Intelligence,Naukri,4 days ago,https://www.naukri.com/job-listings-director-analytics-tech-smcsquared-gcc-hyderabad-15-to-24-years-020626008576
Opening For Power bi Developers - Chennai,Capgemini,Chennai,2-7 Yrs,Not Available,"Business Intelligence Reporting, Analytics, Power Bi, VBA, Development, Business intelligence, Bi, Intelligence",Business Intelligence,Naukri,5 days ago,https://www.naukri.com/job-listings-opening-for-power-bi-developers-chennai-capgemini-chennai-2-to-7-years-240426030908
Cognos Developer,Atos,Pune,5-10 Yrs,Not Available,"Enterprise reporting, Oracle SQL, Cognos, Diversity and Inclusion, IT projects, Teradata, Business intelligence, Data warehousing",Business Intelligence,Naukri,3 days ago,https://www.naukri.com/job-listings-cognos-developer-atos-pvt-ltd-pune-5-to-10-years-030626503128
Analytics- Assistant Manager,EY,Gurugram,7-9 Yrs,Not Available,"Data analysis, Development Manager, Project management, MIS, Business analytics, Consulting, Risk management, Business intelligence",Business Intelligence,Naukri,4 days ago,https://www.naukri.com/job-listings-analytics-assistant-manager-ernst-young-gurugram-7-to-9-years-020626501293
"Expert BI Strategy , Glbl Data & Analyt",Colgate-Palmolive (India),Mumbai,4-7 Yrs,Not Available,"snowflake, domo, python, analytics services, data analysis, data analytics, bi, microsoft azure",Business Intelligence,Naukri,1 week ago,https://www.naukri.com/job-listings-expert-bi-strategy-glbl-data-analyt-colgate-palmolive-india-mumbai-4-to-7-years-260526501274
BI Lead,Thermo Fisher Scientific,Bengaluru,10-15 Yrs,Not Available,"Supply chain, Change management, Automation, Performance management, Business analysis, Data modeling, Business analytics, Predictive modeling",Business Intelligence,Naukri,3+ weeks ago,https://www.naukri.com/job-listings-bi-lead-thermo-fisher-scientific-india-pvt-ltd-bengaluru-10-to-15-years-090426502488
BI Data Analyst - Tableau developer,Saviynt,Bengaluru,2-7 Yrs,Not Available,"Manager Quality Assurance, Data modeling, Business analytics, Performance testing, OLAP, Data quality, Stored procedures, Business intelligence",Business Intelligence,Naukri,3+ weeks ago,https://www.naukri.com/job-listings-bi-data-analyst-tableau-developer-saviynt-bengaluru-2-to-7-years-080825500321
SALES OPS ANALYST IV,TE Connectivity,Bengaluru,8-13 Yrs,Not Available,"power bi, sap, data analysis, supply chain, business intelligence, sales, salesforce, sales operations",Business Intelligence,Naukri,3 days ago,https://www.naukri.com/job-listings-sales-ops-analyst-iv-te-connectivity-india-private-limited-bengaluru-8-to-13-years-030626930594
BI Manager/Lead(IC),Credence Resource Management,Pune,8-12 Yrs,Not Available,"Ticketing, Claims, Coding, Scheduling, US healthcare, Business intelligence, Analytics, Monitoring",Business Intelligence,Naukri,3+ weeks ago,https://www.naukri.com/job-listings-bi-manager-lead-ic-credence-resource-management-pvt-ltd-pune-8-to-12-years-300426501777
Business Intelligence & Analytics Development Intern,Remote Programmer,Kolkata,Not Available,Unpaid,Not Available,Business Intelligence,Naukri,Starts in 1-3 months,https://www.naukri.com/job-listings-business-intelligence-analytics-development-intern-remote-programmer-pvt-ltd-kolkata-0-to-2-years-080824500642
Business Intelligence,Can be discussed,Hybrid - India,3-7 Yrs,7-15 Lacs PA,"Campaigns, Tableau, SQL, Excel, Python, Ctr, Power Bi, Bi",Business Intelligence,Naukri,3 weeks ago,https://www.naukri.com/job-listings-business-intelligence-apex-consultancy-services-india-3-to-7-years-110526008947
Business Analyst (Ecommerce),Relaxo,New Delhi,5-8 Yrs,18-25 Lacs PA,"Business Intelligence, Business Analytics, E-commerce, Analytics, Power Bi, Financial Analytics, e commerce kpi, Data Visualization",Business Intelligence,Naukri,Today,https://www.naukri.com/job-listings-business-analyst-ecommerce-relaxo-new-delhi-5-to-8-years-260825008540
Business Analyst,Novo Nordisk,Bengaluru,4-6 Yrs,Not Available,"data analysis, modeling, data validation, documentation, bi, power bi, business analysis, business intelligence",Business Intelligence,Naukri,3+ weeks ago,https://www.naukri.com/job-listings-business-analyst-novo-nordisk-centre-india-pvt-ltd-bengaluru-4-to-6-years-181225502491
Senior Data Analyst-2,Mastercard,Pune,6-9 Yrs,Not Available,"data analyst, storytelling, data analytics, metric tracking, power bi, business intelligence, sales, sql",Business Intelligence,Naukri,3 days ago,https://www.naukri.com/job-listings-senior-data-analyst-2-mastercard-india-services-private-limited-pune-6-to-9-years-030626918221
Business Intelligence Engineer II,TekWissen India,Hyderabad,2-7 Yrs,Not Available,"Engineer II, Data analysis, SAS, Machine learning, Perl, Business intelligence, Operations, MATLAB",Business Intelligence,Naukri,1 week ago,https://www.naukri.com/job-listings-business-intelligence-engineer-ii-tekwissen-india-hyderabad-2-to-7-years-290526505473
Business Intelligence Engineer-2,Apidel Technologies,Hyderabad,2-4 Yrs,20-35 Lacs PA,"python, data science, Machine Learning, SQL, matlab, SAS, statistical modelling",Business Intelligence,Naukri,1 week ago,https://www.naukri.com/job-listings-business-intelligence-engineer-2-apidel-technologies-hyderabad-2-to-4-years-260526012947
Data Architect,Accenture,Bengaluru,12-15 Yrs,Not Available,"data architecture, data architecture principles, data modeling, etl, data integration, oracle, datastage, data warehousing",Business Intelligence,Naukri,1 week ago,https://www.naukri.com/job-listings-data-architect-accenture-solutions-pvt-ltd-bengaluru-12-to-15-years-250526918213
Lead Business Intelligence Engineer (Observability Engineer),Dtcc,"Hyderabad, Chennai",5-10 Yrs,Not Available,"Business Intelligence, Api Gateway, Azure, Architecture, Use Cases, Big Data, Vpc, Prometheus",Business Intelligence,Naukri,2 weeks ago,https://www.naukri.com/job-listings-lead-business-intelligence-engineer-observability-engineer-dtcc-hyderabad-chennai-5-to-10-years-180526917660
Director - Business Intelligence & Data Warehousing,Decisiontree Analytics & Services,Gurugram,20-25 Yrs,Not Available,"Computer science, Data management, data science, Data modeling, Analytical, Process improvement, project governance, Business intelligence",Business Intelligence,Naukri,3+ weeks ago,https://www.naukri.com/job-listings-director-business-intelligence-data-warehousing-decisiontree-analytics-and-services-private-limited-gurugram-20-to-25-years-100925503332
Data Analytics and Business Intelligence Specialist,Profitics,Hyderabad,2-7 Yrs,Not Available,"Unix, Business objects, Application support, Linux, Project management, OLAP, Application development, Business intelligence",Business Intelligence,Naukri,3+ weeks ago,https://www.naukri.com/job-listings-data-analytics-and-business-intelligence-specialist-profitics-hyderabad-2-to-7-years-100223501703
Business Analyst (Data Extraction),Leading Client,Hyderabad,3-7 Yrs,Not Available,"Business Analyst, Design, Business Intelligence, Data Systems, Analytical Skills, Database Design, Data Extraction, Business Operations",Business Intelligence,Naukri,1 week ago,https://www.naukri.com/job-listings-business-analyst-data-extraction-ideslabs-private-limited-hyderabad-3-to-7-years-280526913931
Business Intelligence- MIS Professional,5paisa Capital,Mumbai,3-8 Yrs,Not Available,"Data analysis, Automation, MS SQL, Data modeling, MIS, Analytical, Customer service, Business intelligence",Business Intelligence,Naukri,3+ weeks ago,https://www.naukri.com/job-listings-business-intelligence-mis-professional-5-paisa-capital-limited-mumbai-3-to-8-years-190325508652
Business Intelligence Professionals,Codehall Technology,Bengaluru,1-4 Yrs,Not Available,"Coding, devops, Business intelligence, User experience design, UX, Experience Design, Usage, Intelligence",Business Intelligence,Naukri,3+ weeks ago,https://www.naukri.com/job-listings-business-intelligence-professionals-codehall-technology-bengaluru-1-to-4-years-101225502163
Sales Executive - Business Intelligence,Germane Analytics,Bengaluru,5-10 Yrs,Not Available,"Relationship management, Team Building, Analytical, Internet marketing, Customer care, Prospecting, Sales Executive, Business intelligence",Business Intelligence,Naukri,3+ weeks ago,https://www.naukri.com/job-listings-sales-executive-business-intelligence-germane-analytics-pvt-ltd-bengaluru-5-to-10-years-260218501249
Business Intelligence Solution Architect,Germane Analytics,Bengaluru,12-16 Yrs,Not Available,"Publishing, Tools, PLSQL, Presales, Scheduling, FMCG, Business intelligence, Solution Architect",Business Intelligence,Naukri,3+ weeks ago,https://www.naukri.com/job-listings-business-intelligence-solution-architect-germane-analytics-pvt-ltd-bengaluru-12-to-16-years-260218500288
Business intelligence Professionals,Techno Compass Consulting,Bengaluru,9-14 Yrs,Not Available,"CSS, orchestration, Coding, Javascript, Workflow, business rules, HTML, Business intelligence",Business Intelligence,Naukri,3+ weeks ago,https://www.naukri.com/job-listings-business-intelligence-professionals-technocompass-consulting-bengaluru-9-to-14-years-061125504163
Senior Business Analyst - Business Insights & Analytics,Sigmoid Analytics,Bengaluru,8-13 Yrs,Not Available,"Supply chain, Bfsi, Analytical, Consulting, Senior Business Analyst, power bi, Life sciences, Business intelligence",Business Intelligence,Naukri,3+ weeks ago,https://www.naukri.com/job-listings-senior-business-analyst-business-insights-analytics-sigmoid-bengaluru-8-to-13-years-110326506011
Business Analyst- Aisle,Info Edge,Bengaluru(HSR Layout),3-6 Yrs,Not Available,"Business Intelligence, Insight Generation, Power Bi, Business Insights, Tableau, Business analysis, Business Insight, Insights",Business Intelligence,Naukri,3+ weeks ago,https://www.naukri.com/job-listings-business-analyst-aisle-info-edge-bengaluru-3-to-6-years-060526012948
Oracle Business Intelligence Developer,iCresset Talent Solutions,Adilabad,3-7 Yrs,Not Available,"Middle management, Financial reporting, Software development, Finance, Agile, Software development life cycle, Manager Technology, Oracle business intelligence",Business Intelligence,Naukri,3+ weeks ago,https://www.naukri.com/job-listings-oracle-business-intelligence-developer-icresset-talent-solutions-adilabad-3-to-7-years-081222501226
S&C Global Network - AI - Life Sciences -Data Science Sr. Manager,Accenture,Bengaluru,5-9 Yrs,Not Available,"python, power bi, sql, tableau, hypothesis testing, time series, business analytics",Business Intelligence,Naukri,3 weeks ago,https://www.naukri.com/job-listings-s-c-global-network-ai-life-sciences-data-science-sr-manager-accenture-solutions-pvt-ltd-bengaluru-5-to-9-years-110526927309
"Data Eng, Mgmt & Governance Assoc Mgr",Accenture,Bengaluru,10-14 Yrs,Not Available,"metadata, python, sql, tableau, gcp, hive, data management, data analysis",Business Intelligence,Naukri,3+ weeks ago,https://www.naukri.com/job-listings-data-eng-mgmt-governance-assoc-mgr-accenture-solutions-pvt-ltd-bengaluru-10-to-14-years-050526935901
Custom Software Engineer,Accenture,Bengaluru,2-5 Yrs,Not Available,"software engineer, data analysis, data modeling, design, power bi, dax, analytical skills, business intelligence",Business Intelligence,Naukri,5 days ago,https://www.naukri.com/job-listings-custom-software-engineer-accenture-solutions-pvt-ltd-bengaluru-2-to-5-years-010626916304
I&F Decision Sci Practitioner Specialist,Accenture,Bengaluru,7-11 Yrs,Not Available,"storytelling, snowflake, data warehouse, python, data analysis, databricks, power bi, business intelligence",Business Intelligence,Naukri,5 days ago,https://www.naukri.com/job-listings-i-f-decision-sci-practitioner-specialist-accenture-solutions-pvt-ltd-bengaluru-7-to-11-years-010626913474
Data Visualization Architect,Praval Infotech,Hyderabad,4-5 Yrs,Not Available,"Performance tuning, Architect, SSRS, Manager Technology, power bi, data visualization, microsoft, Business intelligence",Business Intelligence,Naukri,3+ weeks ago,https://www.naukri.com/job-listings-data-visualization-architect-praval-infotech-hyderabad-4-to-5-years-191225502109
Consultant- Power BI + Custom visualization,Evalueserve,Bengaluru,5-12 Yrs,Not Available,"pharma selling, sql queries, bi, power platform, power bi, business intelligence, dashboards, sql",Business Intelligence,Naukri,3 weeks ago,https://www.naukri.com/job-listings-consultant-power-bi-custom-visualization-evalueserve-com-pvt-ltd-bengaluru-5-to-12-years-150526501100
Power BI Developer,Infosys,Bengaluru,5-8 Yrs,Not Available,"Bi Developer, Business Intelligence, Power Bi, Ai, Data Warehouse, Analytics, Sql, Microsoft Technologies",Business Intelligence,Naukri,3+ weeks ago,https://www.naukri.com/job-listings-power-bi-developer-infosys-limited-bengaluru-5-to-8-years-070526921394
Lead II - Data Engineering,UST,Bengaluru,10-15 Yrs,Not Available,"Supply chain, Computer science, Business objects, Data modeling, Agile, Visio, Business intelligence, Information technology",Business Intelligence,Naukri,1 day ago,https://www.naukri.com/job-listings-lead-ii-data-engineering-ust-bengaluru-10-to-15-years-050626502833
Tableau/BI Developer- Quest Global-Bangalore,Quest Global,Hybrid - Bengaluru,4-9 Yrs,Not Available,"Data Analysis, Tableau, SQl, Development, Data, Bi Development, Bi, Analysis",Business Intelligence,Naukri,1 day ago,https://www.naukri.com/job-listings-tableau-bi-developer-quest-global-bangalore-quest-global-bengaluru-4-to-9-years-050626017091
Lead data analyst / data analytics-- US MNC (Analytics),US MNC (analytics),"Hybrid - Hyderabad, Chennai, Bengaluru",5-10 Yrs,25-40 Lacs PA,"SQL, Business Intelligence, Hql, Analytical Skills, Data Extraction, Tableau, Advance Sql, Marketing Analytics",Business Intelligence,Naukri,2 days ago,https://www.naukri.com/job-listings-lead-data-analyst-data-analytics-us-mnc-analytics-aspyra-hr-services-hyderabad-chennai-bengaluru-5-to-10-years-040626022679
Senior Systems Engineer -Senior Power BI Developer,CGI,Hybrid - Bengaluru,5-7 Yrs,8-14 Lacs PA,"Advanced knowledge of DAX, Power BI Desktop & Power BI Service, SQL and database concepts, REST APIs / data connectors, Power Query and M Language, data modeling techniques, Data Warehousing, Desktop",Business Intelligence,Naukri,3 days ago,https://www.naukri.com/job-listings-senior-systems-engineer-senior-power-bi-developer-cgi-bengaluru-5-to-7-years-030626022589
Micro Strategy Developer,Capgemini,"Hyderabad, Chennai, Bengaluru",6-11 Yrs,Not Available,"sql, data validation, design, data structures, business intelligence, reconciliation, Intelligence, Data",Business Intelligence,Naukri,2 weeks ago,https://www.naukri.com/job-listings-micro-strategy-developer-capgemini-technology-services-india-limited-hyderabad-chennai-bengaluru-6-to-11-years-220526923534
"Qlik (Qliksense, QlikView) Lead Developer",Crisil,Mumbai,5-10 Yrs,Not Available,"nprinting, python, data analysis, data analytics, qlikview development, bi, data warehousing, power bi",Business Intelligence,Naukri,3+ weeks ago,https://www.naukri.com/job-listings-qlik-qliksense-qlikview-lead-developer-crisil-mumbai-5-to-10-years-200426500554
Sr. BI Developer,Uei Electronics,Bengaluru,10-15 Yrs,Not Available,"MS SQL, Bluetooth, Data modeling, Business analysis, Database design, Enterprise applications, SSRS, Business intelligence",Business Intelligence,Naukri,3+ weeks ago,https://www.naukri.com/job-listings-sr-bi-developer-uei-electronics-pvt-ltd-bengaluru-10-to-15-years-050226501579
Incremental CRM - BI Developer,Barclays,Pune,3-9 Yrs,Not Available,"Data analysis, Coding, Analytical, Investment banking, Unit testing, Business strategy, Assistant Vice President, Business intelligence",Business Intelligence,Naukri,3+ weeks ago,https://www.naukri.com/job-listings-incremental-crm-bi-developer-barclays-shared-services-pune-3-to-9-years-010526500657
"Principal Engineer I, BI & Analytics",Invesco,Hyderabad,8-13 Yrs,Not Available,"Data management, Data modeling, Workflow, HTML, Scheduling, Troubleshooting, Business intelligence, Technical support",Business Intelligence,Naukri,1 week ago,https://www.naukri.com/job-listings-principal-engineer-i-bi-analytics-invesco-india-pvt-ltd-hyderabad-8-to-13-years-270526502253
EY-GDS Consulting-AI And DATA-MS Fabric-Manager,EY,Pune,7-11 Yrs,Not Available,"Ai, Etl Pipelines, Business Intelligence, Azure, Capital Markets, Architecture, Power Bi, Data Management",Business Intelligence,Naukri,1 week ago,https://www.naukri.com/job-listings-ey-gds-consulting-ai-and-data-ms-fabric-manager-ernst-young-llp-pune-7-to-11-years-260526926851
Application Lead,Accenture,Bengaluru,5-8 Yrs,Not Available,"accounting, sap s hana, ic, sap bpc, finance, sap bi, test scripts, sap bo",Business Intelligence,Naukri,1 week ago,https://www.naukri.com/job-listings-application-lead-accenture-solutions-pvt-ltd-bengaluru-5-to-8-years-250526930563
Intern SQL Developer,Crisil,Mumbai,Not Available,Unpaid,Not Available,Sql Developer,Naukri,Starts in 1-3 months,https://www.naukri.com/job-listings-intern-sql-developer-crisil-mumbai-0-to-1-years-030226503057
Senior Java SQL Developer,Infosys,"Hyderabad, Pune, Bengaluru",7-10 Yrs,Not Available,"Java, SQL, Hibernate, Spring Boot, Rest Api Services, Microservices, Development, Boot",Sql Developer,Naukri,1 week ago,https://www.naukri.com/job-listings-senior-java-sql-developer-infosys-hyderabad-pune-bengaluru-7-to-10-years-100625030110
SQL Developer,Billions United,Bengaluru,0-2 Yrs,Not Available,"database management system, sql development, modeling, sql queries, oracle, dbms, analysis, database administration",Sql Developer,Naukri,3+ weeks ago,https://www.naukri.com/job-listings-sql-developer-billions-united-bengaluru-0-to-2-years-250725500805
SQL Developer,Davies Group,Nagar,8-9 Yrs,Not Available,Not Available,Sql Developer,Naukri,1 day ago,https://www.naukri.com/job-listings-sql-developer-davies-nagar-8-to-9-years-050626503511
Sql Developer,Amla Commerce,Nagpur,3-8 Yrs,Not Available,Not Available,Sql Developer,Naukri,1 day ago,https://www.naukri.com/job-listings-sql-developer-amla-commerce-nagpur-3-to-8-years-050626016012
SQL Developer,Technogen India,"New Delhi, Puducherry",3-6 Yrs,Not Available,Not Available,Sql Developer,Naukri,1 day ago,https://www.naukri.com/job-listings-sql-developer-technogen-india-pvt-ltd-new-delhi-puducherry-3-to-6-years-050626500928
Sql Developer,Pristine It Code,Mumbai(Hiranandani Gardens Powai),2-4 Yrs,2.5-6 Lacs PA,Not Available,Sql Developer,Naukri,2 days ago,https://www.naukri.com/job-listings-sql-developer-pristine-it-code-mumbai-2-to-4-years-250125013263
Msbissis -SQL Developer,eLabs Infotech,Hyderabad,7-12 Yrs,17-30 Lacs PA,Not Available,Sql Developer,Naukri,1 day ago,https://www.naukri.com/job-listings-msbissis-sql-developer-elabs-infotech-hyderabad-7-to-12-years-050626021024
OraclePL/SQL Developer,A2G Technologies,"Jamnagar, Ahmedabad, Rajkot, Surat, Vadodara",3-5 Yrs,Not Available,Not Available,Sql Developer,Naukri,1 day ago,https://www.naukri.com/job-listings-oraclepl-sql-developer-a2g-technologies-jamnagar-ahmedabad-rajkot-surat-vadodara-3-to-5-years-050626503365
SQL developer with Python expertise,Kyndryl,Bengaluru,5-10 Yrs,Not Available,Not Available,Sql Developer,Naukri,2 weeks ago,https://www.naukri.com/job-listings-200526503296
Sql Developer,Black Turtle,Pune(Magarpatta),7-12 Yrs,15-20 Lacs PA,Not Available,Sql Developer,Naukri,5 days ago,https://www.naukri.com/job-listings-sql-developer-black-turtle-pune-7-to-12-years-180526016989
SQL Developer,Frontline Managed Services,Remote,3-5 Yrs,Not Available,Not Available,Sql Developer,Naukri,1 week ago,https://www.naukri.com/job-listings-sql-developer-frontline-managed-services-north-goa-3-to-5-years-290526011048
PowerBI & SQL Developer,Swits Digital,Chennai,5-10 Yrs,Not Available,Not Available,Sql Developer,Naukri,1 week ago,https://www.naukri.com/job-listings-powerbi-sql-developer-swits-digital-private-limited-chennai-5-to-10-years-270526501467
SQL Developer,Credence Resource Management,Pune,6-10 Yrs,Not Available,Not Available,Sql Developer,Naukri,2 weeks ago,https://www.naukri.com/job-listings-sql-developer-credence-resource-management-pvt-ltd-pune-6-to-10-years-220526503244
Lead SQL Developer,Aon,Bengaluru,10-15 Yrs,Not Available,Not Available,Sql Developer,Naukri,1 week ago,https://www.naukri.com/job-listings-lead-sql-developer-aon-bengaluru-10-to-15-years-260526032067
Sql Developer,Texlon,"Noida, Bengaluru, Greater Noida",3-10 Yrs,Not Available,Not Available,Sql Developer,Naukri,4 days ago,https://www.naukri.com/job-listings-sql-developer-texlon-noida-bengaluru-greater-noida-3-to-10-years-020626013325
SQL Developer,Leading Client,"Noida, Hyderabad, Bengaluru",4-9 Yrs,Not Available,"SQL, Query Optimization, PL/SQL, Oracle Database, Stored Procedures, MySQL, Database Design, SQL Queries",Sql Developer,Naukri,1 week ago,https://www.naukri.com/job-listings-sql-developer-iospl-technology-services-private-limited-noida-hyderabad-bengaluru-4-to-9-years-250526927633
Opening For SQL developer,Tekskills India Pvt ltd,Bengaluru,5-10 Yrs,Not Available,Not Available,Sql Developer,Naukri,1 week ago,https://www.naukri.com/job-listings-opening-for-sql-developer-tekskills-bengaluru-5-to-10-years-290526921287
Opening For SQL developer,Tekskills India Pvt ltd,Chennai,5-10 Yrs,Not Available,Not Available,Sql Developer,Naukri,1 week ago,https://www.naukri.com/job-listings-opening-for-sql-developer-tekskills-chennai-5-to-10-years-290526921286
Opening For SQL developer,Tekskills India Pvt ltd,Noida,5-10 Yrs,Not Available,Not Available,Sql Developer,Naukri,1 week ago,https://www.naukri.com/job-listings-opening-for-sql-developer-tekskills-noida-5-to-10-years-290526921284
SQL Developer,Origent Technologies,Ernakulam,3-7 Yrs,6-14 Lacs PA,"Msql, T-SQL, SQL Server Development, Powershell, Performance Tuning, Performance, SQL, Serv",Sql Developer,Naukri,1 week ago,https://www.naukri.com/job-listings-sql-developer-origent-technologies-ernakulam-3-to-7-years-040523006443
Yardi SQL Developer Remote,Insight Global Technologies,Remote,8-13 Yrs,20-35 Lacs PA,"Yardi databases, SSAS, Yardi SQL Developer, ETL Tool, Yardi systems, MS SQL, Azure, SSRS",Sql Developer,Naukri,1 week ago,https://www.naukri.com/job-listings-yardi-sql-developer-remote-insight-global-technologies-hyderabad-8-to-13-years-290526023457
SQL Developer,Leading Client,Pune,1-3 Yrs,Not Available,"Sql, Reporting Services, Nosql, Erp, Data Migration, Data Encryption, Sql Server, Javascript",Sql Developer,Naukri,1 week ago,https://www.naukri.com/job-listings-sql-developer-ideslabs-private-limited-pune-1-to-3-years-280526926283
SQL Developer with .NET,TechAffinity,Hybrid - Chennai,3-5 Yrs,Not Available,"Restful Web, ASP.Net, .Net, JSON, SQL, CSV, API, SOAP",Sql Developer,Naukri,1 week ago,https://www.naukri.com/job-listings-sql-developer-with-net-techaffinity-chennai-3-to-5-years-270526027025
Developer Standard III- Sql Developer,Bahwan CyberTek,Chennai,3-7 Yrs,Not Available,"MS SQL, SSRS, Performance optimization, JSON, Database maintenance, SSIS, SQL development, Oracle 10G",Sql Developer,Naukri,1 week ago,https://www.naukri.com/job-listings-developer-standard-iii-sql-developer-bahwan-cybertek-chennai-3-to-7-years-270526500834
SQL Developer,Cloudsmartz,Mohali,2-4 Yrs,Not Available,"Cloud computing, SQL queries, Automation, Usage, database security, Programming, Data quality, Stored procedures",Sql Developer,Naukri,4 days ago,https://www.naukri.com/job-listings-sql-developer-cloudsmartz-mohali-2-to-4-years-020626500145
SQL Developer - SSAS & AWS (5-7 yrs),Innova AM Tech,Bengaluru,5-7 Yrs,Not Available,"sql server analysis services, ssas, performance tuning, sql server, query optimization, sql development, aws iam, amazon redshift",Sql Developer,Naukri,2 weeks ago,https://www.naukri.com/job-listings-sql-developer-ssas-aws-5-7-yrs-innova-esi-bengaluru-5-to-7-years-220526918929
Sql Developer,We are hiring for full time for leading company,Hybrid - Bengaluru,7-12 Yrs,Not Available,"T-SQL, SQL Development, Data Modeling, SQL, Modeling, Development, Data",Sql Developer,Naukri,1 week ago,https://www.naukri.com/job-listings-sql-developer-kaizen-sra-technologies-bengaluru-7-to-12-years-270526932491
Sql Developer,We are hiring for full time for leading company,Hybrid - Chennai,7-12 Yrs,Not Available,"T-SQL, SQL Development, Data Modeling, Modeling, SQL, Development, Data",Sql Developer,Naukri,1 week ago,https://www.naukri.com/job-listings-sql-developer-kaizen-sra-technologies-chennai-7-to-12-years-270526932503
Sql Developer,We are hiring for full time for leading company,Hybrid - Ahmedabad,7-12 Yrs,Not Available,"T-SQL, SQL Development, Data Modeling, SQL, Modeling, Development, Data",Sql Developer,Naukri,1 week ago,https://www.naukri.com/job-listings-sql-developer-kaizen-sra-technologies-ahmedabad-7-to-12-years-270526932511
Sql Developer,We are hiring for full time for leading company,Hybrid - Kolkata,7-12 Yrs,Not Available,"T-SQL, SQL Development, Data Modeling, SQL, Modeling, Development, Data",Sql Developer,Naukri,1 week ago,https://www.naukri.com/job-listings-sql-developer-kaizen-sra-technologies-kolkata-7-to-12-years-270526932508
Sql Developer,We are hiring for full time for leading company,Hybrid - Pune,7-12 Yrs,Not Available,"T-SQL, SQL Development, Data Modeling, SQL, Modeling, Development, Data",Sql Developer,Naukri,1 week ago,https://www.naukri.com/job-listings-sql-developer-kaizen-sra-technologies-pune-7-to-12-years-270526932500
Sql Developer,We are hiring for full time for leading company,Hybrid - Mumbai,7-12 Yrs,Not Available,"T-SQL, SQL Development, Data Modeling, SQL, Modeling, Development, Data",Sql Developer,Naukri,1 week ago,https://www.naukri.com/job-listings-sql-developer-kaizen-sra-technologies-mumbai-7-to-12-years-270526932497
Sql Developer,We are hiring for full time for leading company,Hybrid - Delhi / NCR,7-12 Yrs,Not Available,"T-SQL, SQL Development, Data Modeling, Modeling, SQL, Development, Data",Sql Developer,Naukri,1 week ago,https://www.naukri.com/job-listings-sql-developer-kaizen-sra-technologies-delhi-ncr-7-to-12-years-270526932494
Sql Developer,We are hiring for full time for leading company,Hybrid - Hyderabad,7-12 Yrs,Not Available,"T-SQL, SQL Development, Data Modeling, SQL, Modeling, Development, Data",Sql Developer,Naukri,1 week ago,https://www.naukri.com/job-listings-sql-developer-kaizen-sra-technologies-hyderabad-7-to-12-years-270526932486
Sql Developer,Leading Client,Mumbai,5-10 Yrs,Not Available,"Sql, Cloud Databases, Azure, Postgresql, Schema Design, Sql Server, Scripting Languages, Informatica",Sql Developer,Naukri,1 week ago,https://www.naukri.com/job-listings-sql-developer-ideslabs-private-limited-mumbai-5-to-10-years-280526921575
Sql Developer,Leading Client,Hyderabad,6-8 Yrs,Not Available,"Sql, Software Development Lifecycle, Software Development, Agile, Quality Assurance, Python, Software",Sql Developer,Naukri,1 week ago,https://www.naukri.com/job-listings-sql-developer-ideslabs-private-limited-hyderabad-6-to-8-years-280526921452
Sql Developer,Tekskills,Delhi / NCR,4-9 Yrs,Not Available,"Query Optimization, Database Design, Python, Optimization, SQL development, DBMS, Query, SQL",Sql Developer,Naukri,1 week ago,https://www.naukri.com/job-listings-sql-developer-tekskills-india-delhi-ncr-4-to-9-years-290526919215
Sql Developer,Tekskills,Mumbai (All Areas),4-9 Yrs,Not Available,"Query Optimization, Database Design, Python, Development, Optimization, DBMS, Query, SQL",Sql Developer,Naukri,1 week ago,https://www.naukri.com/job-listings-sql-developer-tekskills-india-mumbai-all-areas-4-to-9-years-290526919178
Sql Developer,Tekskills,Gurugram,4-9 Yrs,Not Available,"Query Optimization, Database Design, Python, Optimization, SQL development, DBMS, Query, SQL",Sql Developer,Naukri,1 week ago,https://www.naukri.com/job-listings-sql-developer-tekskills-india-gurugram-4-to-9-years-290526919167
SQL Developer,Spidosoft Technologies,Pune,0-1 Yrs,Not Available,"SQL, Development, SQL development",Sql Developer,Naukri,3+ weeks ago,https://www.naukri.com/job-listings-sql-developer-spidosoft-technologies-pune-0-to-1-years-171224500558
SQL Developer,Volvo Auto,Bengaluru,3-5 Yrs,Not Available,"Product management, Data modeling, Database design, MySQL, Agile, Stored procedures, microsoft, Analytics",Sql Developer,Naukri,3+ weeks ago,https://www.naukri.com/job-listings-sql-developer-volvo-auto-india-pvt-ltd-bengaluru-3-to-5-years-010925501463
SQL Developer / Analyst,TechUnido,Mumbai,2-6 Yrs,Not Available,"c#, sql development, data analysis, oracle, indexing, database security, power bi, data integrity",Sql Developer,Naukri,3+ weeks ago,https://www.naukri.com/job-listings-sql-developer-analyst-techunido-com-mumbai-2-to-6-years-281025501068
SQL Developer,Innsof,Kozhikode,0-1 Yrs,Not Available,"sql development, dml, oracle, indexing, performance tuning, database security, triggers, ddl",Sql Developer,Naukri,3+ weeks ago,https://www.naukri.com/job-listings-sql-developer-innsof-pvt-ltd-kozhikode-0-to-1-years-041125502577
SQL Developer,Milestone Infosoft Solutions,Mumbai,0-3 Yrs,Not Available,"SQL queries, SQL, Query, Development, SQL development",Sql Developer,Naukri,3+ weeks ago,https://www.naukri.com/job-listings-sql-developer-milestone-infosoft-solutions-private-limited-mumbai-0-to-3-years-250325505388
Sql Developer,Cerebra,Bengaluru,10-13 Yrs,Not Available,"PLSQL, UAT, SQL, Power Bi, Etl Process, Process, SQL development, ETL",Sql Developer,Naukri,3+ weeks ago,https://www.naukri.com/job-listings-sql-developer-cerebra-bengaluru-10-to-13-years-080526011028
SQL Developer,Mystifly Consulting,Bengaluru,3-6 Yrs,Not Available,"server, development, code, software, functions, administration, SSRS, developing",Sql Developer,Naukri,3+ weeks ago,https://www.naukri.com/job-listings-sql-developer-mystifly-bengaluru-3-to-6-years-030118500936
SQL Developer,Mobile Programming,Noida,4-8 Yrs,Not Available,"Performance tuning, Data migration, Data management, Data modeling, Database design, Postgresql, MySQL, PLSQL",Sql Developer,Naukri,3+ weeks ago,https://www.naukri.com/job-listings-sql-developer-mobileprogramming-noida-4-to-8-years-020426508739
"VB, SQL Developers",Sibella Technologies,Pune,2-4 Yrs,Not Available,"python, c++, sql development, oracle, software testing, software design, version control, dbms",Sql Developer,Naukri,3+ weeks ago,https://www.naukri.com/job-listings-vb-sql-developers-sibella-technologies-pvt-ltd-pune-2-to-4-years-190325509997
SQL Developer,Diverse Lynx,Hyderabad,4-6 Yrs,Not Available,"sql development, dml, oracle, performance tuning, indexing, database performance tuning, data warehousing, dbms",Sql Developer,Naukri,3+ weeks ago,https://www.naukri.com/job-listings-sql-developer-diverse-lynx-hyderabad-4-to-6-years-180226502785
SQL Developer,Diverse Lynx,Bengaluru,1-2 Yrs,Not Available,"sql development, dml, oracle, indexing, performance tuning, database security, data warehousing, triggers",Sql Developer,Naukri,3+ weeks ago,https://www.naukri.com/job-listings-sql-developer-diverse-lynx-bengaluru-1-to-2-years-190525503765
Snowflake or SQL Developer,Logic Planet,Bengaluru,6-9 Yrs,Not Available,"snowflake, sql development, oracle, performance tuning, sql server development, data warehousing, power bi, dbms",Sql Developer,Naukri,3+ weeks ago,https://www.naukri.com/job-listings-snowflake-or-sql-developer-logicplanet-it-services-bengaluru-6-to-9-years-200226505329
SQL Developers,Diverse Lynx,Bengaluru,6-11 Yrs,Not Available,"schema, continuous integration, cd, server, functional, sql development, version control, ci/cd",Sql Developer,Naukri,3+ weeks ago,https://www.naukri.com/job-listings-sql-developers-diverse-lynx-bengaluru-6-to-11-years-191125504965
"Pentaho , SQL Developer",Clifyx Technology,Bengaluru,4-8 Yrs,Not Available,"hive, MySQL, Agile, Manager Technology, Database, big data, Pentaho, SQL",Sql Developer,Naukri,3+ weeks ago,https://www.naukri.com/job-listings-pentaho-sql-developer-clifyx-technology-bengaluru-4-to-8-years-170725500900
SQL Developer,Yash Technologies,Mysuru,5-12 Yrs,10-25 Lacs PA,"SQL Development, T-SQL, PLSQL, Development, SQL",Sql Developer,Naukri,3 weeks ago,https://www.naukri.com/job-listings-sql-developer-yash-technologies-mysuru-5-to-12-years-140526011990
"Lead .Net Developer( C#, .Net, Entity Framework and SQL Server)",FIS,Pune,10-15 Yrs,Not Available,"sql, angular, css, technical support, software development, html5, web developer",Sql Developer,Naukri,2 weeks ago,https://www.naukri.com/job-listings-lead-net-developer-c-net-entity-framework-and-sql-server-fis-global-business-solutions-india-pvt-ltd-pune-10-to-15-years-220526929330
Python Developer - SQL,Leading Client,Chennai,7-12 Yrs,Not Available,"Python, Python Developer, Python Backend developer, Python Development, SQL, Backend, Development",Sql Developer,Naukri,1 week ago,https://www.naukri.com/job-listings-python-developer-sql-tekskills-india-private-limited-chennai-7-to-12-years-290526917609
Sql Developer,Tekskills,Hyderabad,4-9 Yrs,Not Available,"Query Optimization, Database Design, Python, Design, SQL, Development, Optimization, Query",Sql Developer,Naukri,1 week ago,https://www.naukri.com/job-listings-sql-developer-tekskills-india-hyderabad-4-to-9-years-290526919140
Sql Developer,Tekskills,Pune,4-9 Yrs,Not Available,"Query Optimization, Database Design, Python, Development, Optimization, DBMS, Query, SQL",Sql Developer,Naukri,1 week ago,https://www.naukri.com/job-listings-sql-developer-tekskills-india-pune-4-to-9-years-290526919134
SQL Developer,Micronox Information Technologies,Pune,2-7 Yrs,Not Available,"sql development, dml, indexing, performance tuning, database security, triggers, ddl, scalability",Sql Developer,Naukri,3+ weeks ago,https://www.naukri.com/job-listings-sql-developer-micronox-information-technologies-pune-2-to-7-years-121125503723
Sql Developer,Simplify Healthcare,Hybrid - Pune,3-6 Yrs,Not Available,"MS SQL, SSIS, Query Optimization, SSAS, Stored Procedures, SQL Profiler, SSRS, Performance Tuning",Sql Developer,Naukri,2 weeks ago,https://www.naukri.com/job-listings-sql-developer-simplify-healthcare-pune-3-to-6-years-200526028240
SQL Developer,Supranix Technologies,Ranchi,2-4 Yrs,Not Available,"sql development, dml, oracle, indexing, performance tuning, database security, triggers, ddl",Sql Developer,Naukri,3+ weeks ago,https://www.naukri.com/job-listings-sql-developer-suparnix-technologies-ranchi-2-to-4-years-031125504340
SQL Developer,Locobuzz,Mumbai,1-9 Yrs,Not Available,"Performance tuning, Automation, Postgresql, MySQL, Machine learning, Healthcare, HTTP, Stored procedures",Sql Developer,Naukri,3+ weeks ago,https://www.naukri.com/job-listings-sql-developer-locobuzz-mumbai-1-to-9-years-141124500598
SQL Developer,OJCommerce,Chennai,2-4 Yrs,Not Available,"server, sql development, online retail, ssas, database security, problem solving, t-sql, sql server",Sql Developer,Naukri,3+ weeks ago,https://www.naukri.com/job-listings-sql-developer-ojcommerce-chennai-2-to-4-years-280126503767
Sql Developer,7x Fintech,Bhubaneswar,3-8 Yrs,Not Available,"Postgresql, MySQL, Database Design, Database Administration, Mysql Database, Mariadb, MongoDB, Database Migration",Sql Developer,Naukri,2 weeks ago,https://www.naukri.com/job-listings-sql-developer-7x-fintech-bhubaneswar-3-to-8-years-200526034081
SQL Developer,Smollan Group,"Mumbai, Navi Mumbai",3-6 Yrs,Not Available,"SQL, Query Optimization, T-SQL, SQL Server Development, SQL Development, MSSQL Server, SQL Queries, SQL Coding",Sql Developer,Naukri,3+ weeks ago,https://www.naukri.com/job-listings-sql-developer-smollan-group-mumbai-navi-mumbai-3-to-6-years-190925023160
SQL Developer :L2 & L3,SIMPLE LOGIC IT Pvt Ltd,Mumbai,4-9 Yrs,Not Available,"Performance tuning, query optimization, Script writing, Postgresql, MySQL, Debugging, Developer, Application development",Sql Developer,Naukri,3+ weeks ago,https://www.naukri.com/job-listings-sql-developer-l2-l3-simple-logic-it-pvt-ltd-mumbai-4-to-9-years-141125500668
SQL Developer,Vimerse Infotech,Hyderabad,5-6 Yrs,Not Available,"T-SQL, Performance tuning, SQL queries, Data validation, database security, Database, Toad, Server management",Sql Developer,Naukri,3+ weeks ago,https://www.naukri.com/job-listings-sql-developer-vimerse-infotech-hyderabad-5-to-6-years-190924502401
SQL Developer,Devise Software,Vadodara,7-12 Yrs,Not Available,"Performance tuning, SQL queries, SQL Server development, PLSQL, Stored procedures, Data mining, Query, Performance",Sql Developer,Naukri,3+ weeks ago,https://www.naukri.com/job-listings-sql-developer-devise-software-solutions-pvt-ltd-vadodara-7-to-12-years-111024502761
Sql Developer,SRI INDRAKSHI INFOMATICS PVT LTD,"Hyderabad, Pune, Bengaluru",8-11 Yrs,9.5-19.5 Lacs PA,"SQL, T-SQL, GIT, Waterfall, Agile, SQL Server, Server, SQL development",Sql Developer,Naukri,3 weeks ago,https://www.naukri.com/job-listings-sql-developer-sri-indrakshi-informatics-hyderabad-pune-bengaluru-8-to-11-years-110526002313
Hiring SQL Lead Developer with Analytics,Motivity Labs,Hyderabad,7-12 Yrs,Not Available,"Complex SQL Queries, Advance Sql, Data Visualization, Strong Analytical Skills, Strong SQL, Team Management, Power Bi, SQL Development",Sql Developer,Naukri,2 days ago,https://www.naukri.com/job-listings-hiring-sql-lead-developer-with-analytics-motivity-labs-hyderabad-7-to-12-years-280124001247
Python developer with SQL,Nielseniq India,Hybrid - Chennai,3-6 Yrs,Not Available,"Python, PLSQL, SQL, Development",Sql Developer,Naukri,3 weeks ago,https://www.naukri.com/job-listings-python-developer-with-sql-nielseniq-india-chennai-3-to-6-years-100526005405
"AWS Quick sight Developer (Quick sight, SQL ,AWS)",BMW Techworks India,Pune,7-10 Yrs,15-27.5 Lacs PA,"Quicksight, Power Bi, Tableau, AWS, SQL, Bi Tools, Data Visualization, Dashboards",Sql Developer,Naukri,1 week ago,https://www.naukri.com/job-listings-aws-quick-sight-developer-quick-sight-sql-aws-bmw-techworks-india-pune-7-to-10-years-250526037751
Sql Unix Developer,Leading Client,Hyderabad,4-9 Yrs,Not Available,"Sql, Unix, Automation, Test Automation, Rdbms, Shell Scripting, Maintenance, Jira",Sql Developer,Naukri,1 week ago,https://www.naukri.com/job-listings-sql-unix-developer-ideslabs-private-limited-hyderabad-4-to-9-years-280526921232
SQL Developer,Swach Infotech,Bengaluru,1-3 Yrs,Not Available,"SAN, Production support, SOC, Pharma, Process improvement, SSRS, SQL, CRM",Sql Developer,Naukri,3+ weeks ago,https://www.naukri.com/job-listings-sql-developer-swachinfotech-bengaluru-1-to-3-years-231023500948
SQL Developer,Data Collection Infotech,Bengaluru,1-4 Yrs,Not Available,"T-SQL, SQL queries, query optimization, Debugging, Database, Stored procedures, SSIS, Development",Sql Developer,Naukri,3+ weeks ago,https://www.naukri.com/job-listings-sql-developer-data-collection-infotech-india-private-limited-bengaluru-1-to-4-years-310723500138
SQL Developer,Clifyx Technology,Bengaluru,5-10 Yrs,Not Available,"MS SQL, jQuery, MS Access, Billing, Javascript, SEZ, HTML, STP",Sql Developer,Naukri,3+ weeks ago,https://www.naukri.com/job-listings-sql-developer-clifyx-technology-bengaluru-5-to-10-years-240625505820
Sql Developer,Valuelabs,Hyderabad,7-12 Yrs,15-30 Lacs PA,"T-SQL, Query, Stored Procedures, SQL Development, Data Processing, Ms Sql Development, SSIS, ETL",Sql Developer,Naukri,3+ weeks ago,https://www.naukri.com/job-listings-sql-developer-valuelabs-hyderabad-7-to-12-years-060526038454
SQL Developer Release & DevOps,Stavtar Solutions,"Bengaluru(Vasanth nagar), Mumbai (All Areas)(Goregaon)",3-6 Yrs,Not Available,"Deployment, SQL, Release Management, Ci Cd Pipeline, SQL Server, Devops, Continuous Integration, Server",Sql Developer,Naukri,3 weeks ago,https://www.naukri.com/job-listings-sql-developer-release-devops-stavtar-solutions-bengaluru-mumbai-all-areas-3-to-6-years-120526034574
SQL Developer,Pradeepit Consulting Services,Bengaluru,2-4 Yrs,Not Available,"Conceptualization, Deployment, Software solutions, SQL, Data extraction, Development, Data, Software",Sql Developer,Naukri,3+ weeks ago,https://www.naukri.com/job-listings-sql-developer-pradeepit-bengaluru-2-to-4-years-130125506850
Python SQL Developer,Clifyx Technology,Bengaluru,6-8 Yrs,Not Available,"Telecom, SQL queries, query optimization, Database design, Billing, query, Database maintenance, Stored procedures",Sql Developer,Naukri,3+ weeks ago,https://www.naukri.com/job-listings-python-sql-developer-clifyx-technology-bengaluru-6-to-8-years-140525500255
Lead SQL Developer - Bangalore/Gurgaon,Acuity Analytics,"Hybrid - Gurugram, Bengaluru",5-9 Yrs,Not Available,"Power Bi, Data Modeling, Ai Platform, SQL, Ai Solutions, Tableau, Python, Modeling",Sql Developer,Naukri,3 weeks ago,https://www.naukri.com/job-listings-lead-sql-developer-bangalore-gurgaon-acuity-analytics-gurugram-bengaluru-5-to-9-years-120526039282
SQL Developer,Diverse Lynx,"Hubli, Mangaluru, Mysuru, Bengaluru, Belgaum",1-2 Yrs,Not Available,"SQL queries, Database design, Application development, data integrity, Database maintenance, Stored procedures, Application, Data",Sql Developer,Naukri,3+ weeks ago,https://www.naukri.com/job-listings-sql-developer-diverse-lynx-hubli-mangaluru-mysuru-bengaluru-belgaum-1-to-2-years-230525504147
SQL Developer,T3cogno,Bengaluru,7-9 Yrs,Not Available,"Unix, Performance tuning, Automation, GIT, Mercurial, Database, Scheduling, Troubleshooting",Sql Developer,Naukri,3+ weeks ago,https://www.naukri.com/job-listings-sql-developer-t3cogno-private-limited-bengaluru-7-to-9-years-150126501854
SQL Developer,Squircle IT,Bengaluru,4-9 Yrs,Not Available,"Database architecture, T-SQL, Performance tuning, Sql Server 2008, Database design, Script writing, Debugging, Database",Sql Developer,Naukri,3+ weeks ago,https://www.naukri.com/job-listings-sql-developer-squircle-it-consulting-services-pvt-ltd-bengaluru-4-to-9-years-200126504168
"C#, .Net , MVC and SQL Server Developers.",Resilience Infotech,Bengaluru,3-12 Yrs,Not Available,"server, css, software, sql server development, networking, ajax, t-sql, jquery",Sql Developer,Naukri,3+ weeks ago,https://www.naukri.com/job-listings-c-net-mvc-and-sql-server-developers-resilience-infotech-bengaluru-3-to-12-years-221225500744
SAS/SQL Developer-3+Yrs-PAN INDIA,EXL,"Hybrid - Pune, Bengaluru, Delhi / NCR",3-8 Yrs,Not Available,"SAS, SQL, Sas Viya, SAS SQL, SAS Developer, sas 9.4, sas viya 3.3, SQL Development",Sql Developer,Naukri,1 week ago,https://www.naukri.com/job-listings-sas-sql-developer-3-yrs-pan-india-crescendo-global-leadership-hiring-india-pune-bengaluru-delhi-ncr-3-to-8-years-060526012211
SQL Developer,Han Digital Solution,"Hubli, Mangaluru, Mysuru, Bengaluru, Belgaum",3-7 Yrs,Not Available,"Performance tuning, Db2, Data modeling, Agile, Stored procedures, Test cases, Unit testing, Oracle",Sql Developer,Naukri,3+ weeks ago,https://www.naukri.com/job-listings-sql-developer-han-digital-solution-hubli-mangaluru-mysuru-bengaluru-belgaum-3-to-7-years-221125501105
SQL Developer,Han Digital Solution,"Mumbai, Bengaluru",5-12 Yrs,Not Available,"T-SQL, query optimization, data manipulation, Analytical, SSRS, Database, power bi, Stored procedures",Sql Developer,Naukri,3+ weeks ago,https://www.naukri.com/job-listings-sql-developer-han-digital-solution-mumbai-bengaluru-5-to-12-years-221125500938
SQL Developer,Acme Services,Bengaluru,2-6 Yrs,Not Available,"Analytical skills, Performance tuning, Schema, Packaging, Stored procedures, Oracle, SQL coding, Supervision",Sql Developer,Naukri,3+ weeks ago,https://www.naukri.com/job-listings-sql-developer-acme-services-bengaluru-2-to-6-years-200423500678
Advanced SQL developer with Peoplesoft Tables Experience,DATATERRAIN LTD,Chennai,6-11 Yrs,Not Available,"Peoplecode, Coding, Project management, PeopleSoft, Workflow, Application development, Stored procedures, Oracle",Sql Developer,Naukri,3+ weeks ago,https://www.naukri.com/job-listings-advanced-sql-developer-with-peoplesoft-tables-experience-dataterrain-ltd-chennai-6-to-11-years-270524501134
SQL developer with Python expertise,Kyndryl,Chennai,5-10 Yrs,Not Available,"Data modeling, Server administration, Employee engagement, SQL Server integration services, Application development, Stored procedures, SQL Server reporting services, microsoft",Sql Developer,Naukri,2 weeks ago,https://www.naukri.com/job-listings-sql-developer-with-python-expertise-kyndryl-chennai-5-to-10-years-210526507101
SQL Developer,Tactive Software Solutions,Chennai,2-4 Yrs,Not Available,"Performance tuning, Data migration, Version control, Analytical, Database, data integrity, Stored procedures, Troubleshooting",Sql Developer,Naukri,3+ weeks ago,https://www.naukri.com/job-listings-sql-developer-tactive-chennai-2-to-4-years-191225501910
SQL Developer,Overture Rede,"Madurai, Tiruppur, Salem, Chennai, Tiruchirapalli, Coimbatore",5-7 Yrs,Not Available,"T-SQL, Performance tuning, MS SQL, RDBMS, query, Database, Customer support, Operations",Sql Developer,Naukri,3+ weeks ago,https://www.naukri.com/job-listings-sql-developer-overture-rede-pvt-ltd-madurai-tiruppur-salem-chennai-tiruchirapalli-coimbatore-5-to-7-years-180225501302
SQL Developer,Shasta Tek Solutions,Chennai,2-7 Yrs,Not Available,"Performance tuning, MS SQL, RDBMS, Database design, SQL Tuning, SSRS, Stored procedures, SSIS",Sql Developer,Naukri,3+ weeks ago,https://www.naukri.com/job-listings-sql-developer-shasta-tek-solutions-chennai-2-to-7-years-101219502058
DOT.NET / SQL SERVER DEVELOPER,Palsoft India,Surat,1-3 Yrs,Not Available,"server, development, css, btech, technical, software, ASP.Net, mca",Sql Developer,Naukri,3+ weeks ago,https://www.naukri.com/job-listings-dot-net-sql-server-developer-palsoft-india-surat-1-to-3-years-040717501505
SQL Developer,Saven Technologies,Hyderabad,3-8 Yrs,Not Available,"Computer science, Version control, Data modeling, Database design, Enterprise applications, Postgresql, Social media, Stored procedures",Sql Developer,Naukri,3+ weeks ago,https://www.naukri.com/job-listings-sql-developer-saven-tech-hyderabad-3-to-8-years-190326505623
SQL Developer,HealthIndia Insurance TPA Services,Mumbai,3-6 Yrs,0-5 Lacs PA,"Microsoft SQL Server, Query Optimization, SQL Jobs and Scheduling, Views, Indexing and Performance Tuning, Stored Procedures, Functions, Triggers",Sql Developer,Naukri,2 weeks ago,https://www.naukri.com/job-listings-sql-developer-healthindia-insurance-tpa-services-mumbai-3-to-6-years-180526004282
SQL Developer,Wenodo,Bhopal,5-10 Yrs,Not Available,"Computer science, T-SQL, SQL queries, MS SQL, Usage, MIN, Time management, Database",Sql Developer,Naukri,3+ weeks ago,https://www.naukri.com/job-listings-sql-developer-wenodo-bhopal-5-to-10-years-070526501482
SQL Developer,AMK Group,Mumbai,2-5 Yrs,Not Available,"Automation, Data analysis, Data migration, Manager Quality Assurance, Database design, Access management, Stored procedures, Test cases",Sql Developer,Naukri,3+ weeks ago,https://www.naukri.com/job-listings-sql-developer-amk-group-mumbai-2-to-5-years-280823502910
SQL Developer,Sofscript Systems & Services,Mumbai,3-8 Yrs,Not Available,"Analytical skills, Performance tuning, Backend, Database management, Healthcare, ASP.Net, Deployment, MVC",Sql Developer,Naukri,3+ weeks ago,https://www.naukri.com/job-listings-sql-developer-sofscript-systems-services-limited-mumbai-3-to-8-years-270426501216
Sql Developer,Appletech,Vadodara(Kalali),4-9 Yrs,Not Available,"Data Migration, SQL Server, ETL Tool, Reverse Engineering, Ms Sql Database, T-SQL, Query Optimization, Complex Sql Query",Sql Developer,Naukri,2 weeks ago,https://www.naukri.com/job-listings-sql-developer-appletech-vadodara-4-to-9-years-210526027750
SQL Developer,Pie Gain Technologies,Lucknow,1-6 Yrs,Not Available,"sql development, information technology, database performance tuning, problem solving, knowledge of sql, database administration, sql server, sql",Sql Developer,Naukri,3+ weeks ago,https://www.naukri.com/job-listings-sql-developer-piegain-technologies-pvt-ltd-lucknow-1-to-6-years-200426501060
SQL Developer,Bytesedge,Mumbai,5-8 Yrs,Not Available,"Computer science, T-SQL, Training, MS SQL, Time management, Javascript, Programming, HTML",Sql Developer,Naukri,3+ weeks ago,https://www.naukri.com/job-listings-sql-developer-bytesedge-mumbai-5-to-8-years-090823500610
SQL Developer,Rechner Infosystems,New Delhi,3-8 Yrs,Not Available,"assembly language, server, JavaScript, Real Time Operating Systems, .NET, HTML, developer",Sql Developer,Naukri,3+ weeks ago,https://www.naukri.com/job-listings-sql-developer-rechner-infosystems-new-delhi-3-to-8-years-200326501783
SQL DEVELOPER,Pam Technologies,Ahmedabad,2-4 Yrs,Not Available,"alert, notifications, check server health, Sql Developer, Maintenance plans for backups, rebuilding indexes, Health, Backup",Sql Developer,Naukri,3+ weeks ago,https://www.naukri.com/job-listings-sql-developer-pam-technologies-ahmedabad-2-to-4-years-291121501441
SQL Developer,CSS India Center,Hyderabad,2-4 Yrs,Not Available,"T-SQL, ms sql, Stored Procedures, SSRS, Complex Queries, Views, SQL Server Reporting Services, sql",Sql Developer,Naukri,3 weeks ago,https://www.naukri.com/job-listings-sql-developer-css-india-center-hyderabad-2-to-4-years-150526009023
SQL Developer,Tactive Software Solutions,Erode,2-4 Yrs,Not Available,"Performance tuning, Data migration, Version control, Analytical, Database, data integrity, Stored procedures, Troubleshooting",Sql Developer,Naukri,3+ weeks ago,https://www.naukri.com/job-listings-sql-developer-tactive-erode-2-to-4-years-291225504740
SQL Developer,Monalisa Edc,Mumbai,2-5 Yrs,Not Available,"T-SQL, Performance tuning, MS SQL, RDBMS, Database design, transaction management, Database administration, Stored procedures",Sql Developer,Naukri,3+ weeks ago,https://www.naukri.com/job-listings-sql-developer-monalisa-edc-mumbai-2-to-5-years-150923501319
Dotnet & SQL Developer,Tech Anand Rathi ARIT,Jodhpur,1-5 Yrs,Not Available,"angular, sql development, software development, design, mvc, communication and interpersonal skills, code quality",Sql Developer,Naukri,3+ weeks ago,https://www.naukri.com/job-listings-dotnet-sql-developer-tech-anand-rathi-arit-jodhpur-1-to-5-years-191225504522
Data Developer / SQL Developer,Omega Healthcare,Hyderabad,4-6 Yrs,Not Available,"Revenue Cycle Management, Etl Development, US Healthcare, AWS, SQL, TSQL, Healthcare, Management",Sql Developer,Naukri,3 weeks ago,https://www.naukri.com/job-listings-data-developer-sql-developer-omega-healthcare-hyderabad-4-to-6-years-130526036323
SQL Developer,BeansBit Private Limited,Pune,2-4 Yrs,Not Available,"MS SQL, Interpersonal skills, SSRS, microsoft azure, Performance optimization, Agile methodology, SSIS, JIRA",Sql Developer,Naukri,3+ weeks ago,https://www.naukri.com/job-listings-sql-developer-beansbit-private-limited-pune-2-to-4-years-090923500051
SQL Developer,Diverse Lynx,Mumbai,2-6 Yrs,Not Available,"SQL queries, Automation, database security, Data quality, Stored procedures, Development, Data, Quality",Sql Developer,Naukri,3+ weeks ago,https://www.naukri.com/job-listings-sql-developer-diverse-lynx-mumbai-2-to-6-years-290822502835
SQL Developer,Easebuzz,Pune,2-7 Yrs,Not Available,"Data analysis, Automation, Data validation, Analytical, VLOOKUP, Reconciliation, Operations, Monitoring",Sql Developer,Naukri,3+ weeks ago,https://www.naukri.com/job-listings-sql-developer-easebuzz-private-limited-pune-2-to-7-years-100225503849
SQL Developer,360DigiTMG,Remote,2-3 Yrs,Not Available,"SQL queries, Database management, Troubleshooting, SQL development, SQL, Query, Development, DBMS",Sql Developer,Naukri,3+ weeks ago,https://www.naukri.com/job-listings-sql-developer-360digitmg-remote-2-to-3-years-200825501391
SQL Developer,Pulsehrm,Panaji,2-4 Yrs,Not Available,"HRM, Data migration, MS SQL, PDF, SQL database, data reporting, Senior Vice President, Database maintenance",Sql Developer,Naukri,3+ weeks ago,https://www.naukri.com/job-listings-sql-developer-pulsehrm-panaji-2-to-4-years-150725504133
SQL Developer,Retransform,Mumbai,2-7 Yrs,Not Available,"Training, Database, Stored procedures, SQL, Development, Procedures, SQL development, DBMS",Sql Developer,Naukri,3+ weeks ago,https://www.naukri.com/job-listings-sql-developer-retransform-mumbai-2-to-7-years-240925503430
SQL Developer,Inficore Soft,Patna,2-5 Yrs,Not Available,"SQL, Development, SQL development",Sql Developer,Naukri,3+ weeks ago,https://www.naukri.com/job-listings-sql-developer-inficore-soft-patna-2-to-5-years-110326507419
SQL Developer,IDESLABS,Pune,4-8 Yrs,Not Available,"Access control, Data analysis, Interpersonal skills, database security, Application development, data integrity, Stored procedures, Troubleshooting",Sql Developer,Naukri,3+ weeks ago,https://www.naukri.com/job-listings-sql-developer-ideslabs-private-limited-pune-4-to-8-years-220124500600
SQL DEVELOPER,Srishti Innovative,Thiruvananthapuram,3-4 Yrs,Not Available,"T-SQL, SQL queries, Data migration, DTS, Database, Stored procedures, Research, SSIS",Sql Developer,Naukri,3+ weeks ago,https://www.naukri.com/job-listings-sql-developer-srishti-innovative-thiruvananthapuram-3-to-4-years-130324501652
SQL Developer,Menthee Technologies,Remote,2-7 Yrs,Not Available,"Performance tuning, Data migration, Database design, data integrity, Stored procedures, Management, SQL, DBMS",Sql Developer,Naukri,3+ weeks ago,https://www.naukri.com/job-listings-sql-developer-menthee-technologies-pvt-ltd-remote-2-to-7-years-110925503394
SQL Developer,D2K Technologies,Mumbai,1-4 Yrs,Not Available,"T-SQL, Data modeling, Reporting services, SSRS, Schema, Database, Integration services, Stored procedures",Sql Developer,Naukri,3+ weeks ago,https://www.naukri.com/job-listings-sql-developer-d2k-technologies-mumbai-1-to-4-years-111024501976
SQL Developer,Adroitminds Software Labs,Thiruvananthapuram,3-8 Yrs,Not Available,"IT services, jQuery, SSRS, Debugging, Javascript, HTML, Stored procedures, Unit testing",Sql Developer,Naukri,3+ weeks ago,https://www.naukri.com/job-listings-sql-developer-adroitminds-software-labs-thiruvananthapuram-3-to-8-years-271022502242
SQL Developer,Divimaxim Technologies,Hyderabad,2-4 Yrs,Not Available,"Performance tuning, MS SQL, Data modeling, product life cycle, Packaging, Stored procedures, Management, SSIS",Sql Developer,Naukri,3+ weeks ago,https://www.naukri.com/job-listings-sql-developer-divimaxim-technologies-hyderabad-2-to-4-years-031224506933
SQL Developer,Software Business Solutions,Noida,8-13 Yrs,Not Available,"Unix, Automation, C++, Front end, Manager Quality Assurance, Linux, Coding, Consulting",Sql Developer,Naukri,3+ weeks ago,https://www.naukri.com/job-listings-sql-developer-software-business-solutions-consulting-noida-8-to-13-years-270618500692
Sql Developer,Mobile Programming,Gurugram,5-8 Yrs,Not Available,"Computer science, Ticketing, Fund accounting, Database design, SSRS, Data quality, Stored procedures, Asset management",Sql Developer,Naukri,3+ weeks ago,https://www.naukri.com/job-listings-sql-developer-mobileprogramming-gurugram-5-to-8-years-020824500608
SQL Developer,Citta Solutions,Remote,5-10 Yrs,Not Available,"Prototype, Aviation, Coding, Powershell, Agile, Database, Software development life cycle, Scrum",Sql Developer,Naukri,3+ weeks ago,https://www.naukri.com/job-listings-sql-developer-citta-solutions-remote-5-to-10-years-070322500623
SQL Developer,FS Technosol Llp,Hyderabad,3-5 Yrs,Not Available,"Performance tuning, loan servicing, Database design, Consumer finance, Schema, Database maintenance, Stored procedures, Customer service",Sql Developer,Naukri,3+ weeks ago,https://www.naukri.com/job-listings-sql-developer-fs-technosol-llp-hyderabad-3-to-5-years-140823500235
SQL Developer,Heptarc Talent Acquisition,Pune,5-10 Yrs,Not Available,"Performance tuning, SQL queries, Data analysis, Data management, Schema, OLAP, Stored procedures, Troubleshooting",Sql Developer,Naukri,3+ weeks ago,https://www.naukri.com/job-listings-sql-developer-heptarc-talent-acquisition-pune-5-to-10-years-111224504125
Dot Net+ sql developer,E4 Softwares,Navi Mumbai,2-4 Yrs,Not Available,"SQL queries, Front end, Version control, GIT, Programming, Entity framework, ASP.Net",Sql Developer,Naukri,2 weeks ago,https://www.naukri.com/job-listings-dot-net-sql-developer-e4-softwares-navi-mumbai-2-to-4-years-110825500536
"C,C++,SQL- Developer",Diverse Lynx,Pune,6-8 Yrs,Not Available,"C++, Financial markets, Linux, Diagnostics, Networking, market data, SQL",Sql Developer,Naukri,3+ weeks ago,https://www.naukri.com/job-listings-c-c-sql-developer-diverse-lynx-pune-6-to-8-years-130525503768
Sql Developer,Handshake,Remote,1-6 Yrs,Not Available,"Programming, Data Structures, Debugging, SQL development, SQL, Data, Program, Development",Sql Developer,Naukri,3+ weeks ago,https://www.naukri.com/job-listings-sql-developer-crossing-hurdles-india-1-to-6-years-090526003519
SQL Developer,Arissa India,Bengaluru(8th Phase JP Nagar),1-6 Yrs,Not Available,"SQL, GIT, MySQL, Oracle, Development, SQL development",Sql Developer,Naukri,3 weeks ago,https://www.naukri.com/job-listings-sql-developer-arissa-india-bengaluru-1-to-6-years-140526036453
SQL Developer,1Point1,Mumbai,1-3 Yrs,Not Available,"SQL queries, Data migration, Database, Stored procedures, Research, Management reporting, Development, DBMS",Sql Developer,Naukri,3+ weeks ago,https://www.naukri.com/job-listings-sql-developer-one-point-one-solutions-mumbai-1-to-3-years-120525500077
SQL Developer,USHANKK ENTERRPRISES PRIVATE LIMITED,Pune,5-8 Yrs,Not Available,"Unix, SQL queries, SQL Tuning, Control-M, Database, Information technology, Technology, SQL",Sql Developer,Naukri,3+ weeks ago,https://www.naukri.com/job-listings-sql-developer-ushankk-enterrprises-private-limited-pune-5-to-8-years-101222500379
SQL developer,eTeam Inc.,Hyderabad,2-4 Yrs,Not Available,"Performance tuning, Dma, SQL, SQL development, Performance, Development",Sql Developer,Naukri,3+ weeks ago,https://www.naukri.com/job-listings-sql-developer-eteam-inc-hyderabad-2-to-4-years-101022502847
Sql Developer,Programming.Com,Gurugram,2-4 Yrs,Not Available,"Ticketing, Fund accounting, SSRS, Data quality, Stored procedures, Asset management, QlikView, JIRA",Sql Developer,Naukri,3+ weeks ago,https://www.naukri.com/job-listings-sql-developer-programming-com-gurugram-2-to-4-years-121224501360
SQL Developer,Acme Services,Mumbai,2-6 Yrs,Not Available,"Translation, Data modeling, Analytical, Agile, Advocate, Mentor, ETL tool, Analytics",Sql Developer,Naukri,3+ weeks ago,https://www.naukri.com/job-listings-sql-developer-acme-services-mumbai-2-to-6-years-200523500726
Sql Developer,Service based Fortune India 500 IT Services Firm,Hybrid - Delhi / NCR,4-9 Yrs,7-12 Lacs PA,"Agile Methodology, GIT, SQL Development, ETL, SQL Server Development, SQL Server, Python, Server SIDE Development",Sql Developer,Naukri,3+ weeks ago,https://www.naukri.com/job-listings-sql-developer-nr-consulting-delhi-ncr-4-to-9-years-050526930636
Sql Developer,Service based Fortune India 500 IT Services Firm,Hybrid - Mumbai (All Areas),4-9 Yrs,7-12 Lacs PA,"Agile Methodology, GIT, SQL Development, ETL, SQL Server Development, SQL Server, Python, SQL",Sql Developer,Naukri,3+ weeks ago,https://www.naukri.com/job-listings-sql-developer-nr-consulting-mumbai-all-areas-4-to-9-years-050526930637
SQL Server and SSRS Developer,Kh Skill Academy,Pune,2-7 Yrs,Not Available,"Analytical skills, MS SQL, Project documentation, SSRS, Design development, Perl, Application development, SSIS",Sql Developer,Naukri,3+ weeks ago,https://www.naukri.com/job-listings-sql-server-and-ssrs-developer-kh-skill-academy-pune-2-to-7-years-201022502338
SQL Developer,Pearlsoft Technology,Kochi,5-10 Yrs,Not Available,"Sql Server 2008, SQL queries, Data migration, SSRS, power bi, Stored procedures, SSIS, Troubleshooting",Sql Developer,Naukri,3+ weeks ago,https://www.naukri.com/job-listings-sql-developer-pearlsoft-technology-kochi-5-to-10-years-120224500455
SQL + .NET Developer,Talentrouters,Hybrid - Chennai,5-8 Yrs,Not Available,"SQL Server, ASP.net, .NET, mySQL, .NET Core, C#, Application Programming, CSS",Sql Developer,Naukri,2 weeks ago,https://www.naukri.com/job-listings-sql-net-developer-talentrouters-chennai-5-to-8-years-210526000349
SQL Developer with Analytics,Motivity Labs,Hyderabad,5-10 Yrs,Not Available,"IT services, Analytical, Database maintenance, Stored procedures, data visualization, Troubleshooting, big data, Analytics",Sql Developer,Naukri,3+ weeks ago,https://www.naukri.com/job-listings-sql-developer-with-analytics-motivity-labs-p-ltd-globaloutlook-pvt-ltd-hyderabad-5-to-10-years-120725501194
SQL Server Developer - Automation & Scripting,Scalability Engineers,Dehradun,6-8 Yrs,Not Available,"Cloud computing, Automation, MS SQL, Team management, Powershell, Programming, Database, Performance optimization",Sql Developer,Naukri,3+ weeks ago,https://www.naukri.com/job-listings-sql-server-developer-automation-scripting-scalability-engineers-private-limited-dehradun-6-to-8-years-100125504809
Alteryx + SQL developers,Acme Services,New Delhi,3-7 Yrs,Not Available,"Training, Data analysis, KPI, Workflow, Management, SQL, alteryx, Development",Sql Developer,Naukri,3+ weeks ago,https://www.naukri.com/job-listings-alteryx-sql-developers-acme-services-new-delhi-3-to-7-years-210223503716
Talend DI Developer with SQL,IDESLABS,Hyderabad,6-9 Yrs,Not Available,"E-learning, Data analysis, data reporting, PLSQL, Vendor, Troubleshooting, AWS, SDLC",Sql Developer,Naukri,3+ weeks ago,https://www.naukri.com/job-listings-talend-di-developer-with-sql-ideslabs-private-limited-hyderabad-6-to-9-years-250124500527
SQL Fresher Developer,Metaphor Consulting,Jamshedpur,1-3 Yrs,Not Available,"Training, query, Troubleshooting, Technical support, SQL, Technical, Development",Sql Developer,Naukri,3+ weeks ago,https://www.naukri.com/job-listings-sql-fresher-developer-metaphor-consulting-jamshedpur-1-to-3-years-231023501219
Sql Developer,Srijan Spectrum,"Hybrid - Kochi, Mysuru, Pune, Bengaluru",5-10 Yrs,Not Available,"Microsoft Sql Server Database, T-SQL, Ms Sql Database, Development, SQL database, SQL Server, Microsoft, Serv",Sql Developer,Naukri,3 weeks ago,https://www.naukri.com/job-listings-sql-developer-srijan-spectrum-kochi-mysuru-pune-bengaluru-5-to-10-years-120526014175
Sql Developer,Srijan Spectrum,"Hybrid - Pune, Bengaluru",7-12 Yrs,Not Available,"MS SQL SERVER, T-SQL, SQL, Microsoft, MS SQL Serve, Serv, Development, SQL Server",Sql Developer,Naukri,2 weeks ago,https://www.naukri.com/job-listings-sql-developer-srijan-spectrum-pune-bengaluru-7-to-12-years-210526010849
Oracle PL/SQL Developer,Godigi Infotech,Mumbai,0-1 Yrs,Not Available,"IT services, Oracle Apps, Software QA, Backend, Oracle SQL, Consulting, Data processing, PLSQL",Sql Developer,Naukri,2 weeks ago,https://www.naukri.com/job-listings-oracle-pl-sql-developer-godigi-infotech-mumbai-0-to-1-years-191023500125
Oracle PL / SQL Developer at An IT Service Company,Talentzo Delhi,Remote,0-1 Yrs,6-8 Lacs PA,"PLSQL, Oracle SQL, Oracle Reports, Development, Company, Oracle PL, Reporting, IT services",Sql Developer,Naukri,1 day ago,https://www.naukri.com/job-listings-oracle-pl-sql-developer-at-an-it-service-company-talentzo-delhi-gurugram-0-to-1-years-050626012309
PL-SQL Developer,Ocean Software Technologies,"Nagpur, Bengaluru",0-1 Yrs,Not Available,"sql development, dml, sql queries, oracle, performance tuning, oracle forms, toad, sql tuning",Sql Developer,Naukri,1 week ago,https://www.naukri.com/job-listings-pl-sql-developer-ocean-software-technologies-nagpur-bengaluru-0-to-1-years-290526508259
VB.Net / SQL Developer,Sps Intrad,Bengaluru,2-3 Yrs,Not Available,"business development management, business development, corporate sales, sales, research, marketing, marketing initiatives, strong communication skills",Sql Developer,Naukri,3+ weeks ago,https://www.naukri.com/job-listings-vb-net-sql-developer-sps-intrad-pvt-ltd-bengaluru-2-to-3-years-160224501427
Developer SQL,WTW Global Delivery And Solutions,Kolkata,2-5 Yrs,Not Available,"c#, server, sqlsql development, code review, sql server, scalability, SQL, Serv",Sql Developer,Naukri,3+ weeks ago,https://www.naukri.com/job-listings-developer-sql-wtw-global-delivery-and-solutions-india-pvt-ltd-kolkata-2-to-5-years-190525505050
Eagle Developer,Cognizant,Chennai,12-14 Yrs,Not Available,"oracle pl, python, release management, oracle, data management, languages, workflow, customization",Sql Developer,Naukri,1 day ago,https://www.naukri.com/job-listings-eagle-developer-cognizant-chennai-12-to-14-years-050626012017
SQL with HANA Developer,Varite,Hyderabad,3-8 Yrs,Not Available,"IT services, Manager Quality Assurance, Staffing, Analytical, Troubleshooting, Digital marketing, Gaming, Information technology",Sql Developer,Naukri,3+ weeks ago,https://www.naukri.com/job-listings-sql-with-hana-developer-varite-hyderabad-3-to-8-years-170624502585
Developer - ADF/SQL,EVERSANA India Pvt. Ltd,Pune,3-8 Yrs,Not Available,"Automation, GIT, Data modeling, GCP, XML, Data quality, JSON, Technical documentation",Sql Developer,Naukri,3+ weeks ago,https://www.naukri.com/job-listings-developer-adf-sql-eversana-india-pune-3-to-8-years-240326501074
Argo Developer (ISG),Cognizant,Bengaluru,9-12 Yrs,Not Available,"retail banking, backup, configuration, multiload, fastload, networking, specifications, plsql",Sql Developer,Naukri,3+ weeks ago,https://www.naukri.com/job-listings-argo-developer-isg-cognizant-bengaluru-9-to-12-years-080526028998
C++ Developer with SQL :Bangalore,Pri India It Services,Hybrid - Bengaluru,4-8 Yrs,15-25 Lacs PA,"C++, Development, SQL, Winforms",Sql Developer,Naukri,3 weeks ago,https://www.naukri.com/job-listings-c-developer-with-sql-bangalore-pri-india-it-services-bengaluru-4-to-8-years-110226009216
Angular Developer (with .NET & SQL),Stack Digital,Gurugram,7-12 Yrs,Not Available,"Backend, Front end, Coding, Javascript, Agile, HTML, Stored procedures, Unit testing",Sql Developer,Naukri,3+ weeks ago,https://www.naukri.com/job-listings-angular-developer-with-net-sql-stack-digital-gurugram-7-to-12-years-290426500131
Quant Developer,Diverse Lynx,Bengaluru,0-5 Yrs,Not Available,"c#, python, c++, css, software development, oracle, dbms",Sql Developer,Naukri,3 weeks ago,https://www.naukri.com/job-listings-quant-developer-diverse-lynx-bengaluru-0-to-5-years-150526502543
Developers,Indiafilings,Chennai,0-3 Yrs,Not Available,"c#, css, c++, python, software development, oracle, javascript",Sql Developer,Naukri,1 week ago,https://www.naukri.com/job-listings-developers-indiafilings-com-chennai-0-to-3-years-270526504658
Sql Developer,Sequelone,Gurugram,2-5 Yrs,"50,000-70,000 PA","SQL Development, Payroll Processing, HRMS, Payroll, Compensation, Performance Tuning, Payroll Software, Development",Sql Developer,Naukri,2 weeks ago,https://www.naukri.com/job-listings-sql-developer-sequelone-gurugram-2-to-5-years-210526027234
SQL Developer Fresher Interns,Gigafactor Solutions,Bengaluru,Not Available,Unpaid,Not Available,Sql Developer,Naukri,Starts in 1-3 months,https://www.naukri.com/job-listings-sql-developer-fresher-interns-gigafactor-solutions-bengaluru-0-to-4-years-300126501877
Azure SQL Developer DBA,sRide,Bengaluru,0-5 Yrs,Not Available,"T-SQL, ODBC, OLAP, PLSQL, HTML, JSON, SQL Azure, SQL DBA",Sql Developer,Naukri,3+ weeks ago,https://www.naukri.com/job-listings-azure-sql-developer-dba-sride-carpool-bengaluru-0-to-5-years-020426506933
SQL Developer (Freelancer),Deccan Ai,Remote,0-3 Yrs,Not Available,"Backend Development, Java, SQL, Python, Freelancing, Development, Backend, SQL development",Sql Developer,Naukri,2 days ago,https://www.naukri.com/job-listings-sql-developer-freelancer-deccan-ai-india-0-to-3-years-040626025547
PL/SQL Developers,Seertree Global,Chennai,0-2 Yrs,Not Available,"management skills, team management, presentation skills, convincing power, training, problem solving, sql, coordination",Sql Developer,Naukri,3+ weeks ago,https://www.naukri.com/job-listings-pl-sql-developers-seertree-global-services-chennai-0-to-2-years-301025503336
pl/sql developer - Internship,Oramate Technology,Chennai,Not Available,Unpaid,Not Available,Sql Developer,Naukri,Starts in 1-3 months,https://www.naukri.com/job-listings-pl-sql-developer-internship-oramate-technology-chennai-0-to-2-years-280618501236
Opening For Microsoft Sql Server Integration Services Developer,tekskills india,Bengaluru,7-12 Yrs,Not Available,"SSIS, Microsoft Ssis, Datastage, Ssis Etl, SQL Server Integration Services, Etl Process, Development, MS SQL Server Administration",Sql Developer,Naukri,1 week ago,https://www.naukri.com/job-listings-opening-for-microsoft-sql-server-integration-services-developer-tekskills-bengaluru-7-to-12-years-290526919310
Sql Developer Lead,Tech Mahindra,"Hybrid - Kolkata, Bengaluru",7-11 Yrs,Not Available,"Stored Procedures, Performance Tuning, SQL, Development, Performance, Procedures, SQL development",Sql Developer,Naukri,3+ weeks ago,https://www.naukri.com/job-listings-sql-developer-lead-tech-mahindra-kolkata-bengaluru-7-to-11-years-060526041425
Microsoft SQL Server 2019 Developer,Tata Consultancy Services,Hyderabad,4-7 Yrs,Not Available,"T-SQL, SQL Server Development, Query Optimization, Dynamic Sql Queries, Ms Sql Serve, Triggers, SQL Server, SSIS",Sql Developer,Naukri,Today,https://www.naukri.com/job-listings-microsoft-sql-server-2019-developer-tata-consultancy-services-hyderabad-4-to-7-years-250426004779
Junior SQL Developer,Acuity It Solutions,"Noida, Pune",0-2 Yrs,4-6 Lacs PA,"RDBMS, DBMS, SQL, Postgresql, MySQL, Oracle, Development",Sql Developer,Naukri,3+ weeks ago,https://www.naukri.com/job-listings-junior-sql-developer-acuity-it-solutions-noida-pune-0-to-2-years-060526013536
PL/SQL Developer - Domain Trainee,Focusr Consultancy And Technologies,Salem,0-3 Yrs,Not Available,"Oracle database, Training, Performance tuning, Domain Trainee, Oracle forms, Transition, PLSQL, Oracle apps technical",Sql Developer,Naukri,3+ weeks ago,https://www.naukri.com/job-listings-pl-sql-developer-domain-trainee-focusr-consultancy-and-technologies-pvt-ltd-salem-0-to-3-years-311025504069
DBA/SQL Developer,Rabbit And Tortoise Technology Solutions,Pune,0-2 Yrs,Not Available,"Performance tuning, SQL queries, Database design, MySQL, query, Database administration, HTML, Stored procedures",Sql Developer,Naukri,3+ weeks ago,https://www.naukri.com/job-listings-dba-sql-developer-rabbit-and-tortoise-technology-solutions-pune-0-to-2-years-310124502383
Oracle PL/SQL Developer,Logic Planet,"Mumbai, Nagpur, Thane, Nashik, Pune, Aurangabad",0-5 Yrs,Not Available,"oracle pl, sql*plus, sql development, dml, oracle, performance tuning, oracle forms, sql tuning",Sql Developer,Naukri,3+ weeks ago,https://www.naukri.com/job-listings-oracle-pl-sql-developer-logicplanet-it-services-mumbai-nagpur-thane-nashik-pune-aurangabad-0-to-5-years-240226505090
Tenarai formerly Infogain is hiring For SQL Developer-Immediate joiner,Infogain,"Hybrid - Pune, Bengaluru, Delhi / NCR",6-8 Yrs,Not Available,"AZURE, Migration, SQL Development, ETL, SQL, Snowflake, Development, Microsoft Azure",Sql Developer,Naukri,4 days ago,https://www.naukri.com/job-listings-tenarai-formerly-infogain-is-hiring-for-sql-developer-immediate-joiner-infogain-pune-bengaluru-delhi-ncr-6-to-8-years-160426015606
Oracle PL / SQL Developer,Proounce,Hyderabad,0-2 Yrs,Not Available,"oracle pl, sql*plus, sql development, oracle, unit testing, sql tuning, toad, dbms",Sql Developer,Naukri,3+ weeks ago,https://www.naukri.com/job-listings-oracle-pl-sql-developer-proounce-solutions-private-limited-hyderabad-0-to-2-years-111024500022
PL / SQL Developer Intern,Blossoms Solutions,Hyderabad,Not Available,Unpaid,Not Available,Sql Developer,Naukri,Starts in 1-3 months,https://www.naukri.com/job-listings-pl-sql-developer-intern-blossoms-solutions-hyderabad-0-to-1-years-010524501023
Oracle PL/SQL Developer,Tata Consultancy Services,"Kolkata, Hyderabad, Chennai",5-10 Yrs,"50,000-3 Lacs PA","Oracle SQL, PLSQL, Plsql Development, Plsql Programming, Oracle, Oracle PL, Oracle development, Program",Sql Developer,Naukri,2 weeks ago,https://www.naukri.com/job-listings-oracle-pl-sql-developer-tata-consultancy-services-kolkata-hyderabad-chennai-5-to-10-years-110526033708
Immediate Requriment For Senior SQL Developer,Sri Indrakshi,"Kochi, Pune, Bengaluru",10-18 Yrs,15-22.5 Lacs PA,"Advanced T - SQL, Data Migration, Agile Scrum, SQL Server 2025, ETL Tool, Waterfall Methodologies, SQL",Sql Developer,Naukri,3+ weeks ago,https://www.naukri.com/job-listings-immediate-requriment-for-senior-sql-developer-sri-indrakshi-informatics-kochi-pune-bengaluru-10-to-18-years-050526040374
Immediate requirement For Senior SQL Developer,Sriindrakshi Informatics Pvt..LTd,"Hyderabad, Pune, Bengaluru",5-10 Yrs,15-20 Lacs PA,"T-SQL, Triggers, SQL Server, Agile Methodology, git, Waterfall, Bulk Insert, JIRA",Sql Developer,Naukri,3+ weeks ago,https://www.naukri.com/job-listings-immediate-requirement-for-senior-sql-developer-sri-indrakshi-informatics-hyderabad-pune-bengaluru-5-to-10-years-050526005822
Senior SQL Developer,Barclays,Pune,8-11 Yrs,Not Available,"Performance tuning, query optimization, Coding, Debugging, PLSQL, Stored procedures, Unit testing, Business strategy",Sql Developer,Naukri,2 days ago,https://www.naukri.com/job-listings-senior-sql-developer-barclays-shared-services-pune-8-to-11-years-040626500307
Opening For Microsoft Sql Server Integration Services Developer,tekskills india,Chennai,7-12 Yrs,Not Available,"SSIS, Microsoft Ssis, Datastage, Ssis Etl, SQL Server Integration Services, Etl Process, MS SQL Server Administration, Microsoft",Sql Developer,Naukri,1 week ago,https://www.naukri.com/job-listings-opening-for-microsoft-sql-server-integration-services-developer-tekskills-chennai-7-to-12-years-290526919309
Oracle PL/SQL Developer,The Closing Gap,Chennai,4-6 Yrs,Not Available,"IT services, Performance tuning, Backend, Version control, GIT, query optimization, Database management, PLSQL",Sql Developer,Naukri,3+ weeks ago,https://www.naukri.com/job-listings-oracle-pl-sql-developer-the-closing-gap-chennai-4-to-6-years-260326500335
"Senior Software Developer (C#.net, SQL, ERP Software)",Index Infotech India,Pune,4-5 Yrs,Not Available,"SAN, SAP, SAP CRM, SSRS, Data structures, Visual Studio, Oracle, microsoft",Sql Developer,Naukri,3+ weeks ago,https://www.naukri.com/job-listings-senior-software-developer-c-net-sql-erp-software-index-infotech-india-pvt-ltd-pune-4-to-5-years-300922500449
Developer,Kadanthottu Finanace,Changanassery,0-5 Yrs,Not Available,"c#, css, c++, python, software development, oracle, javascript",Sql Developer,Naukri,1 week ago,https://www.naukri.com/job-listings-developer-kadanthottu-finanace-pvt-ltd-changanassery-0-to-5-years-270526504641
Senior SQL Developer,Valuelabs,Hyderabad,5-10 Yrs,Not Available,"Advance Sql, Etl Pipelines, Stored Procedures, SP/UDF/Triggers, SQL Development, SQL Server, SSIS, Development",Sql Developer,Naukri,5 days ago,https://www.naukri.com/job-listings-senior-sql-developer-valuelabs-hyderabad-5-to-10-years-010626000910
Oracle PL/SQL Developer x3,Spectrum Consulting,"Hyderabad, Chennai, Bengaluru",5-10 Yrs,15-30 Lacs PA,"PLSQL, Plsql Development, Oracle, Oracle RDBMS, Oracle SQL, Oracle Database, Toad, Syntax",Sql Developer,Naukri,2 days ago,https://www.naukri.com/job-listings-oracle-pl-sql-developer-x3-spectrum-consulting-hyderabad-chennai-bengaluru-5-to-10-years-040626010677
PL/SQL Developer _ Gandhinagar,Tata Consultancy Services,Gandhinagar,4-8 Yrs,Not Available,"PLSQL, Oracle, Performance Tuning, Oracle 11G, SQL, Oracle 10G, Performance, Development",Sql Developer,Naukri,3 weeks ago,https://www.naukri.com/job-listings-pl-sql-developer-gandhinagar-tata-consultancy-services-gandhinagar-4-to-8-years-150526028453
ESaaS - Oracle - Technical - PL/SQL Developer,Zensar,Pune,8-10 Yrs,Not Available,"Unix, Performance tuning, Coding, Agile, PLSQL, Workflow, Scrum, SCM",Sql Developer,Naukri,5 days ago,https://www.naukri.com/job-listings-esaas-oracle-technical-pl-sql-developer-zensar-technologies-pune-8-to-10-years-010626500209
Opening For Microsoft Sql Server Integration Services Developer,tekskills india,Hyderabad,7-12 Yrs,Not Available,"SSIS, Microsoft Ssis, Datastage, Ssis Etl, SQL Server Integration Services, Etl Process, MS SQL Server Administration, Microsoft",Sql Developer,Naukri,1 week ago,https://www.naukri.com/job-listings-opening-for-microsoft-sql-server-integration-services-developer-tekskills-hyderabad-7-to-12-years-290526919311
Sr. My SQL Developer,Heerasoft Technologies,"Kolkata, Mumbai, New Delhi, Hyderabad, Pune, Chennai, Bengaluru",3-5 Yrs,Not Available,"My SQL Developer, MySQL, SR, SQL, Development",Sql Developer,Naukri,3+ weeks ago,https://www.naukri.com/job-listings-sr-my-sql-developer-heerasoft-technologies-kolkata-mumbai-new-delhi-hyderabad-pune-chennai-bengaluru-3-to-5-years-270720500300
Senior SQL Developer,Idea Elan,"Kolkata, Mumbai, New Delhi, Hyderabad, Pune, Chennai, Bengaluru",4-9 Yrs,Not Available,"Performance tuning, MS SQL, Data migration, GIT, Analytical, Disaster recovery, Active directory, Windows",Sql Developer,Naukri,3+ weeks ago,https://www.naukri.com/job-listings-senior-sql-developer-idea-elan-kolkata-mumbai-new-delhi-hyderabad-pune-chennai-bengaluru-4-to-9-years-090625502405
Developer,Upkar Leasing And Finance Company,Mumbai,0-4 Yrs,Not Available,"c#, python, c++, css, oracle, software development, software testing, javascript",Sql Developer,Naukri,3+ weeks ago,https://www.naukri.com/job-listings-developer-upkar-leasing-finance-company-mumbai-0-to-4-years-260825503790
Developer,Koncept Webitisement,New Delhi,0-3 Yrs,Not Available,"c#, python, c++, css, oracle, software development, software testing, javascript",Sql Developer,Naukri,3+ weeks ago,https://www.naukri.com/job-listings-developer-koncept-webitisement-pvt-ltd-new-delhi-0-to-3-years-260225503673
Senior Professional Services Engineer(PL/SQL Developer),NICE,Pune,4-7 Yrs,Not Available,"Unix, MS SQL, Coding, Finance, Debugging, Flex, Agile, PLSQL",Sql Developer,Naukri,1 week ago,https://www.naukri.com/job-listings-senior-professional-services-engineer-pl-sql-developer-nice-pune-4-to-7-years-150526504149
Senior SQL Developer,Adwest Digital,"Hybrid - Bengaluru, Delhi / NCR",5-10 Yrs,Not Available,"SQL, data analysis, Database Design, ETL, Troubleshooting, database interactions, business intelligence, Database Development",Sql Developer,Naukri,2 weeks ago,https://www.naukri.com/job-listings-senior-sql-developer-adwest-digital-bengaluru-delhi-ncr-5-to-10-years-220526918888
Microsoft Sql Developer,Srijan Spectrum,"Hybrid - Pune, Bengaluru",8-10 Yrs,15-20 Lacs PA,"T-SQL, SQL Development, Ms Sql Serve, Ms Sql Development, Database Development, Development, SQL Server, Microsoft",Sql Developer,Naukri,3 weeks ago,https://www.naukri.com/job-listings-microsoft-sql-developer-srijan-spectrum-pune-bengaluru-8-to-10-years-130526011082
Oracle PL/SQL Developer,TESTQ Technologies,Bengaluru,5-10 Yrs,Not Available,"Oracle database, Performance tuning, data services, Enterprise applications, Database, Data processing, PLSQL, JSON",Sql Developer,Naukri,2 days ago,https://www.naukri.com/job-listings-oracle-pl-sql-developer-testq-technologies-limited-bengaluru-5-to-10-years-040626501454
"Manager/ Sr Manager - Postgres SQL Developer, Analytics",Galaxy Health Insurance Company,Chennai(Chennai Central RS),3-7 Yrs,Not Available,"Data Marts creation, Postgres SQL Developer, BTech/BE, Analytics, SQL, SR, Postgresql, Development",Sql Developer,Naukri,2 days ago,https://www.naukri.com/job-listings-manager-sr-manager-postgres-sql-developer-analytics-galaxy-health-insurance-company-chennai-3-to-7-years-010225004386
Developer,Grey Scientific Labs,Visakhapatnam,1-4 Yrs,Not Available,"c#, css, c++, python, software development, oracle, javascript",Sql Developer,Naukri,3 weeks ago,https://www.naukri.com/job-listings-developer-grey-scientific-labs-visakhapatnam-1-to-4-years-110526502362
MS SQL Lead / Sr SQL Developer,Rathna Packaging,Bengaluru(Sector 4 HSR Layout ),5-9 Yrs,6-8.5 Lacs PA,"SQL Development, Mssql Dba, Ms Sql Database, Query Optimization, Sql Optimization, Database Design, SQL Queries, SQL Server",Sql Developer,Naukri,3+ weeks ago,https://www.naukri.com/job-listings-ms-sql-lead-sr-sql-developer-rathna-packaging-bengaluru-5-to-9-years-240425004253
Dot Net/SQL developer,Bahwan CyberTek,Chennai,6-8 Yrs,Not Available,"T-SQL, Performance tuning, Architect, Scalability, Coding, Development Lead, Database, Infrastructure",Sql Developer,Naukri,1 week ago,https://www.naukri.com/job-listings-dot-net-sql-developer-bahwan-cybertek-chennai-6-to-8-years-270526500696
Senior SQL Developer,V2 Retail,Gurugram,6-11 Yrs,Not Available,"Performance tuning, MS SQL, Production support, RDBMS, MySQL, PLSQL, Informatica, Oracle",Sql Developer,Naukri,3+ weeks ago,https://www.naukri.com/job-listings-senior-sql-developer-v2-retail-gurugram-6-to-11-years-190126501681
Senior Pl Sql Developer,Socommerz,Bengaluru,5-10 Yrs,Not Available,"Java, PLSQL, Batch Processing, Batch, SQL, Process, Development, Processing",Sql Developer,Naukri,2 weeks ago,https://www.naukri.com/job-listings-senior-pl-sql-developer-socommerz-bengaluru-5-to-10-years-180526005689
Sr. Business Analyst - Python+ SQL Developer,Gebbs Healthcare Solutions,Mumbai,3-8 Yrs,Not Available,"Automation, MS SQL, VLOOKUP, Analytical, Data processing, Scheduling, Troubleshooting, SSIS",Sql Developer,Naukri,3+ weeks ago,https://www.naukri.com/job-listings-sr-business-analyst-python-sql-developer-gebbs-healthcare-solutions-pvt-ltd-mumbai-3-to-8-years-060426501373
Senior SQL Developer,AVS In So Tech Private,"Mumbai, Navi Mumbai",5-10 Yrs,Not Available,"T-SQL, SQL queries, Automation, query optimization, database security, Disaster recovery, Automation tools, Data quality",Sql Developer,Naukri,1 day ago,https://www.naukri.com/job-listings-senior-sql-developer-avs-in-so-tech-private-ltd-mumbai-navi-mumbai-5-to-10-years-050626502092
Senior SQL Developer,Adwest Digital,Bengaluru,5-10 Yrs,Not Available,"sql development, dml, indexing, performance tuning, database security, triggers, ddl, t-sql",Sql Developer,Naukri,3+ weeks ago,https://www.naukri.com/job-listings-senior-sql-developer-adwest-digital-pvt-ltd-bengaluru-5-to-10-years-280825504693
Senior SQL Developer,Clifyx Technology,Bengaluru,4-7 Yrs,Not Available,"Database architecture, Compliance, Programming, Mentor, Stored procedures, Troubleshooting, Database management system, SQL",Sql Developer,Naukri,3+ weeks ago,https://www.naukri.com/job-listings-senior-sql-developer-clifyx-technology-bengaluru-4-to-7-years-060226506462
Senior SQL Developer,W3 Dream Solutions,Bengaluru,5-10 Yrs,Not Available,"c++, python, sql development, oracle, software testing, software design, version control, sql server",Sql Developer,Naukri,3+ weeks ago,https://www.naukri.com/job-listings-senior-sql-developer-w3-dream-solutions-bengaluru-5-to-10-years-010725500673
"Specialist Professional Services Engineer(PL/SQL Developer, BFSI)",NICE,Pune,4-7 Yrs,Not Available,"Unix, TCP, MySQL, Shell scripting, Flex, PLSQL, Windows, Oracle",Sql Developer,Naukri,3 days ago,https://www.naukri.com/job-listings-specialist-professional-services-engineer-pl-sql-developer-bfsi-nice-pune-4-to-7-years-030626501289
Microsoft Sql Developer,Visionary Recruitment Services Chennai,Hyderabad,1-2 Yrs,2-3 Lacs PA,"T-SQL, Ms Sql Development, SQL Server Development, SQL Queries, Development, SQL Server, Microsoft, Serv",Sql Developer,Naukri,1 week ago,https://www.naukri.com/job-listings-microsoft-sql-developer-visionary-recruitment-services-chennai-hyderabad-1-to-2-years-260526025524
Ms SQL Server Dot Net Developer Trainee,Creative Web Mall,Mumbai,0-5 Yrs,Not Available,"Training, MS SQL, Web technologies, Intranet, .Net, ASP.Net, Developer Trainee, Internship",Sql Developer,Naukri,1 week ago,https://www.naukri.com/job-listings-ms-sql-server-dot-net-developer-trainee-creative-web-mall-india-pvt-ltd-mumbai-0-to-5-years-250526503711
Java SQL Developer,Persistent,Pune,5-8 Yrs,Not Available,"Java, PL, Cerner CCL, SQL, Cerner, Ccl, Development",Sql Developer,Naukri,3 weeks ago,https://www.naukri.com/job-listings-java-sql-developer-persistent-pune-5-to-8-years-110526035391
Oracle PL SQL Developer(SJ-IQ),SE Mentor,"Kochi, Bengaluru",4-6 Yrs,Not Available,"Performance tuning, Production support, Analytical, Debugging, Agile, PLSQL, Oracle, SDLC",Sql Developer,Naukri,3 days ago,https://www.naukri.com/job-listings-oracle-pl-sql-developer-sj-iq-se-mentor-solutions-p-ltd-kochi-bengaluru-4-to-6-years-030626502130
Database/MS-SQL Developer,Crisil,Mumbai,5-7 Yrs,Not Available,"Performance tuning, System architecture, MS SQL, Data analysis, Data modeling, Coding, Database design, PLSQL",Sql Developer,Naukri,3+ weeks ago,https://www.naukri.com/job-listings-database-ms-sql-developer-crisil-mumbai-5-to-7-years-220925502299
PL/SQL Developer Banking Domain,Crisil,Mumbai,4-7 Yrs,Not Available,"Unix, Performance tuning, Linux, MIS, Shell scripting, Agile, PLSQL, Stored procedures",Sql Developer,Naukri,3+ weeks ago,https://www.naukri.com/job-listings-pl-sql-developer-banking-domain-crisil-mumbai-4-to-7-years-180725502200
OM Developer,Comviva Technology,Pune,0-3 Yrs,Not Available,"Telecom, Maven, Backend, Bss, MySQL, Workflow, Oracle, Middleware",Sql Developer,Naukri,1 week ago,https://www.naukri.com/job-listings-om-developer-comviva-technologies-limited-pune-0-to-3-years-260526504095
Developer,AMS Infotech,New Delhi,1-4 Yrs,Not Available,"c#, python, c++, css, oracle, software development, software testing, javascript",Sql Developer,Naukri,3+ weeks ago,https://www.naukri.com/job-listings-developer-ams-infotech-new-delhi-1-to-4-years-050625501086
PL/SQL Developer,Markcipher,"Kolkata, Mumbai, New Delhi, Hyderabad, Pune, Chennai, Bengaluru",2-5 Yrs,Not Available,"Agile development, PLSQL, Technical documentation, Technical, Agile, Documentation, SQL development, SQL",Sql Developer,Naukri,3+ weeks ago,https://www.naukri.com/job-listings-pl-sql-developer-markcipher-kolkata-mumbai-new-delhi-hyderabad-pune-chennai-bengaluru-2-to-5-years-260823500998
T SQL Developer,Logic Planet,"Kolkata, Mumbai, New Delhi, Hyderabad, Pune, Chennai, Bengaluru",5-10 Yrs,Not Available,"Indexing Strategies, Stored Procedures, SQL Server Performance, SSIS, T-SQL Queries, Indexing, Procedures",Sql Developer,Naukri,3+ weeks ago,https://www.naukri.com/job-listings-t-sql-developer-logicplanet-it-services-kolkata-mumbai-new-delhi-hyderabad-pune-chennai-bengaluru-5-to-10-years-200226504881
Oracle PL / SQL Developer,Proounce,"Kolkata, Mumbai, New Delhi, Hyderabad, Pune, Chennai, Bengaluru",6-9 Yrs,Not Available,"oracle pl, sql development, dml, oracle, indexing, performance tuning, sql tuning, plsql development",Sql Developer,Naukri,3+ weeks ago,https://www.naukri.com/job-listings-oracle-pl-sql-developer-proounce-solutions-private-limited-kolkata-mumbai-new-delhi-hyderabad-pune-chennai-bengaluru-6-to-9-years-141024501813
SQL developer/ Application Support Engineer- Mumbai (2-4years) (Male),Posidex Technologies,Mumbai (All Areas),2-4 Yrs,Not Available,"Linux, PLSQL, Application Support, Performance Tuning, SQL, Debugging, Troubleshooting, Development",Sql Developer,Naukri,2 weeks ago,https://www.naukri.com/job-listings-sql-developer-application-support-engineer-mumbai-2-4years-male-posidex-technologies-mumbai-all-areas-2-to-4-years-200526026253
Microsoft Dotnet & SQL Developers,Bigsun Technologies,Mumbai,2-3 Yrs,Not Available,"C++, DCOM, Coding, Database design, SSRS, Data structures, XSLT, SSIS",Sql Developer,Naukri,2 weeks ago,https://www.naukri.com/job-listings-microsoft-dotnet-sql-developers-bigsun-technologies-pvt-ltd-mumbai-2-to-3-years-100723500332
PL SQL Developer,Bahwan CyberTek,Mumbai,4-9 Yrs,Not Available,"Computer science, spring boot, SQL queries, MS SQL, Helpdesk, PLSQL, J2Ee, Spring",Sql Developer,Naukri,1 week ago,https://www.naukri.com/job-listings-pl-sql-developer-bahwan-cybertek-mumbai-4-to-9-years-270526500704
Senior SQL Developer,Tekclan,"Kolkata, Chennai",4-9 Yrs,8-18 Lacs PA,"T-SQL, Stored Procedures, Data Modeling, Performance Tuning, Power Bi, High Availability Management, Database Design, Etl Process",Sql Developer,Naukri,3 weeks ago,https://www.naukri.com/job-listings-senior-sql-developer-tekclan-kolkata-chennai-4-to-9-years-140526019093
Python+AI developers,Diverse Lynx,Bengaluru,0-5 Yrs,Not Available,"hive, cd, continuous integration, kubernetes, python, github, natural language processing, ci/cd",Sql Developer,Naukri,3+ weeks ago,https://www.naukri.com/job-listings-python-ai-developers-diverse-lynx-bengaluru-0-to-5-years-060526500432
Gaming Developer,Huntertech Ventures,Bengaluru,0-3 Yrs,Not Available,"c#, physical education, c++, css, python, virtual reality, software testing",Sql Developer,Naukri,3+ weeks ago,https://www.naukri.com/job-listings-gaming-developer-hunter-tech-ventures-pvt-ltd-bengaluru-0-to-3-years-250624502823
Databricks Developer,Diverse Lynx,Bengaluru,0-5 Yrs,Not Available,"interviewing, shortlisting, python, screening, data analysis, data processing, microsoft azure, machine learning",Sql Developer,Naukri,3+ weeks ago,https://www.naukri.com/job-listings-databricks-developer-diverse-lynx-bengaluru-0-to-5-years-040725502837
Senior SQL Developer,Mufg Pension & Market Services,Mumbai,6-10 Yrs,Not Available,"Business process, Assurance, Project management, Business excellence, Application development, Risk management, SSIS, Continuous improvement",Sql Developer,Naukri,1 week ago,https://www.naukri.com/job-listings-senior-sql-developer-mufg-pension-market-services-mumbai-6-to-10-years-270526501483
Senior Oracle Pl Sql Developer,https://maddisoft.com/about/,Hyderabad,10-20 Yrs,Not Available,"12C, Partitioning, Stored Procedures, Performance Tuning, Data WareHouse, PLSQL, 19c, Performance",Sql Developer,Naukri,1 week ago,https://www.naukri.com/job-listings-senior-oracle-pl-sql-developer-maddisoft-solutions-hyderabad-10-to-20-years-310525000122
Senior PL/SQL Developer (Relocate To Kuala Lumpur),Luxoft,"Hybrid - Kuala Lumpur, Malaysia",6-9 Yrs,Not Available,"Oracle Database, Shell Scripting, Control-M, PLSQL, Banking And Finance, Unix, windows, Microsoft Windows",Sql Developer,Naukri,1 week ago,https://www.naukri.com/job-listings-senior-pl-sql-developer-relocate-to-kuala-lumpur-luxoft-kuala-lumpur-malaysia-6-to-9-years-270526019487
Senior Sql Developer,Ascra Technologies,Mumbai(Bandra Kurla Complex +1),9-14 Yrs,7-17 Lacs PA,"SQL Development, SQL Server Development, RDBMS, SQL Queries, Stores, SSIS, ETL, SQL",Sql Developer,Naukri,1 week ago,https://www.naukri.com/job-listings-senior-sql-developer-ascra-technologies-mumbai-9-to-14-years-250526037918
"Professional Services Engineer, Actimize(PL/SQL Developer, BFSI)",NICE,Pune,2-4 Yrs,Not Available,"MS SQL, Application support, Linux, Flex, PLSQL, Windows, Oracle, Troubleshooting",Sql Developer,Naukri,3+ weeks ago,https://www.naukri.com/job-listings-professional-services-engineer-actimize-pl-sql-developer-bfsi-nice-pune-2-to-4-years-240426500369
Oracle PL/SQL Developers,Squircle IT,Bengaluru,5-7 Yrs,Not Available,"advanced sql, sql development, pr, oracle, data analysis, data modeling, web services, performance tuning",Sql Developer,Naukri,3+ weeks ago,https://www.naukri.com/job-listings-oracle-pl-sql-developers-squircle-it-consulting-services-pvt-ltd-bengaluru-5-to-7-years-210126501392
PL/SQL Developer,Leading Client,Bengaluru,5-10 Yrs,Not Available,"Plsql, Oracle Database, Oracle, Performance Tuning, Onboarding, Sql, Performance, Development",Sql Developer,Naukri,2 weeks ago,https://www.naukri.com/job-listings-pl-sql-developer-prashant-dinesh-rawat-bengaluru-5-to-10-years-200526940186
PySpark + SQL Developer + AWS -Data Engineer _ Bangalore,Apptad,Hybrid - Bengaluru,5-9 Yrs,Not Available,"IAM, PySpark, SQL Development, Amazon, AWS, S3, Glue, ETL",Sql Developer,Naukri,2 weeks ago,https://www.naukri.com/job-listings-pyspark-sql-developer-aws-data-engineer-bangalore-apptad-bengaluru-5-to-9-years-200226008965
Oracle Forms & PL/SQL Developer,Tata Technologies,Hybrid - Pune,5-8 Yrs,9-18 Lacs PA,"PLSQL, Oracle Reports, Oracle Forms, SQL, Oracle SQL, Development, Oracle Workflows, Oracle",Sql Developer,Naukri,3 weeks ago,https://www.naukri.com/job-listings-oracle-forms-pl-sql-developer-tata-technologies-pune-5-to-8-years-140526014369
oracle pl/sql developer,Squircle IT,Bengaluru,4-8 Yrs,Not Available,"Performance tuning, SUB, data manipulation, Programming, Packaging, Database, Developer, PLSQL",Sql Developer,Naukri,3+ weeks ago,https://www.naukri.com/job-listings-oracle-pl-sql-developer-squircle-it-consulting-services-pvt-ltd-bengaluru-4-to-8-years-140126503771
Oracle PL/SQL Developer,Squircle IT,Bengaluru,5-7 Yrs,Not Available,"query optimization, Oracle SQL, Database, PLSQL, Perl, Stored procedures, Development, DBMS",Sql Developer,Naukri,3+ weeks ago,https://www.naukri.com/job-listings-oracle-pl-sql-developer-squircle-it-consulting-services-pvt-ltd-bengaluru-5-to-7-years-140126503498
SQL developer with skills in data warehouse and BI tools,Curvefore Solutions,Bengaluru,3-5 Yrs,Not Available,"XML, SSRS, Javascript, PLSQL, HTML, SSIS, Business intelligence, microsoft",Sql Developer,Naukri,3+ weeks ago,https://www.naukri.com/job-listings-sql-developer-with-skills-in-data-warehouse-and-bi-tools-curvefore-solutions-llp-bengaluru-3-to-5-years-120324501742
PL / SQL Developer,Vivid Edge Corp,Bengaluru,5-8 Yrs,Not Available,"sql development, oracle, performance tuning, oracle forms, toad, plsql development, sql loader, oracle development",Sql Developer,Naukri,3+ weeks ago,https://www.naukri.com/job-listings-pl-sql-developer-vivid-edge-corp-bengaluru-5-to-8-years-080426503366
Informatica PL/SQL Developer,Innova Solutions,Hybrid - Hyderabad,7-12 Yrs,Not Available,"PLSQL, Informatica, Informatica Powercenter, SQL development, Powercenter, SQL, Development",Sql Developer,Naukri,Today,https://www.naukri.com/job-listings-informatica-pl-sql-developer-innova-solutions-hyderabad-7-to-12-years-060626004397
PL SQL Developer,Leading Client,"Hyderabad, Bengaluru",4-9 Yrs,Not Available,"PL/SQL, database design, query optimization, Oracle SQL, data modeling, Oracle databases, troubleshooting, ETL",Sql Developer,Naukri,3+ weeks ago,https://www.naukri.com/job-listings-pl-sql-developer-mpower-plus-india-private-limited-hyderabad-bengaluru-4-to-9-years-050526913726
Java + SQL Developer,Rapsys Tech Solutions,Pune,4-8 Yrs,Not Available,"Shell scripting, SQL, Python, Scripting, Java+, Java, Development",Sql Developer,Naukri,3+ weeks ago,https://www.naukri.com/job-listings-java-sql-developer-rapsys-tech-solutions-pvt-ltd-pune-4-to-8-years-020126501174
SQL Developer with (Oracle and Sybase),E4 Softwares,Bengaluru,3-6 Yrs,Not Available,"Performance tuning, Schema, Oracle, SyBase, SQL, Performance, Oracle SQL, Development",Sql Developer,Naukri,2 weeks ago,https://www.naukri.com/job-listings-sql-developer-with-oracle-and-sybase-e4-softwares-bengaluru-3-to-6-years-011025500565
"PLSQL, ODI(ETL), SQL developer",Clifyx Technology,Bengaluru,4-7 Yrs,Not Available,"Oracle SQL, Billing, PLSQL, data mapping, SQL development, Financial services, Finance, Development",Sql Developer,Naukri,3+ weeks ago,https://www.naukri.com/job-listings-plsql-odi-etl-sql-developer-clifyx-technology-bengaluru-4-to-7-years-290725504352
Oracle PL SQL Developer,Naghavi Fintech,Bengaluru,2-6 Yrs,Not Available,"oracle pl, oracle, performance tuning, plsql development, oracle development, plsql, sql, Development",Sql Developer,Naukri,3+ weeks ago,https://www.naukri.com/job-listings-oracle-pl-sql-developer-naghavi-fintech-bengaluru-2-to-6-years-260724502805
PL/SQL Developer,Clover Infotech,Bengaluru,2-10 Yrs,Not Available,"SAN, Performance tuning, French, Production support, Database design, SQL Tuning, Schema, System integration",Sql Developer,Naukri,3+ weeks ago,https://www.naukri.com/job-listings-pl-sql-developer-clover-infotech-pvt-ltd-bengaluru-2-to-10-years-230326505553
Software Engineer 1 (SQL & PL/SQL Developer),Powerschool India,Bengaluru,3-8 Yrs,Not Available,"Hibernate, Web services, jQuery, RDBMS, Debugging, Javascript, PLSQL, Oracle",Sql Developer,Naukri,3+ weeks ago,https://www.naukri.com/job-listings-software-engineer-1-sql-pl-sql-developer-powerschool-bengaluru-3-to-8-years-230326501760
Pl/SQl developer,Han Digital Solution,"Hubli, Mangaluru, Mysuru, Bengaluru, Belgaum",2-5 Yrs,Not Available,"Unix, Shell programming, Automation, Construction, Business Analyst, PLSQL, Data warehousing, Unix shell scripting",Sql Developer,Naukri,3+ weeks ago,https://www.naukri.com/job-listings-pl-sql-developer-han-digital-solution-hubli-mangaluru-mysuru-bengaluru-belgaum-2-to-5-years-221125501253
PL/SQL Developer,MyCityBanglore,Bengaluru,2-7 Yrs,Not Available,"PLSQL, SQL development, Development, SQL",Sql Developer,Naukri,3+ weeks ago,https://www.naukri.com/job-listings-pl-sql-developer-mycitybanglore-bengaluru-2-to-7-years-221019501436
PL/SQL Developer,E Billing Solutions (EBS),Bengaluru,3-7 Yrs,Not Available,"continuous integration, scripting, python, oracle, vb script, bash, shell scripting, Development",Sql Developer,Naukri,3+ weeks ago,https://www.naukri.com/job-listings-pl-sql-developer-e-billing-solutions-pvt-ltd-bengaluru-3-to-7-years-220525504752
MS SQL DEVELOPER,Sthira,Bengaluru,2-5 Yrs,Not Available,"teamwork, database creation, ms sql development, sql server, communication skills, DBMS, Development, Serv",Sql Developer,Naukri,3+ weeks ago,https://www.naukri.com/job-listings-ms-sql-developer-sthira-it-solutions-pvt-ltd-bengaluru-2-to-5-years-220126501512
PL SQL Developer,Diverse Lynx,Bengaluru,2-6 Yrs,Not Available,"dml, sql development, oracle, web services, software testing, indexing, performance tuning, pl sql procedures",Sql Developer,Naukri,3+ weeks ago,https://www.naukri.com/job-listings-pl-sql-developer-diverse-lynx-bengaluru-2-to-6-years-180725502652
Oracle Pl/sql Developer,Han Digital Solution,Bengaluru,4-8 Yrs,Not Available,"oracle pl, rest, sql development, python, oracle, plsql development, relational databases, hibernate",Sql Developer,Naukri,3+ weeks ago,https://www.naukri.com/job-listings-oracle-pl-sql-developer-han-digital-solution-bengaluru-4-to-8-years-160426501950
PL SQL Developer,Clifyx Technology,Bengaluru,2-5 Yrs,Not Available,"Computer science, Oracle database, Performance tuning, SQL queries, Oracle SQL, data manipulation, Analytical, PLSQL",Sql Developer,Naukri,3+ weeks ago,https://www.naukri.com/job-listings-pl-sql-developer-clifyx-technology-bengaluru-2-to-5-years-120525502834
Opening For Power Bi Developer-Hyderabad,Infosys,Hybrid - Hyderabad,3-8 Yrs,Not Available,"Power Bi, Tableau, Unix, SQL, Bi",Power Bi Developer,Naukri,3 weeks ago,https://www.naukri.com/job-listings-opening-for-power-bi-developer-hyderabad-infosys-hyderabad-3-to-8-years-140526014054
Power Bi Developer,Crisil,Mumbai,6-8 Yrs,Not Available,"Performance tuning, Backend, Data modeling, Stored procedures, SSIS, Business intelligence, microsoft, Financial services",Power Bi Developer,Naukri,3+ weeks ago,https://www.naukri.com/job-listings-power-bi-developer-crisil-mumbai-6-to-8-years-150725500507
Power Bi Developer,Tata Consultancy Services,Chennai,4-9 Yrs,Not Available,"Power Bi, Dax, Microsoft Power Bi, Development, MSBI, Bi, Microsoft",Power Bi Developer,Naukri,3+ weeks ago,https://www.naukri.com/job-listings-power-bi-developer-tata-consultancy-services-chennai-4-to-9-years-050526018930
Tcs Walkin- Power BI Developer - Tcs Pune- 13th June 26,Tata Consultancy Services,"Pune, Mumbai (All Areas)",4-9 Yrs,Not Available,"Power Bi, dax, ETL, Power Query -M, SQL, Power Bi Reports, Power Bi Dashboards, Any cloud platform",Power Bi Developer,Naukri,1 day ago,https://www.naukri.com/job-listings-tcs-walkin-power-bi-developer-tcs-pune-13th-june-26-tata-consultancy-services-pune-mumbai-all-areas-4-to-9-years-050626015413
Power Bi Developer,Tata Consultancy Services,Delhi / NCR,4-9 Yrs,Not Available,"Power Bi Development, Bi Development, Power Bi, Microsoft Power Bi, Powerapps, Development, Microsoft, Bi",Power Bi Developer,Naukri,2 days ago,https://www.naukri.com/job-listings-power-bi-developer-tata-consultancy-services-delhi-ncr-4-to-9-years-040626015154
Walk-in || Power BI Developer 13th June Mega Walk-in Drive,Tata Consultancy Services,Unknown,Not Available,Not Available,"Dax Queries, Power Bi, Power Query, Drives, Query, Bi, Dax, Development",Power Bi Developer,Naukri,2 days ago,https://www.naukri.com/job-listings-power-bi-developer-13th-june-mega-walk-in-drive-tata-consultancy-services-india-4-to-9-years-040626026581
Walk-in || Power Bi Developer,Quest Global,Unknown,Not Available,Not Available,"Power Bi, SQL, Python, Development, Bi",Power Bi Developer,Naukri,2 days ago,https://www.naukri.com/job-listings-power-bi-developer-quest-global-bengaluru-2-to-5-years-040626009522
Power BI Developer,Apex 2000 INC,Bengaluru,5-8 Yrs,Not Available,"mdx, microsoft power bi, data analysis, ssas, bi, power bi, data warehousing, problem solving",Power Bi Developer,Naukri,2 days ago,https://www.naukri.com/job-listings-power-bi-developer-apex-2000-inc-bengaluru-5-to-8-years-040626500627
Power Bi Developer,KPI Partners,"Hybrid - Hyderabad, Pune, Bengaluru",6-11 Yrs,Not Available,"Power Bi, Dax, Reporting, SQL, Development, Bi",Power Bi Developer,Naukri,1 day ago,https://www.naukri.com/job-listings-power-bi-developer-kpi-partners-hyderabad-pune-bengaluru-6-to-11-years-050626026583
Power Bi Developer,Sysedge Micro Informatics Private Limited,Kolkata,3-6 Yrs,5-11 Lacs PA,"Power Bi, SQL, Power Bi Development, Power Bi Reports, Power Query, Reporting, Bi Development, Birt",Power Bi Developer,Naukri,2 days ago,https://www.naukri.com/job-listings-power-bi-developer-sys-edge-micro-informatics-kolkata-3-to-6-years-040626012309
Power Bi Developer,Tata Consultancy Services,Visakhapatnam,4-9 Yrs,Not Available,"Power Bi, Dax, ETL, SQL, Development, Bi",Power Bi Developer,Naukri,1 day ago,https://www.naukri.com/job-listings-power-bi-developer-tata-consultancy-services-visakhapatnam-4-to-9-years-050626024438
Power BI Developer,Jobility,"Hybrid - Noida, Bengaluru",8-13 Yrs,25-30 Lacs PA,"Power Bi Reports, Snowflake, Capital Market, Investment Banking, Power Bi, Microsoft Power Bi, SQL, Microsoft",Power Bi Developer,Naukri,1 day ago,https://www.naukri.com/job-listings-power-bi-developer-jobility-noida-bengaluru-8-to-13-years-040626034467
Walk-in || Power Bi Developer,Tata Consultancy Services,Unknown,Not Available,Not Available,"Data Quality, Power Bi, Snowflake, ETL, Python, Data Security, Data Governance, Governance",Power Bi Developer,Naukri,1 day ago,https://www.naukri.com/job-listings-power-bi-developer-tata-consultancy-services-pune-4-to-9-years-050626018220
Power Bi Developer,Manpowergroup Services India,"Hybrid - Hyderabad, Pune, Bengaluru",6-10 Yrs,Not Available,"Power Bi, Tableau, Analytics, Development, Bi",Power Bi Developer,Naukri,1 day ago,https://www.naukri.com/job-listings-power-bi-developer-manpowergroup-services-india-hyderabad-pune-bengaluru-6-to-10-years-040626033257
Power Bi Developer,Tata Power,Odisha,3-6 Yrs,Not Available,"Microsoft Power BI, Azure Data Lake, Business Intelligence, Power Bi, Data Analysis, Data Visualization, Data Modeling, Data Warehousing",Power Bi Developer,Naukri,1 week ago,https://www.naukri.com/job-listings-power-bi-developer-tata-power-odisha-3-to-6-years-300526010870
Power Bi Developer,Larsen & Toubro (L&T),Bengaluru,4-7 Yrs,Not Available,"Power Bi, Dax, Data Modeling, Power Query, sql, Dax Queries, Microsoft Power Bi, Data Visualization",Power Bi Developer,Naukri,5 days ago,https://www.naukri.com/job-listings-power-bi-developer-larsen-toubro-l-t-bengaluru-4-to-7-years-010626002942
Power BI Developer,Meeden Labs,Bengaluru,5-11 Yrs,Not Available,"Power Bi, Dax, Tableau, Data Modeling, Modeling, Development, Data, Bi",Power Bi Developer,Naukri,1 day ago,https://www.naukri.com/job-listings-power-bi-developer-meeden-labs-bengaluru-5-to-11-years-050626019266
Walkin Drive Kolkata - Power BI Developer,Tata Consultancy Services,Unknown,Not Available,Not Available,"Power Bi, Dax, Power Query, Drives, Query, Bi, Development",Power Bi Developer,Naukri,1 day ago,https://www.naukri.com/job-listings-walkin-drive-kolkata-power-bi-developer-tata-consultancy-services-kolkata-4-to-8-years-040626034704
Power Bi Developer - 21st March (Saturday) - Virtual Interview,Tata Consultancy Services,India,4-9 Yrs,Not Available,"Power Bi, Dax Queries, Power Bi Reports, Power Bi Dashboards, Microsoft Power Bi, Data Visualization, Dax, Power Bi Desktop",Power Bi Developer,Naukri,3 days ago,https://www.naukri.com/job-listings-power-bi-developer-21st-march-saturday-virtual-interview-tata-consultancy-services-india-4-to-9-years-190326030208
Power Bi Developer - 19 March (Thursday)- Virtual Interview-Pan India,Tata Consultancy Services,"India, Bengaluru, Delhi / NCR",4-6 Yrs,Not Available,"Power Bi, Data Visualization, Dashboards, SQL, Dax Queries, Business Intelligence, Dax, Tableau",Power Bi Developer,Naukri,1 day ago,https://www.naukri.com/job-listings-power-bi-developer-19-march-thursday-virtual-interview-pan-india-tata-consultancy-services-bengaluru-delhi-ncr-india-4-to-6-years-050126003225
Power Bi Developer,Tata Consultancy Services,Noida,8-12 Yrs,Not Available,"Power Bi Reports, Bi Development, Power Bi, Dashboard Development, Power Bi Desktop, Power Query, Development, Birt",Power Bi Developer,Naukri,3 days ago,https://www.naukri.com/job-listings-power-bi-developer-tata-consultancy-services-noida-8-to-12-years-020626023086
Power Bi Developer,Tata Consultancy Services,"Noida, New Delhi, Delhi / NCR",4-9 Yrs,Not Available,"Power Bi, Data Visualization, SQL, Bi, Development, Data",Power Bi Developer,Naukri,1 day ago,https://www.naukri.com/job-listings-power-bi-developer-tata-consultancy-services-noida-new-delhi-delhi-ncr-4-to-9-years-050626009848
Data Analyst/ Power BI Developer,Ethiqual Global,Pune,3-5 Yrs,6.5-8 Lacs PA,"Data Analytics, Power Bi Dashboards, Power Bi, Data Visualization, Dax, Dashboards, SQL, Python",Power Bi Developer,Naukri,1 week ago,https://www.naukri.com/job-listings-data-analyst-power-bi-developer-ethiqual-global-pune-3-to-5-years-250526009171
Power BI / ETL Developer - Staff,EY,Bengaluru,4-9 Yrs,Not Available,"Etl Developer, Etl Pipelines, Azure, Capital Markets, Power Bi, Coaching, Architecture, Servicenow",Power Bi Developer,Naukri,1 week ago,https://www.naukri.com/job-listings-power-bi-etl-developer-staff-ernst-young-llp-bengaluru-4-to-9-years-260526926788
Power Bi Developer,ProductDossier,Pune,4-8 Yrs,6-14 Lacs PA,"Business Intelligence, Customer Facing, Tableau, Data Analytics, Stakeholder Management, Leadership, KPI, Microsoft Power Bi",Power Bi Developer,Naukri,4 days ago,https://www.naukri.com/job-listings-power-bi-developer-productdossier-pune-4-to-8-years-020626023583
Power Bi Developer,Caprus It,Hybrid - Bengaluru,6-11 Yrs,8-18 Lacs PA,"python, power bi, Tableau, ETL, SQL, Agile, Data Warehousing, Development",Power Bi Developer,Naukri,3 days ago,https://www.naukri.com/job-listings-power-bi-developer-caprus-it-bengaluru-6-to-11-years-030626011253
Power BI Developer,Diverse Lynx,Bengaluru,2-7 Yrs,Not Available,"data analysis, ssas, bi, power bi, data warehousing, problem solving, dashboards, sql server",Power Bi Developer,Naukri,3 days ago,https://www.naukri.com/job-listings-power-bi-developer-diverse-lynx-bengaluru-2-to-7-years-030626503759
Power Bi Developer,The Briminc,Pune,3-6 Yrs,Not Available,"Performance tuning, Web technologies, Data modeling, Cloud Services, Web development, power bi, data visualization, SQL Azure",Power Bi Developer,Naukri,3 days ago,https://www.naukri.com/job-listings-power-bi-developer-the-briminc-pune-3-to-6-years-030626502659
Power Bi Developer,Y&L Consulting,Remote,7-12 Yrs,10-20 Lacs PA,"Power Bi, Insurance domain, Microsoft Fabric, Dax, Data Modeling, semantic modeling, Fabric, SQL",Power Bi Developer,Naukri,5 days ago,https://www.naukri.com/job-listings-power-bi-developer-y-l-consulting-hyderabad-7-to-12-years-010626003132
Walkin drive For Power BI Developer on 9 &10th June @Pune,Infosys BPM,Unknown,Not Available,Not Available,"Power Bi, Power Query /, DAX, Power BI Desktop, Power BI Service, Desktop, Drives, Power Query",Power Bi Developer,Naukri,5 days ago,https://www.naukri.com/job-listings-walkin-drive-for-power-bi-developer-on-9-10th-june-pune-infosys-bpm-pune-2-to-4-years-010626027182
Power Bi Developer,Statusneo Technology Consulting,"Gurugram, Bengaluru",6-10 Yrs,5-15 Lacs PA,"Power Bi Reports, Dax Queries, Star Schema, Snowflake, Dax, Data Modeling, Power Bi Desktop, Power Query",Power Bi Developer,Naukri,4 days ago,https://www.naukri.com/job-listings-power-bi-developer-statusneo-technology-consulting-gurugram-bengaluru-6-to-10-years-020626019753
Power BI Developer | SQL | ADF - Hyderabad,SAI Life Sciences,Hyderabad,2-3 Yrs,Not Available,"Power Bi, Elt, Power Query, SQL, Power Bi Development, Azure Data Factory, Blob Storage, Dax",Power Bi Developer,Naukri,5 days ago,https://www.naukri.com/job-listings-power-bi-developer-sql-adf-hyderabad-sai-life-sciences-hyderabad-2-to-3-years-010626013538
Power BI Developer,Ashirvad Pipes,Bengaluru,2-6 Yrs,Not Available,"Power Bi Reports, Power Bi, Dax Queries, Power Query, Development, Birt, Reporting, Dax",Power Bi Developer,Naukri,1 week ago,https://www.naukri.com/job-listings-power-bi-developer-ashirvad-pipes-bengaluru-2-to-6-years-260526018694
Power Bi Developer,Multinational Company,Bengaluru,6-9 Yrs,Not Available,"Power Bi, Data Migration, RLS, Dax, ETL, Snowflake, SSIS, Development",Power Bi Developer,Naukri,1 week ago,https://www.naukri.com/job-listings-power-bi-developer-align-knowledge-centre-bengaluru-6-to-9-years-260526014004
Power Bi Developer,Lufthansa Technik AG,Hybrid - Bengaluru(Hebbal),4-7 Yrs,Not Available,"Azure Synapse, Power Bi, Power Automate, Powerapps, SQL, Azure Cloud, Dax, Development",Power Bi Developer,Naukri,5 days ago,https://www.naukri.com/job-listings-power-bi-developer-lufthansa-technik-services-india-bengaluru-4-to-7-years-010626026139
Power Bi Developer,ALLIANZ SERVICES PRIVATE LIMITED,Hybrid - Thiruvananthapuram,7-10 Yrs,Not Available,"Power Bi, Python, Dax, Modeling, SQL, Bi, Development",Power Bi Developer,Naukri,1 week ago,https://www.naukri.com/job-listings-power-bi-developer-allianz-services-private-limited-thiruvananthapuram-7-to-10-years-290526007180
Power Bi Developer,Tech Mahindra,Bengaluru,6-11 Yrs,Not Available,"Power Bi, Power Automate, Dax, Power Query, Powerapps, Development, Query, Bi",Power Bi Developer,Naukri,1 week ago,https://www.naukri.com/job-listings-power-bi-developer-tech-mahindra-bengaluru-6-to-11-years-280526019514
Power Bi Developer,Fint Solutions,Hybrid - Hyderabad,6-9 Yrs,Not Available,"Power Bi, Banking Sector, Azure Data Factory, Snowflake, Dax, SQL Server, SQL, Serv",Power Bi Developer,Naukri,5 days ago,https://www.naukri.com/job-listings-power-bi-developer-fint-solutions-hyderabad-6-to-9-years-010626010300
Power BI( Report Developer) - 21st May - Virtual Drive - Noida,Tata Consultancy Services,Noida,8-13 Yrs,Not Available,"Business Intelligence Reporting, Power Bi, Dashboards, Development, Report Development, Drives, Business intelligence, Bi",Power Bi Developer,Naukri,3 days ago,https://www.naukri.com/job-listings-power-bi-report-developer-21st-may-virtual-drive-noida-tata-consultancy-services-noida-8-to-13-years-180526011536
Power BI( Report Developer) - 27 May (Wed) - Virtual Drive - Noida,Tata Consultancy Services,Noida,8-13 Yrs,Not Available,"Power Bi, Reporting Tools, Business Intelligence Reporting, Data Visualization, Dashboards, Tools, Development, Report Development",Power Bi Developer,Naukri,3 days ago,https://www.naukri.com/job-listings-power-bi-report-developer-27-may-wed-virtual-drive-noida-tata-consultancy-services-noida-8-to-13-years-250526001651
Power BI Report Developer,Collar Search,Chennai,6-11 Yrs,Not Available,"Power Bi, Dax, Qlik, Reporting, Bi, Development",Power Bi Developer,Naukri,2 days ago,https://www.naukri.com/job-listings-power-bi-report-developer-collar-search-chennai-6-to-11-years-040626000146
Power Bi Developer,Tata Consultancy Services(TCS),Bengaluru,6-11 Yrs,15-25 Lacs PA,"Power Bi Development, Power Bi, SQL, Development, Bi Development, Bi",Power Bi Developer,Naukri,1 week ago,https://www.naukri.com/job-listings-power-bi-developer-black-and-white-business-solutions-bengaluru-6-to-11-years-290526014172
Power Bi Developer,Leading Client,Bengaluru,4-6 Yrs,Not Available,"Power Bi, Data Quality, Data Wrangling, Kyc, Banking Systems, Banking, Data Analysis, Reporting Tools",Power Bi Developer,Naukri,1 week ago,https://www.naukri.com/job-listings-power-bi-developer-ideslabs-private-limited-bengaluru-4-to-6-years-280526921519
Sas Developer (With Power BI),Coforge,Gurugram,2-4 Yrs,Not Available,"Power Bi, SAS, SAS SQL, Microsoft Power Bi, SAS Programming, Dax, Analytics, SQL",Power Bi Developer,Naukri,4 days ago,https://www.naukri.com/job-listings-sas-developer-with-power-bi-coforge-gurugram-2-to-4-years-020626004134
Power BI Developer MS Fabric,Sparix Global,Noida,4-8 Yrs,Not Available,"vendor management, wfo, leadership hiring, support hiring, team management, requisition, cms, teaching",Power Bi Developer,Naukri,1 week ago,https://www.naukri.com/job-listings-power-bi-developer-ms-fabric-sparix-global-private-limited-noida-4-to-8-years-260526502731
Power Bi Developer-Freelancing/Contractual,Webtel Electrosoft,Hybrid - Faridabad,5-10 Yrs,Not Available,"Dax, Power Bi Reports, SQL Queries, ETL, SQL, Contracts, Query, Power Bi",Power Bi Developer,Naukri,2 weeks ago,https://www.naukri.com/job-listings-power-bi-developer-freelancing-contractual-webtel-electrosoft-faridabad-5-to-10-years-220526032398
Power BI Developer - Power BI & SQL,Jero Technologies,"Noida, Pune, Gurugram",6-11 Yrs,Not Available,"Power BI, BI Reporting, Power BI Reports, Stored Procedures, Insurance, Data Analyst, Power BI Developer, DAX",Power Bi Developer,Naukri,1 week ago,https://www.naukri.com/job-listings-power-bi-developer-power-bi-sql-jero-technologies-noida-pune-gurugram-6-to-11-years-260526926708
Power BI Developer,Apex 2000 INC,Chennai,5-8 Yrs,Not Available,"power bi reports, data analysis, ssas, bi, power bi, problem solving, dashboards, sql server",Power Bi Developer,Naukri,1 week ago,https://www.naukri.com/job-listings-power-bi-developer-apex-2000-inc-chennai-5-to-8-years-250526503273
Power Bi Developer,NuStar,Gurugram,5-10 Yrs,Not Available,"Power BI, SQL, Visualization, BI Developer, BFSI, Dashboard, Reporting, Power Query",Power Bi Developer,Naukri,1 week ago,https://www.naukri.com/job-listings-power-bi-developer-nustar-technologies-gurugram-5-to-10-years-280526031755
Opening For power BI developer,Tekskills India Pvt ltd,Hyderabad,10-15 Yrs,Not Available,"Power Bi, power apps, Api Integration, Power Automate, Power Platform, process automation, Development, API",Power Bi Developer,Naukri,1 week ago,https://www.naukri.com/job-listings-opening-for-power-bi-developer-tekskills-hyderabad-10-to-15-years-290526921112
Power Bi Developer,Jio,"Navi Mumbai, Mumbai (All Areas)(Ghansoli +1)",3-5 Yrs,8-12 Lacs PA,"Query Writing, Power BI, Data Visualization, DAX, SQL, Microsoft Power Bi, Dashboard Development, Writing",Power Bi Developer,Naukri,1 day ago,https://www.naukri.com/job-listings-power-bi-developer-jobuss-resources-navi-mumbai-mumbai-all-areas-3-to-5-years-050626012158
Power BI Developer,CMM Level 5 IT Company,Pune,4-6 Yrs,Not Available,"Power BI, BI Developer, Data Visualization, Power BI Developer, Dashboard Development, Business Intelligence, MIS Reporting, Banking Reports",Power Bi Developer,Naukri,1 week ago,https://www.naukri.com/job-listings-power-bi-developer-experis-pune-4-to-6-years-180526002728
Power BI developer- Chennai Work loc | F2F interview in Bangalore-30th,MNC Group,Hybrid - Chennai,7-12 Yrs,18-22.5 Lacs PA,"Power Bi, Dax, SQL, Interviewing, Bi, Development",Power Bi Developer,Naukri,1 week ago,https://www.naukri.com/job-listings-power-bi-developer-chennai-work-loc-f2f-interview-in-bangalore-30th-mnc-group-chennai-7-to-12-years-250526035418
Power Bi Developer,Datatobiz,Remote,1-2 Yrs,2-5 Lacs PA,"Power Bi, Data Visualization, Data Modeling, SQL, Python, Development, Data, Modeling",Power Bi Developer,Naukri,1 week ago,https://www.naukri.com/job-listings-power-bi-developer-datatobiz-mohali-1-to-2-years-260526025756
Power Bi Developer,Recruito,Remote,6-8 Yrs,15-22.5 Lacs PA,"Big Data, Power Bi, Data Modeling, Modeling, Bi, Development, Data",Power Bi Developer,Naukri,1 week ago,https://www.naukri.com/job-listings-power-bi-developer-recruito-hyderabad-6-to-8-years-280526011522
Power Bi Developer,Product Company,Hyderabad,4-8 Yrs,Not Available,"Power Bi, Power Automate, Powerapps, Power Bi Reports, Microsoft Power Bi, Dax, Microsoft, Reporting",Power Bi Developer,Naukri,1 week ago,https://www.naukri.com/job-listings-power-bi-developer-the-glove-hyderabad-4-to-8-years-250526033658
Power Bi Developer,Leading Client,Hyderabad,5-10 Yrs,Not Available,"Bi Developer, Power Bi, Sql Server, Cloud, Dax, Databricks, Power Query, Sql",Power Bi Developer,Naukri,1 week ago,https://www.naukri.com/job-listings-power-bi-developer-ideslabs-private-limited-hyderabad-5-to-10-years-280526921175
Power BI Developer,Leading Client,Hyderabad,5-10 Yrs,Not Available,"Power Bi, Design, Data Quality, Data Visualization, Dax, Reporting Tools, Sql, Recruitment",Power Bi Developer,Naukri,1 week ago,https://www.naukri.com/job-listings-power-bi-developer-ideslabs-private-limited-hyderabad-5-to-10-years-280526913823
Power Bi Developer / Lead,Leading Client,Hyderabad,8-13 Yrs,Not Available,"Power Bi, Architecture, Embedded, Active Directory, Directory, Development, Embedded systems, Bi",Power Bi Developer,Naukri,1 week ago,https://www.naukri.com/job-listings-power-bi-developer-lead-tekskills-india-private-limited-hyderabad-8-to-13-years-290526917484
Power Bi Developer,Tekskills,Noida,6-11 Yrs,Not Available,"Power Bi Reports, Power Bi, Microsoft Power Bi, Microsoft, MSBI, Development, Birt, Bi",Power Bi Developer,Naukri,1 week ago,https://www.naukri.com/job-listings-power-bi-developer-tekskills-noida-6-to-11-years-290526920688
Opening For power BI developer,Tekskills India Pvt ltd,Chennai,10-15 Yrs,Not Available,"Power Bi, power apps, Api Integration, Power Automate, Power Platform, process automation, Development, API",Power Bi Developer,Naukri,1 week ago,https://www.naukri.com/job-listings-opening-for-power-bi-developer-tekskills-chennai-10-to-15-years-290526921109
Power Bi Developer,Tekskills,Hyderabad,8-13 Yrs,Not Available,"Power automate, python, SQL, Scripting, Bi, Power Bi, Development",Power Bi Developer,Naukri,1 week ago,https://www.naukri.com/job-listings-power-bi-developer-tekskills-india-hyderabad-8-to-13-years-290526919180
Power Bi Developer,Tekskills,Delhi / NCR,8-13 Yrs,Not Available,"Power automate, python, SQL, Scripting, Development, Power Bi, Bi",Power Bi Developer,Naukri,1 week ago,https://www.naukri.com/job-listings-power-bi-developer-tekskills-india-delhi-ncr-8-to-13-years-290526919209
Power Bi Developer,Tekskills,Gurugram,8-13 Yrs,Not Available,"Power automate, python, SQL, Scripting, Development, Power Bi, Bi",Power Bi Developer,Naukri,1 week ago,https://www.naukri.com/job-listings-power-bi-developer-tekskills-india-gurugram-8-to-13-years-290526919160
Power Bi Developer,Tekskills,Mumbai (All Areas),8-13 Yrs,Not Available,"Power automate, python, SQL, Scripting, Development, Power Bi, Bi",Power Bi Developer,Naukri,1 week ago,https://www.naukri.com/job-listings-power-bi-developer-tekskills-india-mumbai-all-areas-8-to-13-years-290526919147
Power BI Developer - 17 April (Friday) - Virtual Interview - Pan India,Tata Consultancy Services,"Hyderabad, India, Bengaluru",7-12 Yrs,Not Available,"Power Bi, Power Bi Reports, Power Bi Dashboards, Microsoft Power Bi, Power Bi Desktop, Desktop, Microsoft, Reporting",Power Bi Developer,Naukri,3 days ago,https://www.naukri.com/job-listings-power-bi-developer-17-april-friday-virtual-interview-pan-india-tata-consultancy-services-hyderabad-bengaluru-india-7-to-12-years-150426034803
Power Bi Developer (SQL+Yardi),Gallagher & Mohan,"Vijayawada, Visakhapatnam, Guntur, Nellore",6-11 Yrs,Not Available,"ERP, Data modeling, Financial analysis, Analytical, Stored procedures, Business intelligence, Operations, Private equity",Power Bi Developer,Naukri,3+ weeks ago,https://www.naukri.com/job-listings-power-bi-developer-sql-yardi-gallagher-and-mohan-vijayawada-visakhapatnam-guntur-nellore-6-to-11-years-020326502432
Power Bi Developer / Power Bi Analyst,Gokaldas Exports,Bengaluru,8-12 Yrs,Not Available,"Power Bi Reports, power bi dashboards, dax calculations, KPI, Development, Birt, Calculation, Reporting",Power Bi Developer,Naukri,3 weeks ago,https://www.naukri.com/job-listings-power-bi-developer-power-bi-analyst-gokaldas-exports-bengaluru-8-to-12-years-160526016784
Power Bi Developer,Tata Consultancy Services,"Hyderabad, Pune, Bengaluru",9-14 Yrs,Not Available,"Power Bi, Architecture, Dax, Power Query, Query, Bi, Development",Power Bi Developer,Naukri,2 weeks ago,https://www.naukri.com/job-listings-power-bi-developer-tata-consultancy-services-hyderabad-pune-bengaluru-9-to-14-years-170526004733
Power BI Developer,ASoft Global Solutions Inc.,Visakhapatnam,5-10 Yrs,Not Available,"Data modeling, Cloud Services, query, power bi, Management, microsoft, SQL, Modeling",Power Bi Developer,Naukri,3+ weeks ago,https://www.naukri.com/job-listings-power-bi-developer-asoft-global-solutions-inc-visakhapatnam-5-to-10-years-020126502076
Power BI Developer,Neoquant Solutions,Mumbai (All Areas),3-8 Yrs,Not Available,"Power Bi, Dax, SQL, SSRS, ETL, SSIS, Development, Bi",Power Bi Developer,Naukri,3 days ago,https://www.naukri.com/job-listings-power-bi-developer-neoquant-solutions-mumbai-all-areas-3-to-8-years-030626015328
Software Developer - Power BI,Bahwan CyberTek,Mumbai,3-6 Yrs,Not Available,"Computer science, Performance tuning, Data analysis, Backend, Data modeling, Schema, E-governance, Stored procedures",Power Bi Developer,Naukri,1 week ago,https://www.naukri.com/job-listings-software-developer-power-bi-bahwan-cybertek-mumbai-3-to-6-years-270526500754
Power BI Developer | DAX Power Query | Azure Data Platform 2+yrs Pune,White Horse Technologies,Pune,2-7 Yrs,5-6 Lacs PA,"Power BI Developer, Advanced DAX, Business Intelligence, Report Development, Power BI, BI Developer, DAX, Power BI Desktop",Power Bi Developer,Naukri,5 days ago,https://www.naukri.com/job-listings-power-bi-developer-dax-power-query-azure-data-platform-2-yrs-pune-white-horse-manpower-consultancy-pune-2-to-7-years-010626024542
Power Bi Developer,Iitjobs Inc.,Hybrid - Pune,5-10 Yrs,Not Available,"Automate, Platform, BI, Power, Power BI, Power Automate, Power Platform, Development",Power Bi Developer,Naukri,1 week ago,https://www.naukri.com/job-listings-power-bi-developer-iitjobs-inc-pune-5-to-10-years-260526012780
Power Apps/Power BI Developer,Hitachi Energy,Chennai,5-10 Yrs,Not Available,"power apps, power automate, Microsoft Power Automate, power bi, Power Platform, Application, Development, Microsoft",Power Bi Developer,Naukri,3+ weeks ago,https://www.naukri.com/job-listings-power-apps-power-bi-developer-hitachi-energy-chennai-5-to-10-years-050526023582
Power BI Developer,Aon,Bengaluru,7-10 Yrs,Not Available,"Power Bi, .Net, databricks, C#, Development, Data Bricks, Bi",Power Bi Developer,Naukri,2 weeks ago,https://www.naukri.com/job-listings-power-bi-developer-aon-bengaluru-7-to-10-years-210526015660
Lead Software Developer - Power BI/ Power Apps,Leading Client,"Mumbai, Hyderabad, Bengaluru",6-11 Yrs,Not Available,"Power BI, Data analyst, Power Apps, Power Automate Desktop, Powerquery, SQL, Development, Data",Power Bi Developer,Naukri,1 week ago,https://www.naukri.com/job-listings-lead-software-developer-power-bi-power-apps-golden-opportunities-mumbai-hyderabad-bengaluru-6-to-11-years-250526925857
Power BI and Platform Developer,SA Technologies,Bengaluru,20-25 Yrs,Not Available,"IT services, Process improvement, power bi, CMMI, microsoft, Licensing, Sharepoint, office 365",Power Bi Developer,Naukri,1 week ago,https://www.naukri.com/job-listings-power-bi-and-platform-developer-sa-technologies-bengaluru-20-to-25-years-280526504714
Power Bi Developer / Lead,Leading Client,Chennai,8-13 Yrs,Not Available,"Power Bi, Architecture, Embedded, Active Directory, Directory, Development, Embedded systems, Bi",Power Bi Developer,Naukri,1 week ago,https://www.naukri.com/job-listings-power-bi-developer-lead-tekskills-india-private-limited-chennai-8-to-13-years-290526917482
Power Bi Developer,Tekskills,Pune,8-13 Yrs,Not Available,"Power automate, python, SQL, Scripting, Development, Power Bi, Bi",Power Bi Developer,Naukri,1 week ago,https://www.naukri.com/job-listings-power-bi-developer-tekskills-india-pune-8-to-13-years-290526919132
Power Bi Developer-sv,Infosys,Hybrid - Hyderabad,3-8 Yrs,Not Available,"Power Bi, Unix, Power Bi Dashboards, Tableau, SQL, Dashboards, Bi",Power Bi Developer,Naukri,3 weeks ago,https://www.naukri.com/job-listings-power-bi-developer-sv-infosys-hyderabad-3-to-8-years-130526044495
Power Bi Developer (3-8 yrs) sv,Infosys,Hybrid - Hyderabad,3-8 Yrs,Not Available,"Power Bi Dashboards, Dax, Dax Queries, Data Visualization, Tableau, SQL, Development, Data",Power Bi Developer,Naukri,3 weeks ago,https://www.naukri.com/job-listings-power-bi-developer-3-8-yrs-sv-infosys-hyderabad-3-to-8-years-150526031191
Power Bi Developer | DAX | Power Query | ETL-Hyderabad,Infosys,Hybrid - Hyderabad,3-8 Yrs,Not Available,"Power Bi, Tableau, Unix, SQL, Power Query, Query, Bi, Dax",Power Bi Developer,Naukri,3 weeks ago,https://www.naukri.com/job-listings-power-bi-developer-dax-power-query-etl-hyderabad-infosys-hyderabad-3-to-8-years-140526036786
Power BI Developer (Mid-Level),Infosys,Chennai,5-7 Yrs,Not Available,"bi developer, python, sap, azure sql, power bi, cloud platforms, business intelligence, data analyst",Power Bi Developer,Naukri,2 weeks ago,https://www.naukri.com/job-listings-power-bi-developer-mid-level-infosys-limited-chennai-5-to-7-years-180526925232
Power Bi Developer - Inperson Interview @Kochi - 25th Apr (Saturday),Tata Consultancy Services,Kochi,3-8 Yrs,Not Available,"Power Bi, Business Intelligence Reporting, Data Visualization, Dashboards, Data Analytics, Reporting Tools, Intelligence, Business intelligence",Power Bi Developer,Naukri,3 days ago,https://www.naukri.com/job-listings-power-bi-developer-inperson-interview-kochi-25th-apr-saturday-tata-consultancy-services-kochi-3-to-8-years-170426004810
Power Bi Developer-Hyderabad (Female candidates),Infosys,Hybrid - Hyderabad,3-8 Yrs,Not Available,"Power Bi, Tableau, Unix, SQL, Bi",Power Bi Developer,Naukri,2 weeks ago,https://www.naukri.com/job-listings-power-bi-developer-hyderabad-female-candidates-infosys-hyderabad-3-to-8-years-200526022716
Power Bi Developer,Sonata Software,Hybrid - Bengaluru,6-8 Yrs,Not Available,"Power BI, Tableau, SQL, Development, Bi",Power Bi Developer,Naukri,3+ weeks ago,https://www.naukri.com/job-listings-power-bi-developer-sonata-software-bengaluru-6-to-8-years-070526034075
Power BI Developer,Infosys,Pune,5-9 Yrs,Not Available,"bi developer, data retrieval, medical, ai, power platform, power bi, analytical skills, business intelligence",Power Bi Developer,Naukri,3 weeks ago,https://www.naukri.com/job-listings-power-bi-developer-infosys-limited-pune-5-to-9-years-110526928505
Power Bi Developer,Infiniti Research,Hybrid - Bengaluru,1-3 Yrs,10-12 Lacs PA,"Power Bi, Dax, SQL, Development, Bi",Power Bi Developer,Naukri,2 weeks ago,https://www.naukri.com/job-listings-power-bi-developer-infiniti-research-bengaluru-1-to-3-years-180526003420
Power Bi Developer,CGI,Hybrid - Chennai,9-14 Yrs,Not Available,"Pagination, Dax, powerBI, sql, Bi, Power Bi, Development",Power Bi Developer,Naukri,3 weeks ago,https://www.naukri.com/job-listings-power-bi-developer-cgi-chennai-9-to-14-years-140526033033
MS Power BI Developer,XTGlobal,Visakhapatnam,8-13 Yrs,Not Available,"Data analysis, Data modeling, Analytical, Functional testing, power bi, Scheduling, Test cases, microsoft",Power Bi Developer,Naukri,3+ weeks ago,https://www.naukri.com/job-listings-ms-power-bi-developer-xenosoft-technologies-india-pvt-ltd-visakhapatnam-8-to-13-years-080426504894
Power Apps Power BI Developer,Thoucentric,"Hubli, Mangaluru, Mysuru, Bengaluru, Belgaum",3-8 Yrs,Not Available,"Data analysis, Automation, Data modeling, Database management, Consulting, power bi, data visualization, Technical support",Power Bi Developer,Naukri,3+ weeks ago,https://www.naukri.com/job-listings-power-apps-power-bi-developer-thoucentric-hubli-mangaluru-mysuru-bengaluru-belgaum-3-to-8-years-210625501488
Power Bi Developer,Tata Consultancy Services,"Kolkata, Chennai, Delhi / NCR",9-14 Yrs,Not Available,"Power Bi, Architecture, Dax, Power Query, Development, Bi, Query",Power Bi Developer,Naukri,2 weeks ago,https://www.naukri.com/job-listings-power-bi-developer-tata-consultancy-services-kolkata-chennai-delhi-ncr-9-to-14-years-170526004738
Power Bi Developer,Tata Consultancy Services,Mumbai (All Areas),6-10 Yrs,Not Available,"Power Bi Dashboards, Power Bi, Dax, Power Query, Power Bi Reports, Pagination, Semantic, SQL",Power Bi Developer,Naukri,3 weeks ago,https://www.naukri.com/job-listings-power-bi-developer-tata-consultancy-services-mumbai-all-areas-6-to-10-years-130526026291
Power BI Developer,Taurianmps,Roorkee,5-10 Yrs,Not Available,"Computer science, advanced analytics, ERP, Sales HR, Data modeling, Analytical, power bi, Data analytics",Power Bi Developer,Naukri,3+ weeks ago,https://www.naukri.com/job-listings-power-bi-developer-taurian-mps-roorkee-5-to-10-years-060326505590
Power BI Developer,Infobeans,"Indore, Pune",7-12 Yrs,0-32 Lacs PA,"Power Bi, Dax, Dax Queries, Power Bi Reports, Business Intelligence, Power Bi Dashboards, Microsoft Power Bi, Bi",Power Bi Developer,Naukri,3 weeks ago,https://www.naukri.com/job-listings-power-bi-developer-infobeans-indore-pune-7-to-12-years-130526022267
Power Bi Developer,Saba Well Sdc India,Kolkata,2-6 Yrs,4-8 Lacs PA,"Power Bi, Azure, GCP, Dax, SQL, Development, Microsoft Azure, Bi",Power Bi Developer,Naukri,1 week ago,https://www.naukri.com/job-listings-power-bi-developer-saba-well-sdc-india-kolkata-2-to-6-years-280526019005
Power BI Developers Job Openings,Vedamcloud Technologies,Remote,3-7 Yrs,7.5-17 Lacs PA,"PLSQL, SQL, Oracle Apps Technical, Rice Components, Oracle Database, XML Publisher Reports, Oracle, Development",Power Bi Developer,Naukri,1 week ago,https://www.naukri.com/job-listings-power-bi-developers-openings-vedamcloud-technologies-hyderabad-3-to-7-years-270526039515
Power BI- Fullstack Developer,teksills,Hybrid - Pune,6-11 Yrs,Not Available,"Power Bi, rest api, Ansible, Python, SQL, Rest, API, Full Stack",Power Bi Developer,Naukri,1 week ago,https://www.naukri.com/job-listings-power-bi-fullstack-developer-tekskills-pune-6-to-11-years-290526918546
Power BI Developer | Infosys,Logic Planet,"Kolkata, Mumbai, New Delhi, Hyderabad, Pune, Chennai, Bengaluru",5-8 Yrs,Not Available,"sap, power bi, user experience, sql, data quality, operations, data modeling, design",Power Bi Developer,Naukri,3+ weeks ago,https://www.naukri.com/job-listings-power-bi-developer-infosys-logicplanet-it-services-kolkata-mumbai-new-delhi-hyderabad-pune-chennai-bengaluru-5-to-8-years-200226504847
Power BI Developer Manufacturing_Infosys,Logic Planet,"Kolkata, Mumbai, New Delhi, Hyderabad, Pune, Chennai, Bengaluru",8-10 Yrs,Not Available,"sap, power bi, user experience, sql, data quality, operations, data modeling, design",Power Bi Developer,Naukri,3+ weeks ago,https://www.naukri.com/job-listings-power-bi-developer-manufacturing-infosys-logicplanet-it-services-kolkata-mumbai-new-delhi-hyderabad-pune-chennai-bengaluru-8-to-10-years-200226504722
Power BI Developer,Crisil,Pune,3-7 Yrs,Not Available,"Computer science, Performance tuning, Data validation, Data modeling, MIS, Business analytics, Analytical, Schema",Power Bi Developer,Naukri,3+ weeks ago,https://www.naukri.com/job-listings-power-bi-developer-crisil-pune-3-to-7-years-030326501588
Power BI Developer/Analyst,Aivantage Global,Ahmedabad,2-7 Yrs,Not Available,"Computer science, Performance tuning, Data analysis, Data modeling, Business analytics, data integrity, QlikView, Business intelligence",Power Bi Developer,Naukri,3+ weeks ago,https://www.naukri.com/job-listings-power-bi-developer-analyst-aivantage-inc-global-ahmedabad-2-to-7-years-190525501718
Power Bi Developer,Emids Technologies,"Hybrid - Hyderabad, Bengaluru",5-10 Yrs,15-25 Lacs PA,"Power Bi, PostgreSQL, Report Builder, Dax, Fabric, Power Query, SQL, Reporting",Power Bi Developer,Naukri,2 weeks ago,https://www.naukri.com/job-listings-power-bi-developer-emids-technologies-hyderabad-bengaluru-5-to-10-years-180526008039
Power BI developer,job Store Consulting,Coimbatore,2-6 Yrs,Not Available,"SSAS, SSRS, power bi, HR, Salesforce, Hrsd, Ssa, Bi",Power Bi Developer,Naukri,3+ weeks ago,https://www.naukri.com/job-listings-power-bi-developer-store-consulting-coimbatore-2-to-6-years-100125505063
Power BI Developer,Intralog Automation,Bengaluru,3-6 Yrs,Not Available,"data analysis, ssas, bi, power bi, data warehousing, dbms, business intelligence, dashboards",Power Bi Developer,Naukri,3+ weeks ago,https://www.naukri.com/job-listings-power-bi-developer-intralog-automation-bengaluru-3-to-6-years-070125501263
Power BI Developer,Han Digital Solution,"Hubli, Mangaluru, Mysuru, Bengaluru, Belgaum",4-8 Yrs,Not Available,"data analysis, ssas, bi, power bi, data warehousing, microsoft azure, business intelligence, dashboards",Power Bi Developer,Naukri,3+ weeks ago,https://www.naukri.com/job-listings-power-bi-developer-han-digital-solution-hubli-mangaluru-mysuru-bengaluru-belgaum-4-to-8-years-221125501394
Power Bi Developer,Emids Technologies,"Hybrid - Noida, Hyderabad, Bengaluru",5-10 Yrs,Not Available,"Power Bi, PostgreSQL, Report Builder, Dax, Fabric, Power Query, SQL, Development",Power Bi Developer,Naukri,2 weeks ago,https://www.naukri.com/job-listings-power-bi-developer-emids-technologies-noida-hyderabad-bengaluru-5-to-10-years-180526008746
Power Bi Developer,Diverse Lynx,Bengaluru,2-5 Yrs,Not Available,"Computer science, Data analysis, Data modeling, data security, data manipulation, power bi, data visualization, Business intelligence",Power Bi Developer,Naukri,3+ weeks ago,https://www.naukri.com/job-listings-power-bi-developer-diverse-lynx-bengaluru-2-to-5-years-170625503358
Power Bi Developer,Black and white Business Solutions,"Hyderabad, Pune, Bengaluru",6-9 Yrs,Not Available,"Power Bi Reports, Bi Development, Power Bi, SSAS, Power Bi Desktop, Power Query, Development, Ssa",Power Bi Developer,Naukri,3+ weeks ago,https://www.naukri.com/job-listings-power-bi-developer-black-and-white-business-solutions-hyderabad-pune-bengaluru-6-to-9-years-090526004070
Power BI Developer with SQL & Snowflake.,Asb Resources Technology Solutions,Mumbai,10-15 Yrs,Not Available,"Telecom, Performance tuning, Automation, Data analysis, Analytical, Healthcare, Data analytics, Stakeholder management",Power Bi Developer,Naukri,3+ weeks ago,https://www.naukri.com/job-listings-power-bi-developer-with-sql-snowflake-asb-resources-technology-solutions-private-limited-mumbai-10-to-15-years-050326500489
Power BI Developer,LLP S3bglobal Technologies,Bengaluru,4-8 Yrs,Not Available,"Performance tuning, Data analysis, Data modeling, Analytical, query, power bi, Business intelligence, Data warehousing",Power Bi Developer,Naukri,3+ weeks ago,https://www.naukri.com/job-listings-power-bi-developer-s3b-global-bengaluru-4-to-8-years-120625501485
Power BI Developer,Proclink,Ahmedabad,3-5 Yrs,Not Available,"Computer science, Performance tuning, Data analysis, Data modeling, data security, Schema, Scheduling, data visualization",Power Bi Developer,Naukri,3+ weeks ago,https://www.naukri.com/job-listings-power-bi-developer-proclink-consulting-services-llp-ahmedabad-3-to-5-years-240326500970
Power BI Developer with Spotfire Exp,LLP S3bglobal Technologies,Bengaluru,4-8 Yrs,Not Available,"Computer science, Performance tuning, Data analysis, Data modeling, Analytical, power bi, Business intelligence, Data warehousing",Power Bi Developer,Naukri,3+ weeks ago,https://www.naukri.com/job-listings-power-bi-developer-with-spotfire-exp-s3b-global-bengaluru-4-to-8-years-010725501709
Power BI Developer,Leading Client,Gurugram,10-14 Yrs,Not Available,"bi developer, data analytics, data analysis, administration, power bi, sql, analytics, cloud",Power Bi Developer,Naukri,2 weeks ago,https://www.naukri.com/job-listings-power-bi-developer-bonzer-business-solutions-pvt-ltd-gurugram-10-to-14-years-220526928129
Power BI Developer,Ovitech Solutions,Remote,1-15 Yrs,Not Available,"Computer science, Performance tuning, Data analysis, Data modeling, power bi, QlikView, data visualization, Business intelligence",Power Bi Developer,Naukri,3+ weeks ago,https://www.naukri.com/job-listings-power-bi-developer-ovitech-solutions-remote-1-to-15-years-310326502541
Data Analyst (Power BI Developer),"Our Client is an AI Company, data engineering, and business consulting firm. Headquartered in Blr","Hybrid - Hyderabad, Bengaluru, Delhi / NCR",6-10 Yrs,10-17 Lacs PA,"Performance Optimization, Power Bi, Dax, Data Modeling, Dashboards, Data Analytics, Analytics, Modeling",Power Bi Developer,Naukri,2 weeks ago,https://www.naukri.com/job-listings-data-analyst-power-bi-developer-bellfast-management-hyderabad-bengaluru-delhi-ncr-6-to-10-years-200526014327
Power BI Developer,360DigiTMG,Hyderabad,2-7 Yrs,Not Available,"Computer science, Automation, Business reporting, SSAS, power bi, microsoft azure, Business continuity, Information technology",Power Bi Developer,Naukri,3+ weeks ago,https://www.naukri.com/job-listings-power-bi-developer-360digitmg-hyderabad-2-to-7-years-190825503521
Lead Power BI Developer,Staples India,Chennai,7-12 Yrs,Not Available,"Power Bi, Dax, Advanced Excel, Power Bi Desktop, SQL, Pivot, Development, Desktop",Power Bi Developer,Naukri,3+ weeks ago,https://www.naukri.com/job-listings-lead-power-bi-developer-staples-india-chennai-7-to-12-years-080426015155
Power BI developer,Logic Planet,Bengaluru,5-9 Yrs,Not Available,"SQL queries, Basic, SUB, Data modeling, Postgresql, Debugging, Programming, power bi",Power Bi Developer,Naukri,3+ weeks ago,https://www.naukri.com/job-listings-power-bi-developer-logicplanet-it-services-bengaluru-5-to-9-years-200226502228
Power BI Developer,Right Angle Solutions,Hyderabad,4-9 Yrs,Not Available,"Data analysis, Data modeling, Analytical, power bi, data visualization, Business intelligence, microsoft, Analysis services",Power Bi Developer,Naukri,3+ weeks ago,https://www.naukri.com/job-listings-power-bi-developer-right-angle-solutions-hyderabad-4-to-9-years-241024504100
Power BI Developer,Exsilio Solutions,Ahmedabad,5-10 Yrs,Not Available,"Data analysis, Data modeling, Analytical, Transition, power bi, data visualization, Business intelligence, international clients",Power Bi Developer,Naukri,3+ weeks ago,https://www.naukri.com/job-listings-power-bi-developer-exsilio-solutions-ahmedabad-5-to-10-years-260226505166
Power BI Developer,ECS ME,Hyderabad,5-8 Yrs,Not Available,"Automation, SSRS, HTML, Application development, Informatica, SSIS, Business intelligence, microsoft",Power Bi Developer,Naukri,3+ weeks ago,https://www.naukri.com/job-listings-power-bi-developer-ecs-me-llc-hyderabad-5-to-8-years-120226501761
Power BI Developer,Logic Planet,"Hubli, Mangaluru, Mysuru, Bengaluru, Belgaum",5-7 Yrs,Not Available,"Performance tuning, GCP, Database, power bi, MongoDB, Data analytics, Management, microsoft",Power Bi Developer,Naukri,3+ weeks ago,https://www.naukri.com/job-listings-power-bi-developer-logicplanet-it-services-hubli-mangaluru-mysuru-bengaluru-belgaum-5-to-7-years-240226505245
"Power BI & Snowflake Developer | Data Modeling, Analytics, Cloud BI",Synechron,Bengaluru,7-12 Yrs,Not Available,"snowflake, sql, analytics, cloud, git, data modeling, postgresql, data science",Power Bi Developer,Naukri,3 weeks ago,https://www.naukri.com/job-listings-power-bi-snowflake-developer-data-modeling-analytics-cloud-bi-synechron-technologies-pvt-ltd-bengaluru-7-to-12-years-110526924529
Software Eng - Fabric / Power BI Developer & AI Data Agent Specialist,Beyond Key,Hyderabad,2-4 Yrs,Not Available,"c++, bi, data warehousing, t-sql, business intelligence, sql, plsql, bi development",Power Bi Developer,Naukri,3+ weeks ago,https://www.naukri.com/job-listings-software-eng-fabric-power-bi-developer-ai-data-agent-specialist-beyond-key-systems-pvt-ltd-hyderabad-2-to-4-years-080526500003
POWER BI DEVELOPER,Diverse Lynx,Bengaluru,2-5 Yrs,Not Available,"MS SQL, Data modeling, Cloud, power bi, Troubleshooting, Data, SQL, SQL Server",Power Bi Developer,Naukri,3+ weeks ago,https://www.naukri.com/job-listings-power-bi-developer-diverse-lynx-bengaluru-2-to-5-years-160625500794
Power Bi Developer,Apidel Technologies,Remote,7-11 Yrs,Not Available,"Power Bi, Figma, Dax, Development, Bi",Power Bi Developer,Naukri,2 weeks ago,https://www.naukri.com/job-listings-power-bi-developer-apidel-technologies-bengaluru-7-to-11-years-190526023109
Power BI Developer,Varite,Bengaluru,1-6 Yrs,Not Available,"Automation, Staffing, Agile, power bi, microsoft, Business intelligence, Gaming, Automotive",Power Bi Developer,Naukri,3+ weeks ago,https://www.naukri.com/job-listings-power-bi-developer-varite-bengaluru-1-to-6-years-230226503586
Power BI Developer,Acme Services,Bengaluru,3-7 Yrs,Not Available,"data cleansing, SSAS, Cloud Services, KPI, query, power bi, Architecting, SQL",Power Bi Developer,Naukri,3+ weeks ago,https://www.naukri.com/job-listings-power-bi-developer-acme-services-bengaluru-3-to-7-years-210223503696
Power BI Developer,Han Digital Solution,"Pune, Bengaluru",7-9 Yrs,Not Available,"SQL queries, Automation, Interpersonal skills, Powershell, Workflow, power bi, microsoft, Analytics",Power Bi Developer,Naukri,3+ weeks ago,https://www.naukri.com/job-listings-power-bi-developer-han-digital-solution-pune-bengaluru-7-to-9-years-221125500797
Power BI Developer,Diverse Lynx,"Hubli, Mangaluru, Mysuru, Bengaluru, Belgaum",2-5 Yrs,Not Available,"Data analysis, Data modeling, power bi, Modeling, Bi, Development, Analysis, Data",Power Bi Developer,Naukri,3+ weeks ago,https://www.naukri.com/job-listings-power-bi-developer-diverse-lynx-hubli-mangaluru-mysuru-bengaluru-belgaum-2-to-5-years-210525505992
Power Bi Developer,GForce Consulting Solutions,Bengaluru,3-7 Yrs,Not Available,"Development Manager, power bi, Information technology, Development, Development management, Bi, Management, Technology",Power Bi Developer,Naukri,3+ weeks ago,https://www.naukri.com/job-listings-power-bi-developer-gforce-consulting-solutions-bengaluru-3-to-7-years-120523500083
Power BI Developer,Inspiration Manpower Consultancy Pvt. Ltd.,Bengaluru,3-6 Yrs,Not Available,"Business management, power bi, SQL, Management, Development, Bi",Power Bi Developer,Naukri,3+ weeks ago,https://www.naukri.com/job-listings-power-bi-developer-inspiration-manpower-consultancy-pvt-ltd-bengaluru-3-to-6-years-030521501286
Power BI Developer,Origin Hr,Bengaluru,5-10 Yrs,Not Available,"c#, project management, sap, data analytics, ssas, bi, vmware, bi stack",Power Bi Developer,Naukri,3+ weeks ago,https://www.naukri.com/job-listings-power-bi-developer-origin-hr-bengaluru-5-to-10-years-020426506977
HRIS Data Analytic (Power BI Developer),Haworth,Chennai,3-6 Yrs,Not Available,"mdx, data analysis, hris, ssas, bi, strong analytical skills, power bi, problem solving",Power Bi Developer,Naukri,3+ weeks ago,https://www.naukri.com/job-listings-hris-data-analytic-power-bi-developer-haworth-chennai-3-to-6-years-230426504721
Data Engineer Power BI Developer,Rarr Technologies,Pune,7-12 Yrs,Not Available,"GIT, Architecture, Delta, Schema, query, power bi, Deployment, Performance optimization",Power Bi Developer,Naukri,3+ weeks ago,https://www.naukri.com/job-listings-data-engineer-power-bi-developer-rarr-technologies-pune-7-to-12-years-230326505586
Data Engineer Power BI Developer,Rarr Technologies,Chennai,7-12 Yrs,Not Available,"GIT, Architecture, Delta, Schema, query, power bi, Deployment, Performance optimization",Power Bi Developer,Naukri,3+ weeks ago,https://www.naukri.com/job-listings-data-engineer-power-bi-developer-rarr-technologies-chennai-7-to-12-years-020426507626
Data Engineer Power BI Developer,Rarr Technologies,Ahmedabad,7-12 Yrs,Not Available,"GIT, Architecture, Delta, Schema, query, power bi, Deployment, Performance optimization",Power Bi Developer,Naukri,3+ weeks ago,https://www.naukri.com/job-listings-data-engineer-power-bi-developer-rarr-technologies-ahmedabad-7-to-12-years-020426507625
Data Engineer Power BI Developer,Rarr Technologies,Noida,7-12 Yrs,Not Available,"GIT, Architecture, Delta, Schema, query, power bi, Deployment, Performance optimization",Power Bi Developer,Naukri,3+ weeks ago,https://www.naukri.com/job-listings-data-engineer-power-bi-developer-rarr-technologies-noida-7-to-12-years-020426507624
Data Engineer Power BI Developer,Rarr Technologies,Mumbai,7-12 Yrs,Not Available,"GIT, Architecture, Delta, Schema, query, power bi, Deployment, Performance optimization",Power Bi Developer,Naukri,3+ weeks ago,https://www.naukri.com/job-listings-data-engineer-power-bi-developer-rarr-technologies-mumbai-7-to-12-years-020426507622
Power Bi Developer,Innova Solutions,"Hybrid - Noida, Hyderabad, Chennai",7-12 Yrs,Not Available,"Bfsi, Banking Sector, Financial Domain, Financial Sector, Financial Operations, Development, Power Bi, Finance Operation",Power Bi Developer,Naukri,3 weeks ago,https://www.naukri.com/job-listings-power-bi-developer-innova-solutions-noida-hyderabad-chennai-7-to-12-years-120526038812
Power BI Developer,Avontix,Hyderabad,1-6 Yrs,Not Available,"Data analysis, Automation, Publishing, Data modeling, HIPAA, Healthcare, microsoft, Analytics",Power Bi Developer,Naukri,3+ weeks ago,https://www.naukri.com/job-listings-power-bi-developer-avontix-hyderabad-1-to-6-years-270426501712
Power BI Developer,innovantes IT,Chandigarh,2-4 Yrs,Not Available,"SQL queries, Data modeling, Analytical, power bi, Performance optimization, Stored procedures, data visualization, microsoft",Power Bi Developer,Naukri,3+ weeks ago,https://www.naukri.com/job-listings-power-bi-developer-innovantes-it-solutions-llp-chandigarh-2-to-4-years-220426500675
Power BI Developer,Apex 2000 INC,Hyderabad,5-10 Yrs,Not Available,"SQL queries, Scalability, data governance, power bi, data visualization, Development, Query, SQL",Power Bi Developer,Naukri,3+ weeks ago,https://www.naukri.com/job-listings-power-bi-developer-apex-2000-inc-hyderabad-5-to-10-years-210226501112
Power Bi Developer,PURETECH CODEX,Hybrid - Pune,7-10 Yrs,Not Available,"Azure Data Factory, Power Bi, Azure Databricks, Dax, Power Query, Development, Data, Microsoft Azure",Power Bi Developer,Naukri,3 weeks ago,https://www.naukri.com/job-listings-power-bi-developer-puretech-codex-pune-7-to-10-years-160526015558
Power BI Developer,Q3 technologies,Jaipur,3-5 Yrs,Not Available,"Bi Developer, Design, Power Bi, Dashboard Creation, Data Analysis, Dax, Power Query, Development",Power Bi Developer,Naukri,3 weeks ago,https://www.naukri.com/job-listings-power-bi-developer-q3-infotech-private-limited-jaipur-3-to-5-years-140526926085
Power BI Developer,Rysun Labs,Ahmedabad,5-7 Yrs,Not Available,"Data management, Analytical, SSRS, Machine learning, OLAP, SSIS, microsoft, Data mining",Power Bi Developer,Naukri,3 weeks ago,https://www.naukri.com/job-listings-power-bi-developer-rysun-labs-ahmedabad-5-to-7-years-130526501714
Power Bi Developer,Siro Clinpharm,"Noida, Greater Noida, Delhi / NCR",6-10 Yrs,Not Available,"Power BI, Oracle SQL, Power BI Developer, Python, azure, Data Engineering, Microsoft Power BI, ETL",Power Bi Developer,Naukri,3+ weeks ago,https://www.naukri.com/job-listings-power-bi-developer-siro-clinpharm-noida-greater-noida-delhi-ncr-6-to-10-years-070526018735
Job Opening For Power BI Developer,Relevantz Technology Services,Chennai,5-8 Yrs,Not Available,"Power Bi, SSIS, SQL, SSRS, Development, Bi",Power Bi Developer,Naukri,3+ weeks ago,https://www.naukri.com/job-listings-opening-for-power-bi-developer-relevantz-technology-services-chennai-5-to-8-years-060526031128
MS Power BI Developer,XTGlobal,Hyderabad,8-13 Yrs,Not Available,"Data analysis, Data modeling, Analytical, Functional testing, power bi, Scheduling, Test cases, microsoft",Power Bi Developer,Naukri,3+ weeks ago,https://www.naukri.com/job-listings-ms-power-bi-developer-xenosoft-technologies-india-pvt-ltd-hyderabad-8-to-13-years-300326502901
Power BI Developer,EVERSANA India Pvt. Ltd,Pune,4-9 Yrs,Not Available,"Supply chain, ERP, Data modeling, Financial operations, power bi, microsoft, Troubleshooting, Operations",Power Bi Developer,Naukri,3+ weeks ago,https://www.naukri.com/job-listings-power-bi-developer-eversana-india-pune-4-to-9-years-240326501076
Power BI Developer,Transputec India,Remote,3-6 Yrs,Not Available,"Service management, Automation, XML, Intranet, Analytical, power bi, HTML, MSP",Power Bi Developer,Naukri,2 weeks ago,https://www.naukri.com/job-listings-power-bi-developer-transputec-ltd-remote-3-to-6-years-180526507239
Power Bi Developer,Lets Viz Technologies,Remote,1-5 Yrs,Not Available,"Power Bi, Azure Data Factory, Azure Synapse, Data Visualization, SQL Queries, Azure Analysis Services, Dax, Dashboard Development",Power Bi Developer,Naukri,3+ weeks ago,https://www.naukri.com/job-listings-power-bi-developer-lets-viz-technologies-noida-1-to-5-years-050324010297
Power BI Developer,Inteliment,Pune,3-8 Yrs,Not Available,"Performance tuning, Excel, Data modeling, data security, query, power bi, Performance optimization, data visualization",Power Bi Developer,Naukri,3+ weeks ago,https://www.naukri.com/job-listings-power-bi-developer-inteliment-software-technologies-i-pvt-ltd-pune-3-to-8-years-040526500318
Power BI Developer,Sparix Global,"Chennai, Gurugram",6-8 Yrs,Not Available,"Data analysis, Data modeling, Unit testing, Business intelligence, microsoft, Analytics, Reporting tools, SQL",Power Bi Developer,Naukri,3+ weeks ago,https://www.naukri.com/job-listings-power-bi-developer-sparix-global-private-limited-chennai-gurugram-6-to-8-years-240426500901
Power BI Developer,Ceco Environmental,Pune,5-10 Yrs,Not Available,"Water treatment, MS SQL, Renewable energy, Data modeling, Analytical, power bi, Licensing, MS Office",Power Bi Developer,Naukri,3+ weeks ago,https://www.naukri.com/job-listings-power-bi-developer-ceco-environmental-india-private-limited-pune-5-to-10-years-181125501247
Power BI Developer,ESN Technologies,Hyderabad,2-4 Yrs,Not Available,"Data analysis, Data modeling, power bi, HR, QlikView, data visualization, Analytics, SQL",Power Bi Developer,Naukri,3+ weeks ago,https://www.naukri.com/job-listings-power-bi-developer-esn-technologies-i-pvt-ltd-hyderabad-2-to-4-years-031125504865
Power BI Developer,Abotts Inc,Remote,3-8 Yrs,Not Available,"Data analysis, System maintenance, Data modeling, Analytical, SSRS, Schema, power bi, microsoft",Power Bi Developer,Naukri,3+ weeks ago,https://www.naukri.com/job-listings-power-bi-developer-abotts-inc-remote-3-to-8-years-020326502430
Power BI Developer - EPIC EMR system,XTGlobal,Hyderabad,8-13 Yrs,Not Available,"Computer science, security compliance, Healthcare, Data structures, power bi, Performance optimization, data visualization, Reporting tools",Power Bi Developer,Naukri,3+ weeks ago,https://www.naukri.com/job-listings-power-bi-developer-epic-emr-system-xenosoft-technologies-india-pvt-ltd-hyderabad-8-to-13-years-300326502928
Power BI Developer,Arahas Technologies,Gurugram,3-6 Yrs,Not Available,"Data analysis, SQL Server integration services, power bi, SSIS, Business intelligence, Technical documentation, Data, Documentation",Power Bi Developer,Naukri,3+ weeks ago,https://www.naukri.com/job-listings-power-bi-developer-arahas-technologies-private-limited-gurugram-3-to-6-years-290224501471
ES-Finance-R And DA-Supervising Associate-Power BI Developer,EY,Bengaluru,6-8 Yrs,Not Available,"Data analysis, Business transformation, Team management, Financial reporting, Analytical, Consulting, Financial planning, Forecasting",Power Bi Developer,Naukri,3+ weeks ago,https://www.naukri.com/job-listings-es-finance-r-and-da-supervising-associate-power-bi-developer-ernst-young-bengaluru-6-to-8-years-280426501192
Power BI Developer,ADQ Services,Hyderabad,4-7 Yrs,Not Available,"Data modeling, Business analysis, Database management, Analytical, query, power bi, Data analytics, data visualization",Power Bi Developer,Naukri,3+ weeks ago,https://www.naukri.com/job-listings-power-bi-developer-adq-services-hyderabad-4-to-7-years-270225501490
Power BI Developer,Devoint It Solutions,Mohali,3-9 Yrs,Not Available,"Data analysis, power bi, Deployment, Business intelligence, Analytics, Monitoring, SQL, Testing",Power Bi Developer,Naukri,3+ weeks ago,https://www.naukri.com/job-listings-power-bi-developer-devoint-it-solutions-mohali-3-to-9-years-261222500569
Power Bi Developer,E4 Softwares,Noida,8-10 Yrs,Not Available,"Data analysis, Data modeling, Project management, query, data governance, power bi, QlikView, data visualization",Power Bi Developer,Naukri,3+ weeks ago,https://www.naukri.com/job-listings-power-bi-developer-e4-softwares-noida-8-to-10-years-220725500946
Power BI Developer,Xanthus Software Solutions,Mumbai,4-9 Yrs,Not Available,"Computer science, Health insurance, Data analysis, data security, Analytical, OLAP, Unit testing, Troubleshooting",Power Bi Developer,Naukri,2 weeks ago,https://www.naukri.com/job-listings-power-bi-developer-xanthus-software-solutions-mumbai-4-to-9-years-210526505215
Power BI Developer,Diverse Lynx,Hyderabad,2-5 Yrs,Not Available,"power bi, Development, Bi",Power Bi Developer,Naukri,3+ weeks ago,https://www.naukri.com/job-listings-power-bi-developer-diverse-lynx-hyderabad-2-to-5-years-180625503769
Power BI Developer,SWS Smart Working Solutions,New Delhi,5-10 Yrs,Not Available,"Solution design, Usage, Data modeling, Process improvement, Artificial Intelligence, power bi, Medical insurance, microsoft",Power Bi Developer,Naukri,3+ weeks ago,https://www.naukri.com/job-listings-power-bi-developer-smart-working-new-delhi-5-to-10-years-180226503563
Power Bi Developer,E4 Softwares,Mumbai,4-10 Yrs,Not Available,"Data analysis, Data modeling, Project management, query, data governance, power bi, QlikView, data visualization",Power Bi Developer,Naukri,2 weeks ago,https://www.naukri.com/job-listings-power-bi-developer-e4-softwares-mumbai-4-to-10-years-160725501720
Power BI Developer,Diverse Lynx,Pune,5-10 Yrs,Not Available,"data analysis, ssas, bi, power bi, data warehousing, dbms, business intelligence, dashboards",Power Bi Developer,Naukri,3+ weeks ago,https://www.naukri.com/job-listings-power-bi-developer-diverse-lynx-pune-5-to-10-years-150525504259
Power BI Developer,Crisp Analytics or Lumiq,Pune,3-5 Yrs,6-10 Lacs PA,"Power Bi, Dax, SQL, Dax Queries, Report Development, Data Visualization, Data Modeling, Dashboard Development",Power Bi Developer,Naukri,3 weeks ago,https://www.naukri.com/job-listings-power-bi-developer-crisp-analytics-or-lumiq-pune-3-to-5-years-140526023893
Power BI Developer,Programming.Com,Pune,3-6 Yrs,Not Available,"Analytical skills, Data analysis, Version control, Compliance, Data modeling, data security, power bi, data visualization",Power Bi Developer,Naukri,3+ weeks ago,https://www.naukri.com/job-listings-power-bi-developer-programming-com-pune-3-to-6-years-121224501325
Power BI Developer,Exponentia.ai Private Limited,Mumbai,5-10 Yrs,Not Available,"data analysis, ssas, bi, power bi, data warehousing, microsoft azure, t-sql, business intelligence",Power Bi Developer,Naukri,3 weeks ago,https://www.naukri.com/job-listings-power-bi-developer-exponentia-datalabs-pvt-ltd-mumbai-5-to-10-years-120526502519
Power BI Developer,Diverse Lynx,Gurugram,4-6 Yrs,Not Available,"power bi, Bi, Development",Power Bi Developer,Naukri,3+ weeks ago,https://www.naukri.com/job-listings-power-bi-developer-diverse-lynx-gurugram-4-to-6-years-100725503986
Power BI Developer,Diverse Lynx,Noida,2-6 Yrs,Not Available,"data analysis, ssas, bi, power bi, data warehousing, dbms, business intelligence, dashboards",Power Bi Developer,Naukri,3+ weeks ago,https://www.naukri.com/job-listings-power-bi-developer-diverse-lynx-noida-2-to-6-years-040725502847
Power BI Developer,anblicks,Hyderabad,5-10 Yrs,Not Available,"Performance tuning, Automation, Data modeling, Analytical, Issue resolution, power bi, Troubleshooting, Analytics",Power Bi Developer,Naukri,3+ weeks ago,https://www.naukri.com/job-listings-power-bi-developer-anblicks-hyderabad-5-to-10-years-030426504728
Power BI Developer,Origin Hr,Hyderabad,5-10 Yrs,Not Available,"c#, project management, sap, data analytics, ssas, bi, vmware, bi stack",Power Bi Developer,Naukri,3+ weeks ago,https://www.naukri.com/job-listings-power-bi-developer-origin-hr-hyderabad-5-to-10-years-020426506975
Power Bi Developer,Diverse Lynx,Pune,4-6 Yrs,Not Available,"power bi, Development, Bi",Power Bi Developer,Naukri,3+ weeks ago,https://www.naukri.com/job-listings-power-bi-developer-diverse-lynx-pune-4-to-6-years-300525503590
Power BI Developer,KP Group,Surat,7-10 Yrs,Not Available,"Training, Excel, Renewable energy, power bi, Management, Troubleshooting, Monitoring, SQL",Power Bi Developer,Naukri,3+ weeks ago,https://www.naukri.com/job-listings-power-bi-developer-kp-group-surat-7-to-10-years-290925500773
Power BI Developer,Som Imaging Informatics,Kolkata,3-4 Yrs,Not Available,"Interpersonal skills, Datastage, power bi, Informatica, ETL tool, Tools, ETL, Interpersonal Skill",Power Bi Developer,Naukri,3+ weeks ago,https://www.naukri.com/job-listings-power-bi-developer-som-imaging-informatics-pvt-ltd-kolkata-3-to-4-years-280923501391
"Power BI Developer,Pan India",Virtualware Innovations,Remote,4-9 Yrs,Not Available,"Power Bi Developer, Analysis Services, Ssas, Ssrs, Sql Server, Msbi, Power Bi Desktop, Ssis",Power Bi Developer,Naukri,3+ weeks ago,https://www.naukri.com/job-listings-power-bi-developer-pan-india-virtualware-innovations-remote-4-to-9-years-271021502010
Power BI Developer,Origin Hr,New Delhi,5-10 Yrs,Not Available,"c#, project management, sap, data analytics, ssas, bi, vmware, server automation",Power Bi Developer,Naukri,3+ weeks ago,https://www.naukri.com/job-listings-power-bi-developer-origin-hr-new-delhi-5-to-10-years-250725501473
Power BI Developer,Mobile Programming,Mumbai,3-5 Yrs,Not Available,"query, power bi, MSBI, Deployment, Management, SQL, Development, Bi",Power Bi Developer,Naukri,2 weeks ago,https://www.naukri.com/job-listings-power-bi-developer-mobileprogramming-mumbai-3-to-5-years-250522501356
Power BI Developer,Explarity Solutions,Pune,2-7 Yrs,Not Available,"Microstrategy, IT services, Performance tuning, Data modeling, Postgresql, MySQL, QlikView, Business intelligence",Power Bi Developer,Naukri,3+ weeks ago,https://www.naukri.com/job-listings-power-bi-developer-explarity-solutions-pune-2-to-7-years-240925502366
Power BI Developer,PAN It Global,Remote,3-7 Yrs,Not Available,"Supply chain, Automation, SAP, Data modeling, Analytical, data governance, Forecasting, Operations",Power Bi Developer,Naukri,3+ weeks ago,https://www.naukri.com/job-listings-power-bi-developer-pan-it-global-llc-remote-3-to-7-years-240625506490
Power BI Developer,Origin Hr,Mumbai,5-10 Yrs,Not Available,"c#, project management, sap, data analytics, ssas, bi, vmware, bi stack",Power Bi Developer,Naukri,3+ weeks ago,https://www.naukri.com/job-listings-power-bi-developer-origin-hr-mumbai-5-to-10-years-240326505078
Power BI Developer - Mastek,Foray Software,Mumbai,4-8 Yrs,Not Available,"Solution design, SSRS, OLAP, power bi, SSIS, microsoft, big data, Data warehousing",Power Bi Developer,Naukri,3+ weeks ago,https://www.naukri.com/job-listings-power-bi-developer-mastek-foray-software-pvt-ltd-mumbai-4-to-8-years-230824501605
Power BI Developer,Team Computers,Mumbai,3-8 Yrs,Not Available,"SQL database, Data modeling, Database management, query, power bi, data visualization, Data warehousing, SQL",Power Bi Developer,Naukri,3+ weeks ago,https://www.naukri.com/job-listings-power-bi-developer-team-computers-pvt-ltd-mumbai-3-to-8-years-221125500487
Power-BI Developers,Airo Digital Labs,Remote,4-6 Yrs,Not Available,"Computer science, Process automation, business intelligence reporting, NoSQL, MySQL, SSRS, Machine learning, power bi",Power Bi Developer,Naukri,3+ weeks ago,https://www.naukri.com/job-listings-power-bi-developers-airo-digital-labs-remote-4-to-6-years-220525502606
Power BI Developer,Airo Digital Labs,Remote,4-6 Yrs,Not Available,"Computer science, Process automation, Publishing, Analytical, SSRS, Machine learning, Stored procedures, SSIS",Power Bi Developer,Naukri,3+ weeks ago,https://www.naukri.com/job-listings-power-bi-developer-airo-digital-labs-remote-4-to-6-years-220525500761
Power BI Developer,Netcom Learning,Noida,5-8 Yrs,Not Available,"Training, Data modeling, Analytical, data governance, Manager Technology, power bi, Stored procedures, Business intelligence",Power Bi Developer,Naukri,3+ weeks ago,https://www.naukri.com/job-listings-power-bi-developer-netcom-learning-noida-5-to-8-years-201125501438
Power BI Developer,Nice Software Solutions,Nagpur,3-8 Yrs,Not Available,"server, algorithms, charts, bi, dashboards, dax queries, sql, bi development",Power Bi Developer,Naukri,2 weeks ago,https://www.naukri.com/job-listings-power-bi-developer-nice-software-solutions-pvt-ltd-nagpur-3-to-8-years-200526502249
Power BI Developer,Lets Viz Technologies,Remote,3-5 Yrs,Not Available,"mdx, sql queries, ssas, kpi, dashboard development, bi, power bi, dashboards",Power Bi Developer,Naukri,2 weeks ago,https://www.naukri.com/job-listings-power-bi-developer-lets-viz-technologies-remote-3-to-5-years-200526500021
Power BI Developer: Hbrid,Crafsol Technology Solutions,Pune,5-10 Yrs,Not Available,"Excel, query, power bi, Advanced Excel, SQL, Development, Bi",Power Bi Developer,Naukri,3+ weeks ago,https://www.naukri.com/job-listings-power-bi-developer-hbrid-crafsol-technology-solutions-pune-5-to-10-years-200325504214
Power BI Developer,ZINFI,Kolkata,5-10 Yrs,Not Available,"Relationship management, Stakeholder Engagement, Automation, Data modeling, Web development, power bi, Silicon, Marketing management",Power Bi Developer,Naukri,3+ weeks ago,https://www.naukri.com/job-listings-power-bi-developer-zinfi-software-systems-pvt-ltd-kolkata-5-to-10-years-190225504579
Power BI Developer,SPEC INDIA,Ahmedabad,1-5 Yrs,Not Available,"Basic, PDF, Analytical, SSRS, Database, power bi, Business intelligence, SSIS",Power Bi Developer,Naukri,3+ weeks ago,https://www.naukri.com/job-listings-power-bi-developer-spec-india-ahmedabad-1-to-5-years-170622500466
Power BI Developer,Openbi,Gurugram,3-5 Yrs,Not Available,"python, power bi reports, data management, bi, birt, power bi, problem solving, business intelligence",Power Bi Developer,Naukri,3+ weeks ago,https://www.naukri.com/job-listings-power-bi-developer-openbi-gurugram-3-to-5-years-170326503160
Power BI Developer,IBS Software Services,Chennai,5-8 Yrs,Not Available,"Relationship management, tableau, Team management, Client engagement, power bi, Client, Engagement, Management",Power Bi Developer,Naukri,3+ weeks ago,https://www.naukri.com/job-listings-power-bi-developer-ibs-software-chennai-5-to-8-years-160426505465
Power BI Developer,Bootcoding,Nagpur,5-8 Yrs,Not Available,"Health insurance, Data modeling, Database management, Management systems, Business intelligence, Information technology, Data warehousing, Technical support",Power Bi Developer,Naukri,3 weeks ago,https://www.naukri.com/job-listings-power-bi-developer-bootcoding-nagpur-5-to-8-years-150526505346
Power BI Developer,Scry Analytics,Pune,4-9 Yrs,Not Available,"Front end, Publishing, SSRS, Application security, Scheduling, Data quality, Manager Quality Control, Business intelligence",Power Bi Developer,Naukri,3+ weeks ago,https://www.naukri.com/job-listings-power-bi-developer-scry-analytics-pune-4-to-9-years-120326501772
Power BI Developer,Scry Analytics,Gurugram,4-9 Yrs,Not Available,"Front end, Publishing, SSRS, Application security, Scheduling, Data quality, Manager Quality Control, Business intelligence",Power Bi Developer,Naukri,3+ weeks ago,https://www.naukri.com/job-listings-power-bi-developer-scry-analytics-gurugram-4-to-9-years-120326501771
Power BI Developer,SourceMash Technologies,Mohali,2-4 Yrs,Not Available,"Analytical skills, parking, Health insurance, Manager Quality Assurance, Data modeling, Packaging, power bi, QlikView",Power Bi Developer,Naukri,3+ weeks ago,https://www.naukri.com/job-listings-power-bi-developer-source-mash-technologies-private-ltd-mohali-2-to-4-years-111225500298
Power BI Developers,Smavis Technologies,Chennai,5-10 Yrs,Not Available,"Publishing, cyber security, Data modeling, RDBMS, Analytical, power bi, Application security, Scheduling",Power Bi Developer,Naukri,3+ weeks ago,https://www.naukri.com/job-listings-power-bi-developers-smavis-technologies-private-limited-chennai-5-to-10-years-110326502571
Power BI Developer,Seyon Business Innovation,Coimbatore,2-5 Yrs,Not Available,"Excel, Data modeling, query, power bi, SQL, Development, Data, Bi",Power Bi Developer,Naukri,3+ weeks ago,https://www.naukri.com/job-listings-power-bi-developer-seyon-business-innovation-coimbatore-2-to-5-years-101225501777
Power BI Developer,Procdna,Gurugram,1-5 Yrs,Not Available,"Team management, Project management, Pharma, Analytical, Consulting, Project planning, Business intelligence, Stakeholder management",Power Bi Developer,Naukri,3+ weeks ago,https://www.naukri.com/job-listings-power-bi-developer-procdna-gurugram-1-to-5-years-100426500865
Power BI Developer,Xduce Technologies,Pune,7-9 Yrs,Not Available,"Business analysis, Project management, Agile, Software development life cycle, business rules, Life sciences, microsoft, Troubleshooting",Power Bi Developer,Naukri,3+ weeks ago,https://www.naukri.com/job-listings-power-bi-developer-xduce-pune-7-to-9-years-091025502592
Power BI Developer,Leanquality Solutions,Pune,2-3 Yrs,Not Available,"Computer science, Excel, Data modeling, query, power bi, Data analytics, data visualization, Oracle",Power Bi Developer,Naukri,3+ weeks ago,https://www.naukri.com/job-listings-power-bi-developer-leanquality-solutions-pune-2-to-3-years-090625503995
Power BI Developer,Virtualware Innovations,Remote,4-9 Yrs,Not Available,"Power Bi Developer, Analysis Services, Ssas, Ssrs, Sql Server, Msbi, Ssis, Power Bi Desktop",Power Bi Developer,Naukri,3+ weeks ago,https://www.naukri.com/job-listings-power-bi-developer-virtualware-innovations-remote-4-to-9-years-081121500776
Power Bi Developer & MS Fabric(Contractor),Mckinsol Consulting,Remote,8-12 Yrs,Not Available,"Power Bi, Microsoft Fabric, Tableau, SQL, Contracts, Contractors, Fabric, Microsoft",Power Bi Developer,Naukri,3+ weeks ago,https://www.naukri.com/job-listings-power-bi-developer-ms-fabric-contractor-mckinsol-consulting-delhi-ncr-8-to-12-years-070526032304
Power BI Developer,Citta Solutions,Remote,3-10 Yrs,Not Available,"Automation, Version control, Linux, Networking, nginx, Coding, Control system, Agile",Power Bi Developer,Naukri,3+ weeks ago,https://www.naukri.com/job-listings-power-bi-developer-citta-solutions-remote-3-to-10-years-070322500624
Power BI Developer,Diverse Lynx,Mumbai,2-7 Yrs,Not Available,"T-SQL, MS SQL, Database design, Database Fundamentals, SSRS, query, power bi, Operations",Power Bi Developer,Naukri,3+ weeks ago,https://www.naukri.com/job-listings-power-bi-developer-diverse-lynx-mumbai-2-to-7-years-040123500667
Power BI Developer,Sneh Projects,Pune,3-9 Yrs,Not Available,"power bi, Development, Bi",Power Bi Developer,Naukri,3+ weeks ago,https://www.naukri.com/job-listings-power-bi-developer-sneh-projects-pune-3-to-9-years-031224507565
Power BI Developer,Origin Hr,Pune,5-10 Yrs,Not Available,"c#, project management, sap, data analytics, ssas, bi, vmware, bi stack",Power Bi Developer,Naukri,3+ weeks ago,https://www.naukri.com/job-listings-power-bi-developer-origin-hr-pune-5-to-10-years-020426506974
Power BI Developer,Appstek Information Services,Hyderabad,7-8 Yrs,Not Available,"T-SQL, SQL queries, Data analysis, Translation, Analytical, Banking, power bi, Application security",Power Bi Developer,Naukri,3+ weeks ago,https://www.naukri.com/job-listings-power-bi-developer-appstek-corp-hyderabad-7-to-8-years-120624502770
Python + Power BI Developer,Ukb It Solutions,Hyderabad,10-15 Yrs,Not Available,"Computer science, data manipulation, Programming, Data processing, power bi, data visualization, Information technology, Data warehousing",Power Bi Developer,Naukri,3+ weeks ago,https://www.naukri.com/job-listings-python-power-bi-developer-ukb-it-solutions-hyderabad-10-to-15-years-060225504491
Power BI Developer,IDESLABS,Hyderabad,5-15 Yrs,Not Available,"MS SQL, SSRS, Cloud, query, power bi, Microsoft, SQL Server, Bi",Power Bi Developer,Naukri,3+ weeks ago,https://www.naukri.com/job-listings-power-bi-developer-ideslabs-private-limited-hyderabad-5-to-15-years-221223501112
Power Bi Developer,Johnson Electric,Chennai,3-8 Yrs,Not Available,"Power Bi, Fabric, Power Bi Reports, Power BI Admin, Dax, Reporting, Administration, Birt",Power Bi Developer,Naukri,3 weeks ago,https://www.naukri.com/job-listings-power-bi-developer-johnson-electric-chennai-3-to-8-years-140526031297
Data Analyst,Wonderla Holidays,Bengaluru,3-5 Yrs,"50,000-80,000 PA","D2C, Google Data Studio, Google Analytics, Power Bi, business metrics, Campaign Analytics, Tableau",Tableau Developer,Naukri,3 weeks ago,https://www.naukri.com/job-listings-data-analyst-wonderla-holidays-bengaluru-3-to-5-years-230326013931
Tableau Developer / Data Visualization Analyst (BigQuery),WNS Holdings,Hybrid - Gurugram,5-10 Yrs,14-20 Lacs PA,"GCP, Tableau, SQL, Bigquery, Data Visualization, Development, Data, Data analysis",Tableau Developer,Naukri,1 week ago,https://www.naukri.com/job-listings-tableau-developer-data-visualization-analyst-bigquery-wns-holdings-gurugram-5-to-10-years-160426018063
Opening For Tableau Developer-Hyderabad,Infosys,Hybrid - Hyderabad,3-8 Yrs,Not Available,"Power Bi, Tableau, Unix, SQL, Bi",Tableau Developer,Naukri,3 weeks ago,https://www.naukri.com/job-listings-opening-for-tableau-developer-hyderabad-infosys-hyderabad-3-to-8-years-140526014065
Data Analyst,Square Yards,Gurugram,2-5 Yrs,Not Available,"tableau, CSS, jQuery, Google Analytics, MySQL, Javascript, power bi, HTML",Tableau Developer,Naukri,3+ weeks ago,https://www.naukri.com/job-listings-data-analyst-square-yards-gurugram-2-to-5-years-270723500414
Teradata Developer / Analyst,Infosys,Hyderabad,0-7 Yrs,Not Available,"Unix, Performance tuning, Data analysis, Linux, Production support, Data management, Coding, Agile",Tableau Developer,Naukri,3+ weeks ago,https://www.naukri.com/job-listings-teradata-developer-analyst-infosys-technologies-ltd-hyderabad-0-to-7-years-020426510041
"Inviting applications For Data Visualization (Tableau, Power BI)",Genpact,"Kolkata, Hyderabad, Bengaluru",12-15 Yrs,Not Available,"Data Gateway for data refresh, Microsoft Power BI, DAX scripts, Tableau, Data Transformations and Data Modelling using Power BI Query Editor, Data Blending, UI/UX concepts, knowledge of databases like SnowFlake SQL",Tableau Developer,Naukri,1 day ago,https://www.naukri.com/job-listings-inviting-applications-for-data-visualization-tableau-power-bi-genpact-kolkata-hyderabad-bengaluru-12-to-15-years-110226042156
Tableau Developer,Barclaycard Payments,Pune,8-10 Yrs,Not Available,"python, data analysis, data analytics, oracle, data manipulation, bi, power bi, data warehousing",Tableau Developer,Naukri,3+ weeks ago,https://www.naukri.com/job-listings-tableau-developer-barclaycard-payments-pune-8-to-10-years-090126503957
Tableau Developer,Tata Consultancy Services,"Pune, Bengaluru, Delhi / NCR",4-8 Yrs,Not Available,"Tableau, Spotfire, Tibco Spotfire, Development, TIBCO",Tableau Developer,Naukri,3 days ago,https://www.naukri.com/job-listings-tableau-developer-tata-consultancy-services-pune-bengaluru-delhi-ncr-4-to-8-years-070426021636
Tableau Developer,Cloudxtreme,Hyderabad,3-5 Yrs,Not Available,"Root Cause Analysis, Wireframing, Debugging, Tableau, SQL, Development, Root cause, Analysis",Tableau Developer,Naukri,2 days ago,https://www.naukri.com/job-listings-tableau-developer-cloudxtreme-hyderabad-3-to-5-years-040626008530
Tableau Developer - 19 Mar (Thursday) - Hyderabad - Virtual Interview,Tata Consultancy Services,Hyderabad,4-9 Yrs,Not Available,"Tableau, SQL, Spotfire, TIBCO, Tibco Spotfire, Data Analytics, Analytics, Interviewing",Tableau Developer,Naukri,3 days ago,https://www.naukri.com/job-listings-tableau-developer-19-mar-thursday-hyderabad-virtual-interview-tata-consultancy-services-hyderabad-4-to-9-years-091225006842
Tableau developer/data Analytics,Tata Technologies,Hybrid - Pune,6-11 Yrs,6.5-16.5 Lacs PA,"Power Bi, GCP, Python, Tableau, Analytics, Data analytics, Bi, Development",Tableau Developer,Naukri,2 days ago,https://www.naukri.com/job-listings-tableau-developer-data-analytics-tata-technologies-pune-6-to-11-years-040626024257
Tableau Developer,Techwise Digital,"Hyderabad, Bengaluru",6-10 Yrs,20-25 Lacs PA,"Bi, Data Visualization, Tableau, SQL, Development, Data",Tableau Developer,Naukri,1 day ago,https://www.naukri.com/job-listings-tableau-developer-indihire-consultants-hyderabad-bengaluru-6-to-10-years-050626006644
Tableau Developer,MNC Group,Hybrid - Bengaluru,8-13 Yrs,Not Available,"Tableau, SQL, Bi Analyst, Aws Cloud, Azure Cloud, Snowflake, Cloud, Development",Tableau Developer,Naukri,Today,https://www.naukri.com/job-listings-tableau-developer-burgeon-it-services-bengaluru-8-to-13-years-060626005375
Tableau Developer,Altimetrik,Pune,5-10 Yrs,13-23 Lacs PA,"Tableau, Reporting, SQL, Development",Tableau Developer,Naukri,5 days ago,https://www.naukri.com/job-listings-tableau-developer-altimetrik-pune-5-to-10-years-010626004307
Tableau Developer,Altimetrik,"Chennai, Bengaluru",7-11 Yrs,Not Available,"Tableau, Performance Tuning, Web Integration, LOD, RLS, Development, Performance, Integration",Tableau Developer,Naukri,1 day ago,https://www.naukri.com/job-listings-tableau-developer-naukri-e-hire-campaign-chennai-bengaluru-7-to-11-years-050626011251
Tableau Developer,Aziro,Bengaluru,4-5 Yrs,Not Available,"modeling, bi, data warehousing, dashboards, business intelligence, sql, data modeling, gcp",Tableau Developer,Naukri,1 week ago,https://www.naukri.com/job-listings-tableau-developer-msys-tech-india-pvt-ltd-bengaluru-4-to-5-years-250526502614
Tableau Developer,Persistent,Pune,4-8 Yrs,Not Available,"Tableau, Advance SQL, Python, Development, SQL",Tableau Developer,Naukri,4 days ago,https://www.naukri.com/job-listings-tableau-developer-persistent-pune-4-to-8-years-020626013332
Junior Tableau Developer,Propelis Group,"Hybrid - Chennai, Mumbai (All Areas)",2-4 Yrs,Not Available,"Tableau Server, Tableau Development, SQL, Data Visualization, Tableau Reporting, Business Intelligence, Bi Development, Bi",Tableau Developer,Naukri,3 days ago,https://www.naukri.com/job-listings-junior-tableau-developer-propelis-group-chennai-mumbai-all-areas-2-to-4-years-030626012301
Tableau Developer | Immediate joiner | Mumbai (POWAI),Hiring Squad,Hybrid - Mumbai(Powai),2-4 Yrs,8-10 Lacs PA,"Tableau Server, Data Visualization, Tableau Desktop, Tableau Development, SQL, Development, Data, Serv",Tableau Developer,Naukri,1 week ago,https://www.naukri.com/job-listings-tableau-developer-immediate-joiner-mumbai-powai-hiring-squad-mumbai-2-to-4-years-140526010592
"6Months Contract-Tableau Developer/ BI Analyst(Sales Ops), Pune",Central Business Solutions,Pune,7-10 Yrs,Not Available,"Snowflake, Tableau Prep, Tableau, Dashboard Development, Data Analytics, SFDC, Data Visualization, Tableau Reporting",Tableau Developer,Naukri,3 days ago,https://www.naukri.com/job-listings-6months-contract-tableau-developer-bi-analyst-sales-ops-pune-central-business-solutions-pune-7-to-10-years-250326035304
Tableau Developer (with SQL Expertise),Katbotz Llc,Remote,5-10 Yrs,Not Available,"SQL queries, tableau, Data analysis, Database design, Analytical, Cloud, data visualization, SQL development",Tableau Developer,Naukri,3 days ago,https://www.naukri.com/job-listings-tableau-developer-with-sql-expertise-katbotz-llc-remote-5-to-10-years-030626505196
Tableau Developer,Hiring Squad,Hybrid - Mumbai,2-4 Yrs,8-10 Lacs PA,"Tableau, Dashboard Development, Tableau desktop, Data Visualization, Tableau Server, Data Modeling, Dashboards, Data Analytics",Tableau Developer,Naukri,2 weeks ago,https://www.naukri.com/job-listings-tableau-developer-hiring-squad-mumbai-2-to-4-years-140526017505
Python and Tableau Developer,Client of Sampoorna Consultants Pvt. Ltd,Kolkata,5-8 Yrs,Not Available,"MySQL, Tableau, Python, Development",Tableau Developer,Naukri,3 days ago,https://www.naukri.com/job-listings-python-and-tableau-developer-sampoorna-consultants-kolkata-5-to-8-years-030626012256
Tableau Developer,Imurgence,Kolkata,3-5 Yrs,Not Available,"Administration, Front end, Data modeling, Infrastructure, Performance optimization, Deployment, Business modeling, Subject Matter Expert",Tableau Developer,Naukri,2 weeks ago,https://www.naukri.com/job-listings-tableau-developer-imurgence-kolkata-3-to-5-years-220526504871
Tableau Developer,Imurgence,Mumbai,3-5 Yrs,Not Available,"Administration, Front end, Data modeling, Infrastructure, Performance optimization, Deployment, Business modeling, Subject Matter Expert",Tableau Developer,Naukri,2 weeks ago,https://www.naukri.com/job-listings-tableau-developer-imurgence-mumbai-3-to-5-years-220526504870
Tableau BI Developer-Quest Global,Quest Global,Hybrid - Bengaluru,4-6 Yrs,Not Available,"Tableau, SQL, Data Analysis, Data Visualization, ETL, Data Bricks, Data, Bi",Tableau Developer,Naukri,1 week ago,https://www.naukri.com/job-listings-tableau-bi-developer-quest-global-quest-global-bengaluru-4-to-6-years-260526023195
Tableau Developer,Infosys,Bengaluru,2-5 Yrs,Not Available,"Tableau, python, tableau dashboards, data analytics, data warehousing, power bi, cloud platforms, elt",Tableau Developer,Naukri,1 week ago,https://www.naukri.com/job-listings-tableau-developer-infosys-limited-bengaluru-2-to-5-years-260526926663
Tableau Developer,Aziro,Hybrid - Bengaluru,4-6 Yrs,Not Available,"Power Bi, Tableau, SQL, Development, Bi",Tableau Developer,Naukri,2 weeks ago,https://www.naukri.com/job-listings-tableau-developer-aziro-bengaluru-4-to-6-years-220526024075
Tableau Developer,IT Services & Consulting,Mumbai,4-6 Yrs,Not Available,"Data visualization, Tableau, SQL, storytelling, data modeling, AWS Redshift, Snowflake",Tableau Developer,Naukri,1 week ago,https://www.naukri.com/job-listings-tableau-developer-iospl-technology-services-private-limited-mumbai-4-to-6-years-250526927517
Tableau Developer,CN Solutions,Hyderabad,2-4 Yrs,Not Available,"data analysis, dashboards, sql, tableau, data visualization, oracle, strong sql knowledge, manual testing",Tableau Developer,Naukri,2 weeks ago,https://www.naukri.com/job-listings-tableau-developer-cn-solutions-hyderabad-2-to-4-years-220526918338
Tableau Developer,UST,Bengaluru,5-7 Yrs,Not Available,"Performance tuning, Data validation, Publishing, Data modeling, Analytical, Reconciliation, Developer, Troubleshooting",Tableau Developer,Naukri,1 week ago,https://www.naukri.com/job-listings-tableau-developer-ust-bengaluru-5-to-7-years-290526506200
Tableau Developer,Leading Client,Hyderabad,8-13 Yrs,Not Available,"Tableau, Data Validation, Business Intelligence, Analytical Skills, Sql, Design, Communication Skills, Data Quality",Tableau Developer,Naukri,1 week ago,https://www.naukri.com/job-listings-tableau-developer-ideslabs-private-limited-hyderabad-8-to-13-years-280526926771
Tableau Developer,TekWissen India,"Kolkata, Mumbai, New Delhi, Hyderabad, Pune, Chennai, Bengaluru",6-8 Yrs,Not Available,"python, data analysis, data analytics, oracle, power bi, data warehousing, microsoft azure, dashboards",Tableau Developer,Naukri,1 week ago,https://www.naukri.com/job-listings-tableau-developer-tekwissen-india-kolkata-mumbai-new-delhi-hyderabad-pune-chennai-bengaluru-6-to-8-years-290526503974
Tableau Developer,Tekskills India,Mumbai (All Areas),10-18 Yrs,Not Available,"Quicksight, Tableau, SQL, Power Bi, Dashboards, Bi, Development",Tableau Developer,Naukri,1 week ago,https://www.naukri.com/job-listings-tableau-developer-tekskills-mumbai-all-areas-10-to-18-years-290526916057
Tableau Developer | Tableau prep | Server - Hyderabad,Infosys,Hybrid - Hyderabad,3-8 Yrs,Not Available,"Power Bi, Tableau, Unix, SQL, Development, Tableau Prep, Serv, Bi",Tableau Developer,Naukri,3 weeks ago,https://www.naukri.com/job-listings-tableau-developer-tableau-prep-server-hyderabad-infosys-hyderabad-3-to-8-years-140526036793
Tableau Developer (Tableau + SQL),Tech Mahindra,"Noida, Gurugram",3-6 Yrs,6-11 Lacs PA,"dashboarding, Tableau, Reporting, SQL, Business Analysis, Adhoc, Development, Analysis",Tableau Developer,Naukri,3 weeks ago,https://www.naukri.com/job-listings-tableau-developer-tableau-sql-tech-mahindra-noida-gurugram-3-to-6-years-120526025477
Tableau Developer,Alpha Analytics Services,Pune,1-5 Yrs,Not Available,"tableau, Publishing, data science, power bi, QlikView, data visualization, Analytics, SQL",Tableau Developer,Naukri,3+ weeks ago,https://www.naukri.com/job-listings-tableau-developer-alpha-analytics-services-pvt-ltd-pune-1-to-5-years-240919500050
TS - Tableau with snowflake Developer,IT Company,"Hybrid - Hyderabad, Pune, Bengaluru",5-10 Yrs,Not Available,"Snowflake, Tableau Reporting, Tableau, Tableau Development, Power Bi, Tableau Prep, Dashboards, SQL",Tableau Developer,Naukri,2 days ago,https://www.naukri.com/job-listings-ts-tableau-with-snowflake-developer-srivango-hyderabad-pune-bengaluru-5-to-10-years-040425017167
Tableau Developer ( Urgent) For Okhla Phase 1,HOLOSTIK,Delhi / NCR(Okhla Phase 1),2-7 Yrs,Not Available,"Power Bi, Tableau, Salesforce, ERP Understanding, Development, ERP, Bi",Tableau Developer,Naukri,3+ weeks ago,https://www.naukri.com/job-listings-tableau-developer-urgent-for-okhla-phase-1-holostik-delhi-ncr-2-to-7-years-020925025884
Tableau Developer,Salesforce,Hyderabad,3-8 Yrs,Not Available,"Computer science, Automation, Infrastructure management, Customer support, Customer engagement, Teradata, Technical support, CRM",Tableau Developer,Naukri,2 weeks ago,https://www.naukri.com/job-listings-tableau-developer-salesforce-hyderabad-3-to-8-years-180526503051
Tableau Developer,Hexaware Technologies,Hybrid - Pune,5-10 Yrs,8.5-14 Lacs PA,"Tableau, Data Visualization, SQL, Development, Data",Tableau Developer,Naukri,3 weeks ago,https://www.naukri.com/job-listings-tableau-developer-hexaware-technologies-pune-5-to-10-years-120526025993
Tableau Developer,E Tech Software,Remote,5-10 Yrs,Not Available,"python, sql queries, data analysis, data analytics, data management, power bi, data warehousing, dashboards",Tableau Developer,Naukri,3+ weeks ago,https://www.naukri.com/job-listings-tableau-developer-etech-software-private-limited-remote-5-to-10-years-010426505682
Tableau Developer,Akaasa Technologies,Remote,5-10 Yrs,Not Available,"Data Visualization, Tableau Server, Tableau Prep, Tableau, SQL, Tableau Cloud, tableau Desktop, Development",Tableau Developer,Naukri,2 weeks ago,https://www.naukri.com/job-listings-tableau-developer-akaasa-infotech-noida-noida-5-to-10-years-180526003221
Snowflake + Tableau Developer,Tata Consultancy Services,"Noida, Pune, Bengaluru",4-9 Yrs,Not Available,"Snowflake, Tableau, SQL, Python, Development",Tableau Developer,Naukri,3+ weeks ago,https://www.naukri.com/job-listings-snowflake-tableau-developer-tata-consultancy-services-noida-pune-bengaluru-4-to-9-years-070526032260
Tableau Developer,Diverse Lynx,Pune,2-7 Yrs,Not Available,"tableau, Data modeling, Data structures, data integrity, Informatica, QlikView, data visualization, SQL",Tableau Developer,Naukri,3+ weeks ago,https://www.naukri.com/job-listings-tableau-developer-diverse-lynx-pune-2-to-7-years-050925500690
Tableau Developer,Assertive Business Solutions,Hybrid - Bengaluru,5-10 Yrs,Not Available,"Tableau, SQL, Business Intelligence, tableau desktop, Data Visualization, Tableau Server, Dashboards, Data Analytics",Tableau Developer,Naukri,4 days ago,https://www.naukri.com/job-listings-tableau-developer-assertive-business-solutions-bengaluru-5-to-10-years-020626026100
Tableau Developer with Snowflake/ BI Analyst,Central Business Solutions Inc,Pune,5-10 Yrs,Not Available,"Data analysis, Data collection, data governance, business rules, HTTP, Data quality, Data analytics, Business solutions",Tableau Developer,Naukri,3+ weeks ago,https://www.naukri.com/job-listings-tableau-developer-with-snowflake-bi-analyst-central-business-solutions-inc-pune-5-to-10-years-030426505940
Tableau Developer,Diverse Lynx,Bengaluru,4-9 Yrs,Not Available,"project management, oracle, data analysis, data analytics, data warehousing, power bi, problem solving, business intelligence",Tableau Developer,Naukri,3+ weeks ago,https://www.naukri.com/job-listings-tableau-developer-diverse-lynx-bengaluru-4-to-9-years-091025502202
Tableau Developer,Tecnoprism,"Noida, Gurugram",3-8 Yrs,Not Available,"Tableau, SQL Coding, SQL, Subqueries, Temporary tables, Storyboards, Common Table Expressions, User filters",Tableau Developer,Naukri,1 week ago,https://www.naukri.com/job-listings-tableau-developer-tecnoprism-noida-gurugram-3-to-8-years-270526011625
Tableau Snowflake Developer,Persistent,Pune,6-8 Yrs,Not Available,"Snowflake, DS SQL, Tableau, SQL, Development, DS",Tableau Developer,Naukri,1 week ago,https://www.naukri.com/job-listings-tableau-snowflake-developer-persistent-pune-6-to-8-years-250526003620
Tableau Developer,Nice Software Solutions,Bengaluru,4-9 Yrs,Not Available,"server, data analysis, modeling, data validation, data warehousing, data architecture, warehouse, dashboards",Tableau Developer,Naukri,2 weeks ago,https://www.naukri.com/job-listings-tableau-developer-nice-software-solutions-pvt-ltd-bengaluru-4-to-9-years-210526508072
Tableau Developer,NuStar,"Kolkata, Pune, Chennai",4-9 Yrs,Not Available,"Tableau, Tableau Public, Tableau Reporting, Tableau Server, Tableau Reader, Development, Serv, Reporting",Tableau Developer,Naukri,1 week ago,https://www.naukri.com/job-listings-tableau-developer-nustar-technologies-kolkata-pune-chennai-4-to-9-years-280526016064
Tableau Developer(SSRS + SQL) _US Based MNC_Immediate,Kezan Consulting,"Hybrid - Gurugram, Bengaluru",5-8 Yrs,10-17 Lacs PA,"SSRS, Data Visualization, Data Analytics, Tableau Development, SQL, Large Databases, Business Intelligence, Agile",Tableau Developer,Naukri,3+ weeks ago,https://www.naukri.com/job-listings-tableau-developer-ssrs-sql-us-based-mnc-immediate-kezan-consulting-gurugram-bengaluru-5-to-8-years-070526016671
Tableau Developer,TVS Credit Services Ltd,Chennai,3-6 Yrs,Not Available,"Tableau, SQL, Bi, Bi Tools, Data Visualization, Dashboard Development, Dashboards, Tools",Tableau Developer,Naukri,3 weeks ago,https://www.naukri.com/job-listings-tableau-developer-tvs-credit-services-ltd-chennai-3-to-6-years-120526005833
Tableau Developer,Acme Services,Bengaluru,2-7 Yrs,Not Available,"Project development, tableau, Matrix, Production support, Compliance, KPI, Mentor, software quality",Tableau Developer,Naukri,3+ weeks ago,https://www.naukri.com/job-listings-tableau-developer-acme-services-bengaluru-2-to-7-years-210223501168
Tableau Developer,Xpheno,Bengaluru,3-6 Yrs,Not Available,"QA, Administration, tableau, Publishing, Data modeling, Deployment, Unit testing, Monitoring",Tableau Developer,Naukri,3+ weeks ago,https://www.naukri.com/job-listings-tableau-developer-xpheno-bengaluru-3-to-6-years-100123500176
Tableau Developer,Recruito,"Hybrid - Hyderabad, Bengaluru",2-6 Yrs,7-12 Lacs PA,"Tableau, Data Visualization, Data Modeling, SQL, Modeling, Development, Data",Tableau Developer,Naukri,3 weeks ago,https://www.naukri.com/job-listings-tableau-developer-recruito-hyderabad-bengaluru-2-to-6-years-130526043451
Tableau Developer,PROCONNECT CONSULTING,Chennai,0-5 Yrs,Not Available,"tableau, Publishing, Views, RDBMS, Security implementation, Database, Data structures, DBMS",Tableau Developer,Naukri,3+ weeks ago,https://www.naukri.com/job-listings-tableau-developer-proconnect-consulting-chennai-0-to-5-years-170317500479
Tableau Developer,Barclays,Pune,8-10 Yrs,Not Available,"Stakeholder Engagement, query optimization, Coding, Analytical, Unit testing, Business strategy, Assistant Vice President, Operations",Tableau Developer,Naukri,3+ weeks ago,https://www.naukri.com/job-listings-tableau-developer-barclays-shared-services-pune-8-to-10-years-291225505663
Tableau Developer,The It Mind Services,Hyderabad,3-6 Yrs,Not Available,"tableau, PDF, Data modeling, Analytical, Sales analytics, Data analytics, Python, alteryx",Tableau Developer,Naukri,3+ weeks ago,https://www.naukri.com/job-listings-tableau-developer-the-it-mind-hyderabad-3-to-6-years-051225501813
Tableau Developer,Vivilex Technologies,Bengaluru,5-10 Yrs,Not Available,"tableau, Development",Tableau Developer,Naukri,3+ weeks ago,https://www.naukri.com/job-listings-tableau-developer-vivilex-technologies-bengaluru-5-to-10-years-070325502355
SQL Query & Tableau Developer,Overture Rede,Bengaluru,4-5 Yrs,Not Available,"tableau, query, SQL, Development",Tableau Developer,Naukri,3+ weeks ago,https://www.naukri.com/job-listings-sql-query-tableau-developer-overture-rede-pvt-ltd-bengaluru-4-to-5-years-040924501593
Tableau Developer,ASoft Global Solutions Inc.,Remote,5-10 Yrs,Not Available,"tableau, Data modeling, Analytical, Cloud, Management, Analytics, SQL, Data",Tableau Developer,Naukri,3+ weeks ago,https://www.naukri.com/job-listings-tableau-developer-asoft-global-solutions-inc-remote-5-to-10-years-070126501761
Tableau Developer,Altek Institution,Bengaluru,5-10 Yrs,Not Available,"tableau, Data modeling, Analytical, data visualization, Management, Analytics, SQL, Teaching",Tableau Developer,Naukri,3+ weeks ago,https://www.naukri.com/job-listings-tableau-developer-altek-it-training-institute-bengaluru-5-to-10-years-260325505010
Tableau Developer,IBU Consulting,Bengaluru,4-12 Yrs,Not Available,"Graphics, tableau, Usage, Storyboarding, Business analysis, Business analytics, data visualization, Data communication",Tableau Developer,Naukri,3+ weeks ago,https://www.naukri.com/job-listings-tableau-developer-ibu-consulting-bengaluru-4-to-12-years-141025502156
Tableau Developer,Squircle IT,Bengaluru,5-9 Yrs,Not Available,"Data analysis, Data visualization, Tableau Desktop, Dashboards, SQL, Development, Data, Tableau",Tableau Developer,Naukri,3+ weeks ago,https://www.naukri.com/job-listings-tableau-developer-squircle-it-consulting-services-pvt-ltd-bengaluru-5-to-9-years-140126502328
Tableau Developer,Han Digital Solution,Bengaluru,5-10 Yrs,Not Available,"Business objects, tableau, Publishing, Data modeling, Analytical, Cognos, Schema, Scheduling",Tableau Developer,Naukri,3+ weeks ago,https://www.naukri.com/job-listings-tableau-developer-han-digital-solution-bengaluru-5-to-10-years-270226502005
Tableau developer,Dbiz.ai,Kochi,2-6 Yrs,Not Available,"Computer science, Data analysis, tableau, data security, Database management, Analytical, data integrity, data visualization",Tableau Developer,Naukri,3+ weeks ago,https://www.naukri.com/job-listings-tableau-developer-dbiz-ai-kochi-2-to-6-years-060625501649
Jr Tableau Developer,Lorven Technologies,Hyderabad,2-7 Yrs,Not Available,"Computer science, Data analysis, tableau, SAS, Postgresql, MySQL, Data quality, Data warehousing",Tableau Developer,Naukri,3+ weeks ago,https://www.naukri.com/job-listings-jr-tableau-developer-lorventech-solutions-india-pvt-ltd-hyderabad-2-to-7-years-100326502851
Tableau Developer,Lets Viz Technologies,Remote,3-5 Yrs,Not Available,"lod, server, data sources, rest, modeling, dashboard development, cmdb, ui policy",Tableau Developer,Naukri,2 weeks ago,https://www.naukri.com/job-listings-tableau-developer-lets-viz-technologies-remote-3-to-5-years-200526500020
Tableau Developer,Squircle IT,Pune,2-6 Yrs,Not Available,"Data analysis, Data visualization, Tableau Desktop, Dashboards, SQL, Development, Data, Tableau",Tableau Developer,Naukri,3+ weeks ago,https://www.naukri.com/job-listings-tableau-developer-squircle-it-consulting-services-pvt-ltd-pune-2-to-6-years-140126502327
CRMA Tableau Developer,Dealermatix Technologies,Pune,2-5 Yrs,Not Available,"data quality, tableau, data modeling, data validation, design, visualization tools, data visualization, Development",Tableau Developer,Naukri,3+ weeks ago,https://www.naukri.com/job-listings-crma-tableau-developer-dealermatix-technologies-private-limited-pune-2-to-5-years-090426502581
Tableau Developer,Tech Stalwart Solution,Hyderabad,3-7 Yrs,Not Available,"c++, python, oracle, software testing, software design, version control, sql server, sql",Tableau Developer,Naukri,3+ weeks ago,https://www.naukri.com/job-listings-tableau-developer-tech-stalwart-solution-private-limited-hyderabad-3-to-7-years-030625502560
Tableau Developer,Kh Skill Academy,Pune,2-7 Yrs,Not Available,"Analytical skills, tableau, Data analysis, Data validation, Architecture, data mapping, Macros, Analytics",Tableau Developer,Naukri,3+ weeks ago,https://www.naukri.com/job-listings-tableau-developer-kh-skill-academy-pune-2-to-7-years-131022502401
tableau developer,Vayaa Systems,Hyderabad,1-3 Yrs,Not Available,"Building, tableau, Installation, Star, Manager Technology, Dashboards, Business intelligence, Setup",Tableau Developer,Naukri,3+ weeks ago,https://www.naukri.com/job-listings-tableau-developer-vayaa-systems-hyderabad-1-to-3-years-090917500491
TABLEAU DEVELOPER,Diverse Lynx,Hyderabad,4-6 Yrs,Not Available,"data warehousing, hibernate, dashboards, sql, plsql, spring, java, linux",Tableau Developer,Naukri,3+ weeks ago,https://www.naukri.com/job-listings-tableau-developer-diverse-lynx-hyderabad-4-to-6-years-250625501417
Tableau Developer,Programming.Com,Mumbai,2-5 Yrs,Not Available,"tableau, Business analysis, Analytical, data visualization, Information technology, Data warehousing, Analytics, SQL",Tableau Developer,Naukri,2 weeks ago,https://www.naukri.com/job-listings-tableau-developer-programming-com-mumbai-2-to-5-years-121224501365
Tableau Developer,Data Economy,Gurugram,4-9 Yrs,Not Available,"Business process, Business objects, tableau, Data analysis, Interpersonal skills, Data modeling, Analytical, Design development",Tableau Developer,Naukri,3+ weeks ago,https://www.naukri.com/job-listings-tableau-developer-dataeconomy-gurugram-4-to-9-years-110226503019
Tableau Developer - Emendate,Emendate India Bpo,Ahmedabad,4-9 Yrs,Not Available,"BPO, Social media analytics, tableau, Helpdesk, Analytical, Social media, Business intelligence, IT operations",Tableau Developer,Naukri,3+ weeks ago,https://www.naukri.com/job-listings-tableau-developer-emendate-emendate-india-bpo-private-limited-ahmedabad-4-to-9-years-250722500211
Tableau Developer,Nice Software Solutions,Pune,4-9 Yrs,Not Available,"server, data analysis, modeling, data validation, data warehousing, data architecture, warehouse, dashboards",Tableau Developer,Naukri,2 weeks ago,https://www.naukri.com/job-listings-tableau-developer-nice-software-solutions-pvt-ltd-pune-4-to-9-years-200526502238
Tableau developer,Programming.Com,Hyderabad,2-5 Yrs,Not Available,"tableau, Version control, GIT, Data modeling, Coding, Manager Technology, data visualization, Management",Tableau Developer,Naukri,3+ weeks ago,https://www.naukri.com/job-listings-tableau-developer-programming-com-hyderabad-2-to-5-years-121224501363
Tableau developer,Mobile Programming,Hyderabad,5-6 Yrs,Not Available,"tableau, Version control, GIT, Data modeling, Coding, Manager Technology, data visualization, Management",Tableau Developer,Naukri,3+ weeks ago,https://www.naukri.com/job-listings-tableau-developer-mobileprogramming-hyderabad-5-to-6-years-020824500609
Tableau Developer,Viaprom Technologies,Kolkata,4-5 Yrs,Not Available,"Tableau, database design, data modeling, Tableau Server, Advanced Excel, SQL, Modeling, Data",Tableau Developer,Naukri,2 weeks ago,https://www.naukri.com/job-listings-tableau-developer-viaprom-technologies-pvt-ltd-kolkata-4-to-5-years-210526922132
Tableau Developer,Educare Solutions,Gurugram,2-3 Yrs,Not Available,"data analysis, modeling, administration, bi, strong analytical skills, power bi, problem solving, solution development",Tableau Developer,Naukri,2 weeks ago,https://www.naukri.com/job-listings-tableau-developer-apsidata-solutions-gurugram-2-to-3-years-210526501416
Tableau Developer - Immediate Joiners,Spectral Consultants,Gurugram,1-3 Yrs,Not Available,"tableau, Server security, Production support, System maintenance, Issue resolution, Deployment, Technical architecture, Troubleshooting",Tableau Developer,Naukri,3+ weeks ago,https://www.naukri.com/job-listings-tableau-developer-immediate-joiners-spectral-consultants-gurugram-1-to-3-years-230924500577
Tableau Developer,Procdna,Gurugram,1-5 Yrs,Not Available,"Team management, Project management, Pharma, Analytical, Consulting, Project planning, Business intelligence, Stakeholder management",Tableau Developer,Naukri,3+ weeks ago,https://www.naukri.com/job-listings-tableau-developer-procdna-gurugram-1-to-5-years-100426500507
Tableau Developer,Perficient,Ahmedabad,3-5 Yrs,Not Available,"Training, tableau, Production, Deployment, Research, Management, Technical documentation, Documentation",Tableau Developer,Naukri,3+ weeks ago,https://www.naukri.com/job-listings-tableau-developer-ipath-solutions-ahmedabad-3-to-5-years-171022501120
Tableau Developer,Imurgence,Jamshedpur,3-5 Yrs,Not Available,"Administration, Front end, Data modeling, Infrastructure, Performance optimization, Deployment, Business modeling, Subject Matter Expert",Tableau Developer,Naukri,3+ weeks ago,https://www.naukri.com/job-listings-tableau-developer-imurgence-jamshedpur-3-to-5-years-220221501629
Tableau Developer,Swast Solutions,Gurugram,2-4 Yrs,Not Available,"Database testing, Usage, tableau, Data modeling, Test management, Database, data visualization, Troubleshooting",Tableau Developer,Naukri,3+ weeks ago,https://www.naukri.com/job-listings-tableau-developer-swast-solutions-private-limited-gurugram-2-to-4-years-141124505348
Tableau Developer,Programming.Com,Gurugram,2-5 Yrs,Not Available,"Analytical skills, tableau, Version control, GIT, Data modeling, data manipulation, Agile development, data visualization",Tableau Developer,Naukri,3+ weeks ago,https://www.naukri.com/job-listings-tableau-developer-programming-com-gurugram-2-to-5-years-121224501364
Tableau Developer,Team Computers,New Delhi,3-5 Yrs,Not Available,"tableau, Architecture, query, Design development, Deployment, Management, Business intelligence, SQL",Tableau Developer,Naukri,3+ weeks ago,https://www.naukri.com/job-listings-tableau-developer-team-computers-pvt-ltd-new-delhi-3-to-5-years-241125506225
Tableau Developer,Remunance Systems,Kalyani,4-9 Yrs,Not Available,"Supply chain, Data management, Data collection, Data structures, Oracle, Business intelligence, JIRA, Operations",Tableau Developer,Naukri,3+ weeks ago,https://www.naukri.com/job-listings-tableau-developer-remunance-system-pvt-ltd-kalyani-4-to-9-years-071025502235
Tableau Developer,MS Guide World,Pune,3-8 Yrs,Not Available,"tableau, Data modeling, Talent acquisition, data security, Data quality, Troubleshooting, Business intelligence, Recruitment",Tableau Developer,Naukri,3+ weeks ago,https://www.naukri.com/job-listings-tableau-developer-ms-guide-world-pune-3-to-8-years-260225502837
Tableau Developer,Han Digital Solution,"Mumbai, Nagpur, Thane, Nashik, Pune, Aurangabad",4-8 Yrs,Not Available,"server, modeling, data analysis, data analytics, data manipulation, power bi, data warehousing, interactive reports",Tableau Developer,Naukri,3+ weeks ago,https://www.naukri.com/job-listings-tableau-developer-han-digital-solution-mumbai-nagpur-thane-nashik-pune-aurangabad-4-to-8-years-221125501380
Tableau Developer,PSRTEK,Pune,6-11 Yrs,Not Available,"tableau, Usage, Web technologies, Business Analyst, Banking, SQL, Development, Business analysis",Tableau Developer,Naukri,3+ weeks ago,https://www.naukri.com/job-listings-tableau-developer-psr-tek-pune-6-to-11-years-070426500455
Tableau Developer,Diverse Lynx,Hyderabad,2-6 Yrs,Not Available,"tableau, databases, Development, DBMS",Tableau Developer,Naukri,3+ weeks ago,https://www.naukri.com/job-listings-tableau-developer-diverse-lynx-hyderabad-2-to-6-years-070623500900
Tableau DEVELOPER,Diverse Lynx,Hyderabad,2-6 Yrs,Not Available,"tableau, professional, Development",Tableau Developer,Naukri,3+ weeks ago,https://www.naukri.com/job-listings-tableau-developer-diverse-lynx-hyderabad-2-to-6-years-100523502412
tableau developer,Diverse Lynx,Pune,2-6 Yrs,Not Available,"Data analysis, Data validation, tableau, Database, data mapping, Management, Troubleshooting, Analytics",Tableau Developer,Naukri,3+ weeks ago,https://www.naukri.com/job-listings-tableau-developer-diverse-lynx-pune-2-to-6-years-100523501222
Tableau Developer,Diverse Lynx,Mumbai,2-6 Yrs,Not Available,"SQL queries, tableau, Usage, Statistical analysis, BI Analyst, Analytical, Executive management, Organization design",Tableau Developer,Naukri,3+ weeks ago,https://www.naukri.com/job-listings-tableau-developer-diverse-lynx-mumbai-2-to-6-years-060123500842
Tableau developer,Diverse Lynx,Pune,2-6 Yrs,Not Available,"SQL queries, tableau, Statistical analysis, BI Analyst, Analytical, Executive management, Organization design, Technical support",Tableau Developer,Naukri,3+ weeks ago,https://www.naukri.com/job-listings-tableau-developer-diverse-lynx-pune-2-to-6-years-300523501300
Tableau Developer,Black and white Business Solution,"Kolkata, Pune, Chennai",4-9 Yrs,Not Available,"Tableau, Dashboard Development, Bi Tools, Tableau Reporting, Tools, Development, Bi, Dashboards",Tableau Developer,Naukri,2 weeks ago,https://www.naukri.com/job-listings-tableau-developer-black-and-white-business-solutions-kolkata-pune-chennai-4-to-9-years-190526034789
Senior Software Engineer-Tableau Developer,Wells Fargo,Hyderabad,4-9 Yrs,Not Available,"software engineer, tableau dashboards, performance tuning, performance monitoring, data engineering, sql, monitoring tools, analytics",Tableau Developer,Naukri,1 day ago,https://www.naukri.com/job-listings-senior-software-engineer-tableau-developer-wells-fargo-international-solutions-private-ltd-hyderabad-4-to-9-years-050626923324
Legal & Integrity Operations Developer & Data Analyst,Hitachi Energy,Bengaluru,1-5 Yrs,Not Available,"Telecom, Data management, Legal, Manager Technology, power bi, User support, Data Analyst, microsoft",Tableau Developer,Naukri,3+ weeks ago,https://www.naukri.com/job-listings-legal-integrity-operations-developer-data-analyst-hitachi-energy-bengaluru-1-to-5-years-171024500680
Tableau Developer/Data Engineer,Nublogics,Hyderabad,2-5 Yrs,Not Available,"hive, cloudera, python, data analysis, scala, big data analytics, data warehousing, pyspark",Tableau Developer,Naukri,3+ weeks ago,https://www.naukri.com/job-listings-tableau-developer-data-engineer-nublogics-hyderabad-2-to-5-years-251024501643
Senior Tableau Developer,KPI Partners,"Hybrid - Hyderabad, Pune, Bengaluru",8-10 Yrs,30-45 Lacs PA,"SAP BO, Tableau, QlikView, SAP, Bo, Senior, Development",Tableau Developer,Naukri,2 days ago,https://www.naukri.com/job-listings-senior-tableau-developer-kpi-partners-hyderabad-pune-bengaluru-8-to-10-years-040626018395
Tableau & Power BI Developer,Aziro,Bengaluru,4-6 Yrs,Not Available,"Data validation, Data modeling, Agile, power bi, Subject Matter Expert, microsoft, Stakeholder management, Quality analysis",Tableau Developer,Naukri,1 day ago,https://www.naukri.com/job-listings-tableau-power-bi-developer-msys-tech-india-pvt-ltd-bengaluru-4-to-6-years-050626501597
Tableau Snowflake Developer,Tech Mahindra,"Hyderabad, Chennai, Bengaluru",6-10 Yrs,8.5-18.5 Lacs PA,"Snowflake, Tableau, Python, Development",Tableau Developer,Naukri,2 weeks ago,https://www.naukri.com/job-listings-tableau-snowflake-developer-lecan-solutions-hyderabad-chennai-bengaluru-6-to-10-years-120526034410
Power BI and Tableau Developer,Kiya.ai,"Mumbai Suburban, Thane, Mumbai (All Areas)",2-5 Yrs,Not Available,"Power Bi, Oracle, plsql, Tableau, Bi, Development",Tableau Developer,Naukri,2 weeks ago,https://www.naukri.com/job-listings-power-bi-and-tableau-developer-kiya-ai-mumbai-suburban-thane-mumbai-all-areas-2-to-5-years-180526008030
Tableau Developer,Acme Services,Gurugram,2-7 Yrs,Not Available,"tableau, power bi, Python, Data interpretation, Development, Data, Bi, Interpretation",Tableau Developer,Naukri,3+ weeks ago,https://www.naukri.com/job-listings-tableau-developer-acme-services-gurugram-2-to-7-years-130623500855
Tableau Developer,Han Digital Solution,"Lakshadweep, Panaji, Dadra & Nagar Haveli, Nagar, North & Middle Andaman, Daman & Diu, New Delhi, Jammu",4-8 Yrs,Not Available,"tableau, Excel, Data modeling, Coding, Project management, Macros, Database management system, Analytics",Tableau Developer,Naukri,3+ weeks ago,https://www.naukri.com/job-listings-tableau-developer-han-digital-solution-lakshadweep-panaji-dadra-nagar-haveli-nagar-north-middle-andaman-daman-diu-new-delhi-jammu-4-to-8-years-241125506017
Tableau + Python Developer,ALT Digital Technologies,Bengaluru,4-9 Yrs,Not Available,"Automation, Version control, GIT, Analytical, Data processing, Information technology, Python, SQL",Tableau Developer,Naukri,3+ weeks ago,https://www.naukri.com/job-listings-tableau-python-developer-alt-digital-technologies-bengaluru-4-to-9-years-191125507304
"Tableau, ETL Developer",Logic Planet,Pune,4-6 Yrs,Not Available,"tableau, SQL database, Data processing, Perl, Scheduling, Unix shell scripting, SQL, Python",Tableau Developer,Naukri,3+ weeks ago,https://www.naukri.com/job-listings-tableau-etl-developer-logicplanet-it-services-pune-4-to-6-years-200226501365
Tableau BI Developer,Cloudza Technologies,Kochi,5-10 Yrs,Not Available,"tableau, Data modeling, Javascript, Deployment, sap hana, Data warehousing, Statistics, SQL",Tableau Developer,Naukri,3+ weeks ago,https://www.naukri.com/job-listings-tableau-bi-developer-cloudza-technologies-kochi-5-to-10-years-171025502448
"Snowflake Developer (Dbt, HVR, Matillion, Tableau)",PSRTEK,Bengaluru,5-10 Yrs,Not Available,"Analytical skills, SQL queries, Data analysis, tableau, Cloud, data integrity, Informatica, AWS",Tableau Developer,Naukri,3+ weeks ago,https://www.naukri.com/job-listings-snowflake-developer-dbt-hvr-matillion-tableau-psr-tek-bengaluru-5-to-10-years-090426506282
Business Interlock Analyst,Accenture,Bengaluru,3-5 Yrs,Not Available,"microsoft office suite, project management, data analysis, data analytics, business analysis, wireframing, photoshop, user stories",Tableau Developer,Naukri,4 days ago,https://www.naukri.com/job-listings-business-interlock-analyst-accenture-solutions-pvt-ltd-bengaluru-3-to-5-years-020626921194
Senior Associate - Tableau Developer,Acuity Knowledge Partners,Gurugram,0-5 Yrs,Not Available,"lod, server, snowflake, charts, software testing, bi, dashboards, data engineering",Tableau Developer,Naukri,1 week ago,https://www.naukri.com/job-listings-senior-associate-tableau-developer-acuity-knowledge-partners-gurugram-0-to-5-years-260526506256
Senior Software Engineer - Tableau Developer,CGI,Chennai,7-8 Yrs,Not Available,"Software Engineer, Query Optimization, Performance Optimization, Compliance, Sql Server, Ai, Tableau Dashboards, Tableau",Tableau Developer,Naukri,1 week ago,https://www.naukri.com/job-listings-senior-software-engineer-tableau-developer-cgi-information-systems-and-management-consultants-chennai-7-to-8-years-290526910503
Data analyst,Hinduja Housing Finance,Chennai,3-7 Yrs,Not Available,"Power BI, Data Visualization, Tableau, Looker, SQL, Excel, Qlik sense, Dashboards",Tableau Developer,Naukri,2 weeks ago,https://www.naukri.com/job-listings-data-analyst-hinduja-housing-finance-chennai-3-to-7-years-210526006781
Business Analyst,Canaco Technologies,Remote,1-3 Yrs,Not Available,"macros, data analysis, dashboard development, presentation skills, business analysis, power bi, dashboards, business intelligence",Tableau Developer,Naukri,3+ weeks ago,https://www.naukri.com/job-listings-business-analyst-canaco-technologies-remote-1-to-3-years-160426503539
Business Analyst,Relic Consultancy Services,Hyderabad,4-5 Yrs,Not Available,"Retail, tableau, RDBMS, Machine learning, E-commerce, QlikView, Stakeholder management, Analytics",Tableau Developer,Naukri,3+ weeks ago,https://www.naukri.com/job-listings-business-analyst-relic-consultancy-services-hyderabad-4-to-5-years-170123500324
Senior Tableau Developer,Marktine,Remote,6-11 Yrs,Not Available,"tableau, Publishing, Data modeling, GCP, Analytical, Cloud, data visualization, Stakeholder management",Tableau Developer,Naukri,5 days ago,https://www.naukri.com/job-listings-senior-tableau-developer-marktine-remote-6-to-11-years-010626504759
Business Analyst,Prgx India,Pune,2-3 Yrs,Not Available,"tableau, qlik sense, Business Analyst, Data modeling, Data quality, data visualization, SQL, Quality",Tableau Developer,Naukri,3+ weeks ago,https://www.naukri.com/job-listings-business-analyst-prgx-india-pvt-ltd-pune-2-to-3-years-270722500666
Security Specialist-system developer & Data Analyst,Foxconn,"Bangalore Rural, Bengaluru",6-10 Yrs,Not Available,"Security system Developer, Security Systems Administration, Configuration & Deployment, SQL, Excel, Power Bi, Software Integration, Compliance & Documentation",Tableau Developer,Naukri,3+ weeks ago,https://www.naukri.com/job-listings-security-specialist-system-developer-data-analyst-foxconn-bangalore-rural-bengaluru-6-to-10-years-090526000564
Application Developer,Accenture,Bengaluru,0-1 Yrs,Not Available,"application developer, sap, oracle, business process, sap modules, sap fi, sap fiori, design",Tableau Developer,Naukri,2 weeks ago,https://www.naukri.com/job-listings-application-developer-accenture-solutions-pvt-ltd-bengaluru-0-to-1-years-180526923580
Application Developer-Google Cloud FullStack,IBM,Bangalore Rural,7-9 Yrs,Not Available,"continuous integration, modeling, ibm cloud, ci/cd, dbms, networking, storage, apache zookeeper",Tableau Developer,Naukri,2 days ago,https://www.naukri.com/job-listings-application-developer-google-cloud-fullstack-ibm-bangalore-rural-7-to-9-years-040626029471
Application Developer-Cloud FullStack,IBM,Bangalore Rural,4-6 Yrs,Not Available,"css, soa, jee, hibernate, apigee, microservices, spring, cloud",Tableau Developer,Naukri,Today,https://www.naukri.com/job-listings-application-developer-cloud-fullstack-ibm-bangalore-rural-4-to-6-years-060626003606
.NET Application Developer (React + AI Tools),Hexaware Technologies,"Hybrid - Bangalore Rural, Chennai, Mumbai (All Areas)",7-12 Yrs,Not Available,".Net Core, Artificial Intelligence, React.Js, Ai Solutions, Intelligence, Core, Application, Tools",Tableau Developer,Naukri,1 day ago,https://www.naukri.com/job-listings-net-application-developer-react-ai-tools-hexaware-technologies-bangalore-rural-chennai-mumbai-all-areas-7-to-12-years-050626005202
Application Developer-AWS Cloud FullStack,IBM,"Hyderabad, Bangalore Rural",6-7 Yrs,Not Available,"continuous integration, aws iam, api gateway, quarkus, ci/cd, express, eks, cloudfront",Tableau Developer,Naukri,2 days ago,https://www.naukri.com/job-listings-application-developer-aws-cloud-fullstack-ibm-hyderabad-bangalore-rural-6-to-7-years-040626028179
Application Developer-SAP Enterprise Integration,IBM,Bangalore Rural,5-7 Yrs,Not Available,"rest, process integration, project management, sap, web services, soa, sap xi, edi",Tableau Developer,Naukri,1 day ago,https://www.naukri.com/job-listings-application-developer-sap-enterprise-integration-ibm-bangalore-rural-5-to-7-years-050626006479
AI Business Analyst,Alstom,Bengaluru,5-10 Yrs,Not Available,"business analyst, confluence, data analytics, alm, data pipelines, ai, microsoft azure, power bi",Tableau Developer,Naukri,3 weeks ago,https://www.naukri.com/job-listings-ai-business-analyst-alstom-transport-india-ltd-bengaluru-5-to-10-years-110526929285
Application Developer-Google Cloud FullStack,IBM,Bengaluru,3-5 Yrs,Not Available,"Application Developer, Java, Networking, Cloud Services, Apis, User Interface, Kafka, Devsecops",Tableau Developer,Naukri,1 day ago,https://www.naukri.com/job-listings-application-developer-google-cloud-fullstack-ibm-india-pvt-limited-bengaluru-3-to-5-years-050626922799
Application Developer-Microsoft Cloud,IBM,Bangalore Rural,6-8 Yrs,Not Available,"data, scala, azure data factory, t-sql, azure devops, sql, cloud, gen",Tableau Developer,Naukri,2 days ago,https://www.naukri.com/job-listings-application-developer-microsoft-cloud-ibm-bangalore-rural-6-to-8-years-040626029451
Application Developer-Mobile,IBM,Bengaluru,7-9 Yrs,Not Available,"Application Developer, Java, Mobile Platforms, Architecture, Apis, Programming, Api Integration, Java Programming",Tableau Developer,Naukri,1 day ago,https://www.naukri.com/job-listings-application-developer-mobile-ibm-india-pvt-limited-bengaluru-7-to-9-years-050626922797
Application Developer-Azure Cloud FullStack,IBM,Bangalore Rural,5-8 Yrs,Not Available,"service bus, github, cache, spa, microsoft azure, azure logic apps, apache zookeeper, azure devops",Tableau Developer,Naukri,2 days ago,https://www.naukri.com/job-listings-application-developer-azure-cloud-fullstack-ibm-bangalore-rural-5-to-8-years-040626029448
Application Developer-AWS Cloud FullStack,IBM,"Pune, Bangalore Rural",6-7 Yrs,Not Available,"continuous integration, aws iam, api gateway, quarkus, ci/cd, express, eks, cloudfront",Tableau Developer,Naukri,2 days ago,https://www.naukri.com/job-listings-application-developer-aws-cloud-fullstack-ibm-pune-bangalore-rural-6-to-7-years-040626019142
Application Developer-IBM Integration,IBM,Bangalore Rural,7-9 Yrs,Not Available,"ansi x2, cloud integration, mq, apic, ibm cloud, consulting, ibm integration bus, edifact",Tableau Developer,Naukri,2 days ago,https://www.naukri.com/job-listings-application-developer-ibm-integration-ibm-bangalore-rural-7-to-9-years-040626028152
Application Developer-Mobile,IBM,Bangalore Rural,5-7 Yrs,Not Available,"mobility, api integration, android, ios, mobile application development, javascript, application development, cloud",Tableau Developer,Naukri,2 days ago,https://www.naukri.com/job-listings-application-developer-mobile-ibm-bangalore-rural-5-to-7-years-040626029461
Application Developer,EY,"Hybrid - Kochi, Gurugram, Bengaluru",9-14 Yrs,Not Available,"Power Platform, Microsoft Power Automate, Powerapps, Microsoft, Development, Application development, Application",Tableau Developer,Naukri,1 day ago,https://www.naukri.com/job-listings-application-developer-ey-kochi-gurugram-bengaluru-9-to-14-years-050626024759
Application Developer-Microsoft Cloud,IBM,Bengaluru,6-8 Yrs,Not Available,"Application Developer, Java, Azure, Data Pipelines, Scala, Sql Server, Ai, Programming",Tableau Developer,Naukri,1 day ago,https://www.naukri.com/job-listings-application-developer-microsoft-cloud-ibm-india-pvt-limited-bengaluru-6-to-8-years-050626922791
Application Developer-IBM Integration,IBM,Bengaluru,7-9 Yrs,Not Available,"Application Developer, Software Systems, Application Development, Design, Cloud Integration, Ibm Cloud, Cloud",Tableau Developer,Naukri,1 day ago,https://www.naukri.com/job-listings-application-developer-ibm-integration-ibm-india-pvt-limited-bengaluru-7-to-9-years-050626922430
Application Developer-Azure Cloud FullStack,IBM,Bengaluru,7-9 Yrs,Not Available,"Application Developer, Azure, Architecture, Github, Kafka, Infrastructure As Code, Devsecops, Full Stack",Tableau Developer,Naukri,1 day ago,https://www.naukri.com/job-listings-application-developer-azure-cloud-fullstack-ibm-india-pvt-limited-bengaluru-7-to-9-years-050626922649
Application Developer-Cloud FullStack,IBM,Bengaluru,9-12 Yrs,Not Available,"Application Developer, Java, Cloud Security, Hibernate, Automation, Html5, Network Security, React",Tableau Developer,Naukri,1 day ago,https://www.naukri.com/job-listings-application-developer-cloud-fullstack-ibm-india-pvt-limited-bengaluru-9-to-12-years-050626922778
.NET Application Developer || Bangalore,Capgemini,Hybrid - Bengaluru,4-8 Yrs,Not Available,"C#, .Net Core, .Net, ASP.Net, MVC, Core, Development, Application",Tableau Developer,Naukri,1 day ago,https://www.naukri.com/job-listings-net-application-developer-bangalore-capgemini-bengaluru-4-to-8-years-050626011409
Application Developer-AWS Cloud Fullstack,IBM,Bengaluru,6-8 Yrs,Not Available,"Application Developer, Java, Api Gateway, Architecture, Aws Services, User Interface, Kafka, Devsecops",Tableau Developer,Naukri,2 days ago,https://www.naukri.com/job-listings-application-developer-aws-cloud-fullstack-ibm-india-pvt-limited-bengaluru-6-to-8-years-040626931176
Application Developer-AWS Cloud FullStack,IBM,Bengaluru,6-7 Yrs,Not Available,"Application Developer, Java, Api Gateway, Architecture, Aws Services, User Interface, Kafka, Devsecops",Tableau Developer,Naukri,2 days ago,https://www.naukri.com/job-listings-application-developer-aws-cloud-fullstack-ibm-india-pvt-limited-bengaluru-6-to-7-years-040626930736
Application Developer,Accenture,Gurugram,3-8 Yrs,Not Available,"Debugging, Css, Construction, Apis, User Experience, Programming, Html, Salesforce Lightning",Tableau Developer,Naukri,2 days ago,https://www.naukri.com/job-listings-application-developer-accenture-solutions-pvt-ltd-gurugram-3-to-8-years-040626920470
Data Analyst,Bromine Infotech,Bengaluru,3-5 Yrs,Not Available,"python, tableau, data analysis, analysis tools, power bi, communication skills, Analysis",Tableau Developer,Naukri,3+ weeks ago,https://www.naukri.com/job-listings-data-analyst-bromine-infotech-bengaluru-3-to-5-years-220525506513
Business Analyst,Hsbc,Bengaluru,1-4 Yrs,Not Available,"tableau, process analysis, business analysis, protocols, dashboards, reporting tools, scope management, Analysis",Tableau Developer,Naukri,3+ weeks ago,https://www.naukri.com/job-listings-business-analyst-hsbc-electronic-data-processing-india-pvt-ltd-bengaluru-1-to-4-years-201125504404
Staff Specialist / Data Analyst,Infineon,Bengaluru,5-8 Yrs,Not Available,"python, data analysis, modeling, business requirements, mathematics, presentation skills, pyspark, data integrity",Tableau Developer,Naukri,3+ weeks ago,https://www.naukri.com/job-listings-staff-specialist-data-analyst-infineon-technologies-pvt-ltd-bengaluru-5-to-8-years-131025500161
Sr Tableau Developer,Lorven Technologies,Hyderabad,2-7 Yrs,Not Available,"Computer science, Data analysis, tableau, SAS, Postgresql, MySQL, Data quality, Data warehousing",Tableau Developer,Naukri,3+ weeks ago,https://www.naukri.com/job-listings-sr-tableau-developer-lorventech-solutions-india-pvt-ltd-hyderabad-2-to-7-years-090326500554
Senior Tableau Developer - Immediate Joiner,NxDT,Remote,7-12 Yrs,20-30 Lacs PA,"Visualization Features, Tableau Professional certification, Tableau Server/Online, Tableau dashboards, Building custom maps, Advanced Interactivity, LOD calculations., Data Control",Tableau Developer,Naukri,2 weeks ago,https://www.naukri.com/job-listings-senior-tableau-developer-immediate-joiner-nxdt-indore-7-to-12-years-190526029697
Senior Tableau Developer with SQL,IDESLABS,Hyderabad,7-15 Yrs,Not Available,"tableau, Data Architect, SQL, Data architecture, Senior, Architecture, Development, Data",Tableau Developer,Naukri,3+ weeks ago,https://www.naukri.com/job-listings-senior-tableau-developer-with-sql-ideslabs-private-limited-hyderabad-7-to-15-years-110124501564
Tableau Developer (with Salesforce Expertise),Cloud Analogy,Noida,5-10 Yrs,Not Available,"Performance tuning, tableau, Scalability, Data modeling, Schema, Analytics, Salesforce CRM, SQL",Tableau Developer,Naukri,3+ weeks ago,https://www.naukri.com/job-listings-tableau-developer-with-salesforce-expertise-cloud-analogy-noida-5-to-10-years-010925500680
Application Developer-Microsoft Power Platform,IBM,Bengaluru,5-8 Yrs,Not Available,"Application Developer, Azure, Automation, Process Automation, Power Bi, Data Management, Ai, Power Platform",Tableau Developer,Naukri,1 week ago,https://www.naukri.com/job-listings-application-developer-microsoft-power-platform-ibm-india-pvt-limited-bengaluru-5-to-8-years-270526924323
Power Apps Developer,Tata Consultancy Services,"Kochi, Chennai, Bengaluru",3-8 Yrs,Not Available,"Microsoft Power Automate, Power Platform, Power Apps Development, Powerapps, Microsoft, Application, Development",Tableau Developer,Naukri,1 week ago,https://www.naukri.com/job-listings-power-apps-developer-tata-consultancy-services-kochi-chennai-bengaluru-3-to-8-years-230326005478
Data Stage Developer,Tata Consultancy Services,"Hyderabad, Chennai, Bengaluru",5-10 Yrs,Not Available,"Datastage, Data Warehousing, Etl Datastage, SQL, ETL, Development, Data, Warehouse",Tableau Developer,Naukri,Today,https://www.naukri.com/job-listings-data-stage-developer-tata-consultancy-services-hyderabad-chennai-bengaluru-5-to-10-years-060626003420
.NET Application Developer,Capgemini,"Hybrid - Hyderabad, Pune, Bengaluru",4-9 Yrs,Not Available,"C#, .Net Core, Web Api, Entity Framework, SQL, Azure, MVC, AWS",Tableau Developer,Naukri,5 days ago,https://www.naukri.com/job-listings-net-application-developer-capgemini-hyderabad-pune-bengaluru-4-to-9-years-310526004125
Application Developer-Order Management,IBM,Bengaluru,7-9 Yrs,Not Available,"application developer, order processing, erp, crm systems, order management, api integration, customer service, logistics",Tableau Developer,Naukri,5 days ago,https://www.naukri.com/job-listings-application-developer-order-management-ibm-india-pvt-limited-bengaluru-7-to-9-years-010626912088
Data Visualisation Analyst,Pulsus Healthtech,Hyderabad,1-4 Yrs,Not Available,"Data analysis, Automation, Data management, Senior Analyst, Pharma, Analytical, Healthcare, QlikView",Tableau Developer,Naukri,3+ weeks ago,https://www.naukri.com/job-listings-data-visualisation-analyst-pulsus-group-hyderabad-1-to-4-years-181125504673
.NET Application Developer,Capgemini,"Hybrid - Pune, Bengaluru, Mumbai (All Areas)",4-9 Yrs,Not Available,"C#, .Net, Angular, Application, Development",Tableau Developer,Naukri,3 days ago,https://www.naukri.com/job-listings-net-application-developer-capgemini-pune-bengaluru-mumbai-all-areas-4-to-9-years-100326013515
Application Developer-Cloud Integration,IBM,Bengaluru,3-7 Yrs,Not Available,"application developer, rest, cloud integration, software development, configuring, cryptography, networking, cloud",Tableau Developer,Naukri,3 days ago,https://www.naukri.com/job-listings-application-developer-cloud-integration-ibm-india-pvt-limited-bengaluru-3-to-7-years-030626928130
Application Developer-Open Source,IBM,Bengaluru,6-8 Yrs,Not Available,"Application Developer, Design, Open Source, Django, Perl, Open Source Development, Issue Resolution",Tableau Developer,Naukri,3 days ago,https://www.naukri.com/job-listings-application-developer-open-source-ibm-india-pvt-limited-bengaluru-6-to-8-years-030626928088
Application Developer-Commerce Transformation,IBM,Bengaluru,4-6 Yrs,Not Available,"application developer, ux, order management, api integration, full stack development, cloud native, qa, analytics",Tableau Developer,Naukri,3 days ago,https://www.naukri.com/job-listings-application-developer-commerce-transformation-ibm-india-pvt-limited-bengaluru-4-to-6-years-030626928046
Application Developer-Microsoft Dynamics 365 Finance & Operations,IBM,Bengaluru,7-9 Yrs,Not Available,"finance, microsoft dynamics 365, application developer, operations, design, microsoft dynamics, data migration, business operations",Tableau Developer,Naukri,3 days ago,https://www.naukri.com/job-listings-application-developer-microsoft-dynamics-365-finance-operations-ibm-india-pvt-limited-bengaluru-7-to-9-years-030626922807
Application Developer-Java & Web Technologies,IBM,Bengaluru,5-7 Yrs,Not Available,"application developer, data processing, batch processing, programming principles, user experience, enterprise systems, java frameworks, ruby",Tableau Developer,Naukri,3 days ago,https://www.naukri.com/job-listings-application-developer-java-web-technologies-ibm-india-pvt-limited-bengaluru-5-to-7-years-030626922764
Application Developer,Accenture,Chennai,3-8 Yrs,Not Available,"Application Developer, Automation, Data Pipelines, Debugging, User Experience, Analytics, Software Solutions, Scripting",Tableau Developer,Naukri,4 days ago,https://www.naukri.com/job-listings-application-developer-accenture-solutions-pvt-ltd-chennai-3-to-8-years-020626920221
Application Developer-Eai,IBM,Bengaluru,3-5 Yrs,Not Available,"Application Developer, Performance Optimization, Api Development, Apis, Http, Encryption, Soap, Data Exchange",Tableau Developer,Naukri,4 days ago,https://www.naukri.com/job-listings-application-developer-eai-ibm-india-pvt-limited-bengaluru-3-to-5-years-020626919043
Application Developer,Accenture,Pune,2-5 Yrs,Not Available,"sap business objects data services, sql, etl, data integration, process transformation, data services, sap bi, sap",Tableau Developer,Naukri,5 days ago,https://www.naukri.com/job-listings-application-developer-accenture-solutions-pvt-ltd-pune-2-to-5-years-010626918994
Tableau SQL ETL Developer,Barclays,Pune,3-6 Yrs,Not Available,"tableau, Senior Analyst, Coding, Service excellence, Manager Technology, Unit testing, Continuous improvement, Operations",Etl Developer,Naukri,3+ weeks ago,https://www.naukri.com/job-listings-tableau-sql-etl-developer-barclays-shared-services-pune-3-to-6-years-180326500965
"Python developer( SQL, REST API, ETL) - Virtual Interview - 31 Dec",Tata Consultancy Services,"Kolkata, Bengaluru, Mumbai (All Areas)",4-9 Yrs,Not Available,"API, Python, SQL, Rest, Python Development, Interviewing, DEC, ETL",Etl Developer,Naukri,3 days ago,https://www.naukri.com/job-listings-python-developer-sql-rest-api-etl-virtual-interview-31-dec-tata-consultancy-services-kolkata-bengaluru-mumbai-all-areas-4-to-9-years-291225014397
ETL Developer(Talend),Conneqt,Bengaluru,3-6 Yrs,Not Available,"[] ETL Developer(Talend), ETL, ETL Development, Development, Talend",Etl Developer,Naukri,3+ weeks ago,https://www.naukri.com/job-listings-etl-developer-talend-conneqtbusinesssolutions-bengaluru-3-to-6-years-130125504729
ETL Developer,Katbotz Llc,Remote,5-10 Yrs,Not Available,"Performance tuning, SQL queries, metadata, GIT, Version control, Data modeling, Cloud, business rules",Etl Developer,Naukri,3 days ago,https://www.naukri.com/job-listings-etl-developer-katbotz-llc-remote-5-to-10-years-030626505332
"ETL Developer with Python, Pyspark- Hyderabad Location",Infosys,Hyderabad,5-10 Yrs,Not Available,"Pyspark, ETL, Python, Data Pipeline, Pipeline, Development, Data",Etl Developer,Naukri,3 days ago,https://www.naukri.com/job-listings-etl-developer-with-python-pyspark-hyderabad-location-infosys-hyderabad-5-to-10-years-020626027693
AWS ETL Developer,Hiring Squad,Bengaluru,5-7 Yrs,12-16 Lacs PA,"AWS services, ETL, AWS, Python, NAT, Java, Vpc, Designing Etl",Etl Developer,Naukri,3 days ago,https://www.naukri.com/job-listings-aws-etl-developer-hiring-squad-bengaluru-5-to-7-years-030626022033
ETL Developer // 5-9 years // MUMBAI,2coms,Mumbai,5-9 Yrs,Not Available,"continuous integration, data, azure data factory, microsoft, azure devops, sql, sql azure, git",Etl Developer,Naukri,2 days ago,https://www.naukri.com/job-listings-etl-developer-5-9-years-mumbai-2coms-mumbai-5-to-9-years-040626026230
Oracle ETL Developer,Valuelabs,Hybrid - Hyderabad,7-12 Yrs,15-27.5 Lacs PA,"Oracle Data Integrator, Oracle SQL, Scheduler, Cloud, Etl Development, ODI, Control-M, Informatica",Etl Developer,Naukri,1 week ago,https://www.naukri.com/job-listings-oracle-etl-developer-valuelabs-hyderabad-7-to-12-years-270526040283
Etl Developer,Tekskills india,Bengaluru,4-6 Yrs,Not Available,"Informatica Powercenter, Powercenter, Etl Informatica, ETL Development, ETL, Development, Informatica",Etl Developer,Naukri,1 week ago,https://www.naukri.com/job-listings-etl-developer-tekskills-bengaluru-4-to-6-years-290526916062
AWS ETL Developer,Conneqt,Bengaluru,4-8 Yrs,Not Available,"AWS data engineer, ETL, Aws Glue, AWS ETL, Glue, Development, Data, AWS",Etl Developer,Naukri,1 day ago,https://www.naukri.com/job-listings-aws-etl-developer-conneqt-bengaluru-4-to-8-years-050626023035
Etl Developer,Mastek,Hybrid - Bengaluru,6-9 Yrs,10-18 Lacs PA,"Administration, Etl Development, Informatica, Development, ETL",Etl Developer,Naukri,1 week ago,https://www.naukri.com/job-listings-etl-developer-mastek-bengaluru-6-to-9-years-290526007172
"Python, PySpark, ETL Developer",Infosys,Hyderabad,2-5 Yrs,Not Available,"Etl Developer, Etl Pipelines, Data Validation, Pyspark, Data Pipelines, Data Structures, Debugging, Big Data",Etl Developer,Naukri,5 days ago,https://www.naukri.com/job-listings-python-pyspark-etl-developer-infosys-limited-hyderabad-2-to-5-years-010626922794
Etl Developer,Fortune India 500 IT Services Firm,Bengaluru,6-10 Yrs,Not Available,"Informatica Iics, MongoDB, Javascript, Development, Informatica, ETL Development, ETL, Iics",Etl Developer,Naukri,1 week ago,https://www.naukri.com/job-listings-etl-developer-tekskills-bengaluru-6-to-10-years-290526916658
Etl Developer- Coalesce Tool,Coforge,"Hybrid - Hyderabad, Pune, Greater Noida",4-6 Yrs,Not Available,"Etl Development, Coalesce, SQL, Development, ETL, Tools",Etl Developer,Naukri,1 week ago,https://www.naukri.com/job-listings-etl-developer-coalesce-tool-coforge-hyderabad-pune-greater-noida-4-to-6-years-270526018570
ETL Developer - ODI Developer,Expleo,Chennai,5-6 Yrs,Not Available,"Data migration, Warehouse, Oracle SQL, Architecture, Programming, Database, PLSQL, Data warehousing",Etl Developer,Naukri,4 days ago,https://www.naukri.com/job-listings-etl-developer-odi-developer-expleo-group-chennai-5-to-6-years-020626500286
ETL Developer,Tata Consultancy Services,"Hyderabad, Chennai, Bengaluru",7-12 Yrs,Not Available,"etl, ETL Developer, ETL Testing, Development, ETL Development, Software testing",Etl Developer,Naukri,5 days ago,https://www.naukri.com/job-listings-etl-developer-tata-consultancy-services-hyderabad-chennai-bengaluru-7-to-12-years-010626006655
ETL Developer (Snowflake + Azure),Coforge,"Hyderabad, Pune, Greater Noida",10-15 Yrs,Not Available,"Snowflake, etl, Azure Data Factory, python, Pandas, pyspark, Data Warehousing, Numpy",Etl Developer,Naukri,1 week ago,https://www.naukri.com/job-listings-etl-developer-snowflake-azure-coforge-hyderabad-pune-greater-noida-10-to-15-years-260526013996
KNIME ETL Developer,HCLTech,India,5-9 Yrs,Not Available,"Knime analytics platform, DB Nodes, Db Queries, DB Insert, DB Merge, Data Modeling, Timestamp-based delta loads, Load",Etl Developer,Naukri,4 days ago,https://www.naukri.com/job-listings-knime-etl-developer-hcltech-india-5-to-9-years-250526019322
ETL Developer,Tekskills,Hybrid - Bengaluru,4-9 Yrs,Not Available,"Jinja, Snowflake, Pentaho, SQL, ETL, Development, ETL Development",Etl Developer,Naukri,1 week ago,https://www.naukri.com/job-listings-etl-developer-tekskills-bengaluru-4-to-9-years-290526916119
Etl Developer,Tata Consultancy Services,"Hyderabad, Chennai, Bengaluru",6-8 Yrs,Not Available,"ETL, Etl Development, ETL Testing, Development, Software testing",Etl Developer,Naukri,3 weeks ago,https://www.naukri.com/job-listings-etl-developer-tata-consultancy-services-hyderabad-chennai-bengaluru-6-to-8-years-130526040599
Etl Developer,Tata Consultancy Services,"Pune, Chennai",4-9 Yrs,Not Available,"Etl Development, Python, SQL, ETL, Development",Etl Developer,Naukri,2 weeks ago,https://www.naukri.com/job-listings-etl-developer-tata-consultancy-services-pune-chennai-4-to-9-years-190526020499
Etl Developer,Engage Experts Management Consultancies,Gurugram,4-7 Yrs,10-17 Lacs PA,"Informatica Powercenter, Pyspark, rest api, Cdi, Aws Glue, Step Functions, SQL, Data Integration",Etl Developer,Naukri,1 week ago,https://www.naukri.com/job-listings-etl-developer-engage-experts-management-consultancies-gurugram-4-to-7-years-270526030006
Etl Developer,CGI,Hybrid - Bengaluru,5-6 Yrs,Not Available,"Etl Development, Informatica Powercenter, SQL, Informatica, ETL, Powercenter, Development",Etl Developer,Naukri,3+ weeks ago,https://www.naukri.com/job-listings-etl-developer-cgi-bengaluru-5-to-6-years-080526010493
Etl Developer,IQVIA,"Hybrid - Kochi, Bengaluru",2-7 Yrs,Not Available,"Pyspark, Databricks Engineer, ETL, Data Integration, Azure, Data Engineering, Etl Development, Data Bricks",Etl Developer,Naukri,3 weeks ago,https://www.naukri.com/job-listings-etl-developer-iqvia-kochi-bengaluru-2-to-7-years-150526008803
ETL Developer,ASoft Global Solutions Inc.,Visakhapatnam,5-10 Yrs,Not Available,"Performance tuning, Automation, Debugging, Cloud, Informatica, Data warehousing, Analytics, SQL",Etl Developer,Naukri,3+ weeks ago,https://www.naukri.com/job-listings-etl-developer-asoft-global-solutions-inc-visakhapatnam-5-to-10-years-020126502075
ETL ODI Developer,Expleo,Chennai,5-6 Yrs,Not Available,"IICS, Oracle SQL, ODI, ETL, Data Integration, SQL, Integration, Development",Etl Developer,Naukri,3 days ago,https://www.naukri.com/job-listings-etl-odi-developer-expleo-chennai-5-to-6-years-030626021347
Mid-Level ODI ETL Developers,USA Infotech Advisors,Mumbai,3-4 Yrs,Not Available,"Oracle SQL, RPD, Oracle data integrator, Troubleshooting, SQL development, Data warehousing, Data integration, Development",Etl Developer,Naukri,3+ weeks ago,https://www.naukri.com/job-listings-mid-level-odi-etl-developers-usa-infotech-advisors-mumbai-3-to-4-years-270723502313
ETL Developer / Data Engineer,Vinove Software Services Pvt Ltd,Remote,3-5 Yrs,Not Available,"hive, python, data management, talend, data warehousing, data pipeline, data engineering, scalability",Etl Developer,Naukri,1 week ago,https://www.naukri.com/job-listings-etl-developer-data-engineer-vinove-software-services-pvt-ltd-remote-3-to-5-years-290526503972
Etl Developer,Fortune India 500 IT Services Firm,Chennai,6-10 Yrs,Not Available,"Informatica Iics, MongoDB, Javascript, Informatica, Development, ETL Development, Iics, ETL",Etl Developer,Naukri,1 week ago,https://www.naukri.com/job-listings-etl-developer-tekskills-chennai-6-to-10-years-290526916656
Etl Developer,Fortune India 500 IT Services Firm,Pune,6-10 Yrs,Not Available,"Informatica Iics, MongoDB, Javascript, Development, Informatica, ETL Development, ETL, Iics",Etl Developer,Naukri,1 week ago,https://www.naukri.com/job-listings-etl-developer-tekskills-pune-6-to-10-years-290526916657
ETL Developer,Caliber Organisation,"Mumbai, Thane, Navi Mumbai",3-5 Yrs,Not Available,"ETL, data warehouse, etl tools, data pipelines, data lineage, data processing, data warehousing, elt",Etl Developer,Naukri,2 weeks ago,https://www.naukri.com/job-listings-etl-developer-caliber-organisation-mumbai-thane-navi-mumbai-3-to-5-years-220526920575
ETL Developer,Interscripts Software,Kondapur,3-5 Yrs,Not Available,"MySQL, Etl Development, Talend, SSIS, Ci Cd Pipeline, SQL Server, SQL Azure, Oracle",Etl Developer,Naukri,2 weeks ago,https://www.naukri.com/job-listings-etl-developer-interscripts-software-kondapur-3-to-5-years-220526034146
Etl Developer (Iics & Snowflake),Leading Client,Hyderabad,4-7 Yrs,Not Available,"Etl Developer, Automation, Architecture, Cloud Services, Ai, Informatica, Performance Tuning, Recovery",Etl Developer,Naukri,1 week ago,https://www.naukri.com/job-listings-etl-developer-iics-snowflake-ideslabs-private-limited-hyderabad-4-to-7-years-280526921113
ODI Developer with ETL,Tekskills India,Bengaluru,7-12 Yrs,Not Available,"Knowledge Modules, ODI Developer, ETL, Oracle Data Integrator, CKM, RKM, IKM, LKM",Etl Developer,Naukri,1 week ago,https://www.naukri.com/job-listings-odi-developer-with-etl-tekskills-bengaluru-7-to-12-years-290526916954
ODI Developer with ETL,Tekskills India,Hyderabad,7-12 Yrs,Not Available,"Knowledge Modules, ODI Developer, ETL, Oracle Data Integrator, CKM, RKM, IKM, LKM",Etl Developer,Naukri,1 week ago,https://www.naukri.com/job-listings-odi-developer-with-etl-tekskills-hyderabad-7-to-12-years-290526916955
ETL DEVELOPER,Quarks Technosoft,Hyderabad,7-12 Yrs,Not Available,"Unix, Change management, Db2, Datastage, Shell scripting, SSIS, Business intelligence, Troubleshooting",Etl Developer,Naukri,1 week ago,https://www.naukri.com/job-listings-etl-developer-quarks-hyderabad-7-to-12-years-250526500661
ETL Developer,Tekskills,Hybrid - Chennai,4-9 Yrs,Not Available,"Jinja, Snowflake, Pentaho, SQL, ETL, Development, ETL Development",Etl Developer,Naukri,1 week ago,https://www.naukri.com/job-listings-etl-developer-tekskills-chennai-4-to-9-years-290526916117
ETL Developer,Tekskills,Hybrid - Hyderabad,4-9 Yrs,Not Available,"Jinja, Snowflake, Pentaho, SQL, ETL, ETL Development, Development",Etl Developer,Naukri,1 week ago,https://www.naukri.com/job-listings-etl-developer-tekskills-hyderabad-4-to-9-years-290526916120
Etl Developer,SRS Infoway,Pune,4-9 Yrs,Not Available,"Fincrime, Etl Development, MS ID, Microsoft, Id, Development, ETL",Etl Developer,Naukri,1 week ago,https://www.naukri.com/job-listings-etl-developer-srs-infoway-pune-4-to-9-years-270526018907
ETL Developer,Sapiens,Bengaluru,1-6 Yrs,Not Available,"Data analysis, Data modeling, Analytical, Debugging, Data structures, Workflow, Data quality, Stored procedures",Etl Developer,Naukri,3+ weeks ago,https://www.naukri.com/job-listings-etl-developer-sapiens-international-corporation-bengaluru-1-to-6-years-310326501176
Data Engineer ETL Developer,Logic Planet,"Hubli, Mangaluru, Mysuru, Bengaluru, Belgaum",2-4 Yrs,Not Available,"python, etl tools, data pipelines, data engineer, data processing, data warehousing, etl developer, data engineering",Etl Developer,Naukri,3+ weeks ago,https://www.naukri.com/job-listings-data-engineer-etl-developer-logicplanet-it-services-hubli-mangaluru-mysuru-bengaluru-belgaum-2-to-4-years-200226505006
QA & ETL Developer,Huron,Bengaluru,4-6 Yrs,Not Available,"Computer science, Automation, Test management, Consulting, Data quality, Informatica, Test cases, Information technology",Etl Developer,Naukri,3 weeks ago,https://www.naukri.com/job-listings-qa-etl-developer-huron-consulting-group-bengaluru-4-to-6-years-130526500828
Data Engineer / ETL Developer,Evanti Tech,Bengaluru,2-5 Yrs,Not Available,"data services, spark, Hadoop, Cloud, Informatica, SSIS, big data, Data warehousing",Etl Developer,Naukri,3+ weeks ago,https://www.naukri.com/job-listings-data-engineer-etl-developer-evanti-tech-private-limited-bengaluru-2-to-5-years-240426501672
ETL Developer,Logic Planet,"Kolkata, Mumbai, New Delhi, Hyderabad, Pune, Chennai, Bengaluru",5-10 Yrs,Not Available,"etl, analytical skills, etl developer, sql, communication skills, Development, Analytical Skill, ETL Development",Etl Developer,Naukri,3+ weeks ago,https://www.naukri.com/job-listings-etl-developer-logicplanet-it-services-kolkata-mumbai-new-delhi-hyderabad-pune-chennai-bengaluru-5-to-10-years-200226504723
ETL Developer with Pyspark,Logic Planet,"Hubli, Mangaluru, Mysuru, Bengaluru, Belgaum",0-5 Yrs,Not Available,"hive, python, oracle, data validation, data processing, pyspark, data warehousing, data pipeline",Etl Developer,Naukri,3+ weeks ago,https://www.naukri.com/job-listings-etl-developer-with-pyspark-logicplanet-it-services-hubli-mangaluru-mysuru-bengaluru-belgaum-0-to-5-years-240226505095
ETL Developer,Clifyx Technology,Bengaluru,2-5 Yrs,Not Available,"python, oracle, talend, data warehousing, sql server, nosql, sql, data quality",Etl Developer,Naukri,3+ weeks ago,https://www.naukri.com/job-listings-etl-developer-clifyx-technology-bengaluru-2-to-5-years-260625502260
ETL Developer,Naghavi Fintech,Bengaluru,3-8 Yrs,Not Available,"Informatica, Development, ETL Development, ETL",Etl Developer,Naukri,3+ weeks ago,https://www.naukri.com/job-listings-etl-developer-naghavi-fintech-bengaluru-3-to-8-years-260724500578
ETL Developer,Brid Tech Solutions,Pune,7-12 Yrs,Not Available,"Client handling, Data migration, Web technologies, Business analysis, Report writing, Cosmos, SQL, database development",Etl Developer,Naukri,3+ weeks ago,https://www.naukri.com/job-listings-etl-developer-brid-tech-solutions-private-limited-pune-7-to-12-years-300724502530
ETL developer,Mobile Programming,Bengaluru,5-8 Yrs,Not Available,"Performance tuning, Data modeling, Shell scripting, Debugging, Informatica, SSIS, Business intelligence, Analytics",Etl Developer,Naukri,3+ weeks ago,https://www.naukri.com/job-listings-etl-developer-mobileprogramming-bengaluru-5-to-8-years-020426508718
ETL Developer,Squircle IT,Bengaluru,4-6 Yrs,Not Available,"Unix, Coding, Application programming, Debugging, Shell scripting, Manager Technology, Informatica, Oracle 11G",Etl Developer,Naukri,3+ weeks ago,https://www.naukri.com/job-listings-etl-developer-squircle-it-consulting-services-pvt-ltd-bengaluru-4-to-6-years-140126503554
ETL Developer,WinWire,"Hybrid - Hyderabad, Bengaluru",6-9 Yrs,Not Available,"Healthcare Domain, SAP, Api Integration, Etl Development, ETL Tool, Etl Informatica, HRSA, Data Modeling",Etl Developer,Naukri,3 weeks ago,https://www.naukri.com/job-listings-etl-developer-winwire-hyderabad-bengaluru-6-to-9-years-120526005706
MDM and ETL Developer,Squircle IT,Bengaluru,5-7 Yrs,Not Available,"Prototype, Production support, Agile, Scrum, Data quality, Informatica, High level design, Data warehousing",Etl Developer,Naukri,3+ weeks ago,https://www.naukri.com/job-listings-mdm-and-etl-developer-squircle-it-consulting-services-pvt-ltd-bengaluru-5-to-7-years-140126503616
ETL Developer,Diverse Lynx,Bengaluru,2-6 Yrs,Not Available,"Performance tuning, MS SQL, Production support, SSRS, Schema, Scheduling, Stored procedures, Oracle",Etl Developer,Naukri,2 weeks ago,https://www.naukri.com/job-listings-etl-developer-diverse-lynx-bengaluru-2-to-6-years-210526501771
ETL Developer and ETL Testing,Mspring Infotech,Bengaluru,2-7 Yrs,Not Available,"development, code, software, ETL testing, Postgresql, testing, it, tools",Etl Developer,Naukri,2 weeks ago,https://www.naukri.com/job-listings-etl-developer-and-etl-testing-mspring-infotech-bengaluru-2-to-7-years-210526506642
Etl Developer,Honeybee Tech Solutions,Mumbai (All Areas),3-6 Yrs,Not Available,"Azure Data Factory, ETL Development, Informatica Powercenter, Data Integration, SQL, Datastage, Talend, SSIS",Etl Developer,Naukri,2 weeks ago,https://www.naukri.com/job-listings-etl-developer-honeybee-tech-solutions-mumbai-all-areas-3-to-6-years-210526025438
ODI Developer with ETL,Tekskills India,Pune,7-12 Yrs,Not Available,"Knowledge Modules, ODI Developer, ETL, Oracle Data Integrator, CKM, RKM, IKM, LKM",Etl Developer,Naukri,1 week ago,https://www.naukri.com/job-listings-odi-developer-with-etl-tekskills-pune-7-to-12-years-290526916952
ETL Developer,Guidewire Software,Bengaluru,3-5 Yrs,Not Available,"Computer science, Data modeling, Cloud, Agile, Data processing, OLAP, High level design, Continuous improvement",Etl Developer,Naukri,3+ weeks ago,https://www.naukri.com/job-listings-etl-developer-guidewire-software-inc-bengaluru-3-to-5-years-020326505580
Data Engineer / ETL Developer,Evanti Tech,Hyderabad,2-5 Yrs,Not Available,"orchestration, Datastage, Performance optimization, Data quality, Informatica, Oracle, Apache, Distribution system",Etl Developer,Naukri,3+ weeks ago,https://www.naukri.com/job-listings-data-engineer-etl-developer-evanti-tech-private-limited-hyderabad-2-to-5-years-240426501680
ETL Developer,BSE Technologies,"Navi Mumbai, Mumbai (All Areas)",2-7 Yrs,Not Available,"Pyspark, Shell Scripting, Hadoop, Etl Development, SQL Queries, Etl Pipelines, Hive, Big Data",Etl Developer,Naukri,3 weeks ago,https://www.naukri.com/job-listings-etl-developer-bse-technologies-navi-mumbai-mumbai-all-areas-2-to-7-years-140526011023
ETL Developer,Revol Process Solutions,Chennai,3-8 Yrs,Not Available,"Packaging, Database, Programming, SQL Server reporting services, SSIS, Data warehousing, Unix shell scripting, SQL Server analysis services",Etl Developer,Naukri,3+ weeks ago,https://www.naukri.com/job-listings-etl-developer-revol-process-solutions-chennai-3-to-8-years-250822501993
ETL Developer,Avotima,Chennai,4-5 Yrs,Not Available,"ETL Developer, ETL, Development, ETL Development",Etl Developer,Naukri,3+ weeks ago,https://www.naukri.com/job-listings-etl-developer-avotima-technologies-chennai-4-to-5-years-030225502245
Databricks/ETL Developer,Pri India It Services,"Hybrid - Kochi, Bengaluru",4-7 Yrs,8.5-18.5 Lacs PA,"MDM, ETL, Data Bricks, Python, SQL, Azure, Development, ETL Development",Etl Developer,Naukri,3 weeks ago,https://www.naukri.com/job-listings-databricks-etl-developer-pri-india-it-services-kochi-bengaluru-4-to-7-years-140526028062
ETL Developer,E4 Softwares,Bengaluru,1-4 Yrs,Not Available,"Database, Data processing, Scheduling, Oracle, Scripting, Testing, ETL Development, ETL",Etl Developer,Naukri,3+ weeks ago,https://www.naukri.com/job-listings-etl-developer-e4-softwares-bengaluru-1-to-4-years-060825501860
ETL developer,Clifyx Technology,Bengaluru,5-8 Yrs,Not Available,"Computer science, Business communication, Linux, Postgresql, Analytical, Billing, Application development, Informatica",Etl Developer,Naukri,3+ weeks ago,https://www.naukri.com/job-listings-etl-developer-clifyx-technology-bengaluru-5-to-8-years-080525503811
ETL Developer,Squircle IT,Gurugram,3-8 Yrs,Not Available,"Performance tuning, Analytical, Datastage, Packaging, SSIS, ETL tool, Data warehousing, SQL",Etl Developer,Naukri,3+ weeks ago,https://www.naukri.com/job-listings-etl-developer-squircle-it-consulting-services-pvt-ltd-gurugram-3-to-8-years-140126503072
Etl Developer,PRI Global,"Hybrid - Kochi, Bengaluru",5-9 Yrs,8.5-17 Lacs PA,"Databricks, ETL, SQL, Python, Datafactory, MDM, Informatica, Reltio",Etl Developer,Naukri,3 weeks ago,https://www.naukri.com/job-listings-etl-developer-pri-india-it-services-kochi-bengaluru-5-to-9-years-130526036758
SnapLogic ETL Developer,Han Digital Solution,Bengaluru,4-8 Yrs,Not Available,"python, oracle, data validation, version control, data warehousing, agile development, programming languages",Etl Developer,Naukri,3+ weeks ago,https://www.naukri.com/job-listings-snaplogic-etl-developer-han-digital-solution-bengaluru-4-to-8-years-170326501481
Data Engineer : SAP Datasphere and amp & ETL Developer Mumbai,MTC Pvt Ltd,Mumbai (All Areas),6-11 Yrs,Not Available,"SAP, OData, master data, Data Engineering, Hierarchies, SAP Data Sphere, SAP Cloud Integration, ETL",Etl Developer,Naukri,2 weeks ago,https://www.naukri.com/job-listings-data-engineer-sap-datasphere-and-amp-etl-developer-mumbai-mount-talent-consulting-mumbai-all-areas-6-to-11-years-180526027913
ETL developer,Squircle IT,Hyderabad,2-7 Yrs,Not Available,"Core Java, XML, Hadoop, PLSQL, Unix scripting, US healthcare, ETL tool, Tools",Etl Developer,Naukri,3+ weeks ago,https://www.naukri.com/job-listings-etl-developer-squircle-it-consulting-services-pvt-ltd-hyderabad-2-to-7-years-200126504150
ETL Developer,GForce Consulting Solutions,Bengaluru,5-8 Yrs,Not Available,"Automation, Product engineering, Analytical, PLSQL, Workflow, Incident management, Scheduling, Informatica",Etl Developer,Naukri,3+ weeks ago,https://www.naukri.com/job-listings-etl-developer-gforce-consulting-solutions-bengaluru-5-to-8-years-101222500190
ETL Developer,Diverse Lynx,Chennai,2-6 Yrs,Not Available,"python, data management, oracle, informatica powercenter, datastage, talend, data warehousing, business intelligence",Etl Developer,Naukri,3+ weeks ago,https://www.naukri.com/job-listings-etl-developer-diverse-lynx-chennai-2-to-6-years-210825500642
ETL Developer,Vaisesika Consulting,Bengaluru,6-11 Yrs,Not Available,"Performance tuning, Coding, Analytical, Data processing, Data quality, Analytics, SQL, Python",Etl Developer,Naukri,3+ weeks ago,https://www.naukri.com/job-listings-etl-developer-vaisesika-consulting-private-limited-bengaluru-6-to-11-years-090426506353
ETL Developer,Quarks Technosoft,Bengaluru,7-10 Yrs,Not Available,"Performance tuning, Data migration, Enterprise applications, Reconciliation, Data processing, Data quality, Informatica, data mapping",Etl Developer,Naukri,3+ weeks ago,https://www.naukri.com/job-listings-etl-developer-quarks-bengaluru-7-to-10-years-100426503314
ETL Developer and ETL Testing,Mspring Infotech,Chennai,2-7 Yrs,Not Available,"development, code, software, ETL testing, Postgresql, testing, it, tools",Etl Developer,Naukri,2 weeks ago,https://www.naukri.com/job-listings-etl-developer-and-etl-testing-mspring-infotech-chennai-2-to-7-years-210526506644
ETL Developer,Logic Planet,Mumbai,3-6 Yrs,Not Available,"Data analysis, tableau, Compliance, data security, Postgresql, Cloud, data governance, power bi",Etl Developer,Naukri,3+ weeks ago,https://www.naukri.com/job-listings-etl-developer-logicplanet-it-services-mumbai-3-to-6-years-200226502214
ETL Developer,Stark Industries,Nagpur,1-5 Yrs,Not Available,"ETL Developer, ETL Development, ETL, Development",Etl Developer,Naukri,3+ weeks ago,https://www.naukri.com/job-listings-etl-developer-stark-industries-nagpur-1-to-5-years-100323501918
ETL Developer -,Sentel Software,Hyderabad,2-5 Yrs,Not Available,"Script writing, Research, ETL Development, Scripting, ETL, Development, Writing",Etl Developer,Naukri,3+ weeks ago,https://www.naukri.com/job-listings-etl-developer-sentel-software-hyderabad-2-to-5-years-220623500132
ETL Developer,Ecorp Trainings,Hyderabad,6-10 Yrs,Not Available,"Full Stack Developer, ETL, Full Stack, Development, ETL Development, Stack",Etl Developer,Naukri,3+ weeks ago,https://www.naukri.com/job-listings-etl-developer-ecorp-trainings-hyderabad-6-to-10-years-100125500949
Experienced ETL Developer,One Point IT Consulting Pvt Ltd,Pune,2-4 Yrs,Not Available,"boomi, data warehousing, sql, java, data modeling, gcp, xml, oracle adf",Etl Developer,Naukri,3+ weeks ago,https://www.naukri.com/job-listings-experienced-etl-developer-one-point-it-consulting-pvt-ltd-pune-2-to-4-years-050526500162
SAS/ETL Developer,SAS Research and Developement (India) Pvt Ltd,Pune,2-6 Yrs,Not Available,"Change management, Production support, SAS, Data management, Agile, Oracle, Troubleshooting, JIRA",Etl Developer,Naukri,3 weeks ago,https://www.naukri.com/job-listings-sas-etl-developer-sas-research-and-developement-india-pvt-ltd-pune-2-to-6-years-120526501673
ETL Developer (SSIS),Fortune 500 Company,Vadodara,5-10 Yrs,Not Available,"SSIS, DTS, Views, Stored Procedures, SQL Queries, Triggers, SQL Server, Data Warehousing",Etl Developer,Naukri,3 weeks ago,https://www.naukri.com/job-listings-etl-developer-ssis-elite-hr-services-vadodara-5-to-10-years-150526030107
ETL Developer,Predoole Analytics,Mumbai,2-6 Yrs,Not Available,"ETL Developer, troubleshooting, ETL, root cause analysis, Testing databases, Development, Software testing, ETL Development",Etl Developer,Naukri,3+ weeks ago,https://www.naukri.com/job-listings-etl-developer-predoole-analytics-mumbai-2-to-6-years-041224500898
ETL Developer,Pinnacle Group Inc,Remote,2-5 Yrs,Not Available,"Computer science, ERP, Automation, Informatica, SSIS, Continuous improvement, VMS, Operations",Etl Developer,Naukri,3+ weeks ago,https://www.naukri.com/job-listings-etl-developer-pinnacle-group-inc-remote-2-to-5-years-080526501733
ETL Developer,Sparix Global,Remote,7-12 Yrs,Not Available,"Performance tuning, Data modeling, RDBMS, XML, JSON, Business intelligence, Troubleshooting, Analytics",Etl Developer,Naukri,3+ weeks ago,https://www.naukri.com/job-listings-etl-developer-sparix-global-private-limited-remote-7-to-12-years-240426500870
ETL Developer,Lumenore,Pune,2-6 Yrs,Not Available,"coding, data warehousing, troubleshooting, etl, etl development, sql, Warehouse, Data",Etl Developer,Naukri,3+ weeks ago,https://www.naukri.com/job-listings-etl-developer-lumenore-pune-2-to-6-years-050824503304
ETL Developer,AugmatrixGo,Hyderabad,4-6 Yrs,Not Available,"assembly language, JavaScript, Real Time Operating Systems, .NET, HTML, Oracle, Python",Etl Developer,Naukri,3+ weeks ago,https://www.naukri.com/job-listings-etl-developer-augmatrixgo-hyderabad-4-to-6-years-281118500415
ETL Developer,Explarity Solutions,Remote,3-8 Yrs,Not Available,"IT services, Performance tuning, Data modeling, Database design, Stored procedures, Troubleshooting, Information technology, Analytics",Etl Developer,Naukri,3+ weeks ago,https://www.naukri.com/job-listings-etl-developer-explarity-solutions-remote-3-to-8-years-240925502354
ETL developer,Diverse Lynx,Pune,2-6 Yrs,Not Available,"python, data management, oracle, informatica powercenter, datastage, talend, data warehousing, business intelligence",Etl Developer,Naukri,3+ weeks ago,https://www.naukri.com/job-listings-etl-developer-diverse-lynx-pune-2-to-6-years-270825502709
ETL Developer,Diverse Lynx,Pune,2-6 Yrs,Not Available,"python, data management, oracle, informatica powercenter, datastage, talend, data warehousing, business intelligence",Etl Developer,Naukri,3+ weeks ago,https://www.naukri.com/job-listings-etl-developer-diverse-lynx-pune-2-to-6-years-180825502362
Etl Developer,Strawberry Infotech,New Delhi,6-11 Yrs,Not Available,"Wireless, Production support, Linux, XML, Javascript, JSON, Stored procedures, microsoft",Etl Developer,Naukri,3+ weeks ago,https://www.naukri.com/job-listings-etl-developer-strawberry-infotech-pvt-ltd-new-delhi-6-to-11-years-250924508198
ETL Developer,Diverse Lynx,Hyderabad,2-6 Yrs,Not Available,"ETL Developer, professional, ETL Development, Development, ETL",Etl Developer,Naukri,3+ weeks ago,https://www.naukri.com/job-listings-etl-developer-diverse-lynx-hyderabad-2-to-6-years-100523502418
ETL Developer,Pegasus Knowledge Solutions (PKSI),Mumbai,6-11 Yrs,Not Available,"Communication Skills, Data Quality, Data Structures, Data Warehouse, Informatica, Etl, Oltp, Ssis",Etl Developer,Naukri,3+ weeks ago,https://www.naukri.com/job-listings-etl-developer-pegasus-knowledge-solutions-india-private-limited-mumbai-6-to-11-years-020821500233
ETL Developer and ETL Testing,Mspring Infotech,Mumbai,2-7 Yrs,Not Available,"development, code, software, ETL testing, Postgresql, testing, it, tools",Etl Developer,Naukri,2 weeks ago,https://www.naukri.com/job-listings-etl-developer-and-etl-testing-mspring-infotech-mumbai-2-to-7-years-210526506643
Informatica | ETL Developer-Hyderabad,Infosys,Hybrid - Hyderabad,5-8 Yrs,Not Available,"Informatica, Informatica Powercenter, Iics, Powercenter, Etl Informatica, ETL",Etl Developer,Naukri,1 week ago,https://www.naukri.com/job-listings-informatica-etl-developer-hyderabad-infosys-hyderabad-5-to-8-years-170526000088
Opening For ETL Developer | Informatica - Pan India,Infosys,Hyderabad,3-8 Yrs,Not Available,"ETL, Iics, Informatica, Development, Pan",Etl Developer,Naukri,2 weeks ago,https://www.naukri.com/job-listings-opening-for-etl-developer-informatica-pan-india-infosys-hyderabad-3-to-8-years-090526002606
ETL / DB Developer,ADQ Services,Hyderabad,4-7 Yrs,Not Available,"Data modeling, Database design, Database management, Management systems, Debugging, Data quality, Informatica, Data warehousing",Etl Developer,Naukri,3+ weeks ago,https://www.naukri.com/job-listings-etl-db-developer-adq-services-hyderabad-4-to-7-years-270225501293
ETL Developer and ETL Testing,Mspring Infotech,Hyderabad,2-7 Yrs,Not Available,"development, code, software, ETL testing, Postgresql, testing, it, tools",Etl Developer,Naukri,3+ weeks ago,https://www.naukri.com/job-listings-etl-developer-and-etl-testing-mspring-infotech-hyderabad-2-to-7-years-260318505377
Etl Developer,Sai Placement Solutions Noida,Gurugram,1-3 Yrs,3.5-6 Lacs PA,"ETL, SQL, Postgresql, Node.Js, Development, ETL Development",Etl Developer,Naukri,3 weeks ago,https://www.naukri.com/job-listings-etl-developer-sai-placement-solutions-noida-gurugram-1-to-3-years-110526031264
ETL Developer,Acme Services,Gurugram,1-3 Yrs,Not Available,"Aix, Production support, Solaris, Enterprise applications, PLSQL, Informatica, Stored procedures, Customer service",Etl Developer,Naukri,3+ weeks ago,https://www.naukri.com/job-listings-etl-developer-acme-services-gurugram-1-to-3-years-210223501801
"Developer - Python, ETL (with Snowflake)",Ztek Consulting,New Delhi,2-7 Yrs,Not Available,"Computer science, Production support, Data modeling, Workflow, Stored procedures, Apache, Business intelligence, Analytics",Etl Developer,Naukri,3+ weeks ago,https://www.naukri.com/job-listings-developer-python-etl-with-snowflake-ztek-consulting-pvt-ltd-new-delhi-2-to-7-years-160226501901
ETl Developer,Acme Services,Mumbai,2-7 Yrs,Not Available,"continuous integration, NoSQL, RDBMS, XML, Agile, JSON, Scrum, Analytics",Etl Developer,Naukri,3+ weeks ago,https://www.naukri.com/job-listings-etl-developer-acme-services-mumbai-2-to-7-years-210223503237
ETL/Informitica Developers,Sensabyte Technologies,Kolkata,3-8 Yrs,Not Available,"Performance tuning, Manager Quality Assurance, Data modeling, Developer, business rules, Data quality, Informatica, Troubleshooting",Etl Developer,Naukri,3+ weeks ago,https://www.naukri.com/job-listings-etl-informitica-developers-sensabyte-technologies-pvt-ltd-kolkata-3-to-8-years-161223500094
ETL developer Informatica,Logic Planet,"Kolkata, Mumbai, New Delhi, Hyderabad, Pune, Chennai, Bengaluru",5-8 Yrs,Not Available,"oracle, time management, data warehousing, etl developer, sql, application development, plsql, scripting",Etl Developer,Naukri,3+ weeks ago,https://www.naukri.com/job-listings-etl-developer-informatica-logicplanet-it-services-kolkata-mumbai-new-delhi-hyderabad-pune-chennai-bengaluru-5-to-8-years-200226504849
"Developer-Python, ETL",Ztek Consulting,Indore,5-7 Yrs,Not Available,"Architecture, Analytical, Postgresql, MySQL, Manager Technology, Technical Lead, Asset management, AWS",Etl Developer,Naukri,3+ weeks ago,https://www.naukri.com/job-listings-developer-python-etl-ztek-consulting-pvt-ltd-indore-5-to-7-years-130226504274
Senior ETL Developer,BCE Global Technology Centre,Bengaluru,7-8 Yrs,Not Available,"Linux, Customer satisfaction, Datastage, Cloud, Shell scripting, Manager Technology, Teradata, Individual Contributor",Etl Developer,Naukri,3+ weeks ago,https://www.naukri.com/job-listings-senior-etl-developer-bce-global-technology-centre-private-limited-bengaluru-7-to-8-years-220426501619
Opening For ETL Developer - Informatica | SAS - Hyderabad,Infosys,Hyderabad,3-8 Yrs,Not Available,"Informatica, Sas, Agile Methodologies, Data Management, Digital Transformation, Maintenance, Analytics, Sdlc",Etl Developer,Naukri,1 week ago,https://www.naukri.com/job-listings-opening-for-etl-developer-informatica-sas-hyderabad-infosys-hyderabad-3-to-8-years-230526009670
"Senior ETL Developer, Data Management",Ocwen Financial Corporation,Bengaluru,4-9 Yrs,Not Available,"Relationship management, Computer science, Data management, Production support, Control-M, Scheduling, Data quality, Informatica",Etl Developer,Naukri,1 week ago,https://www.naukri.com/job-listings-senior-etl-developer-data-management-ocwen-financial-solutions-pvt-ltd-bengaluru-4-to-9-years-280526502873
"Sr. ETL Developer, Informatica Developer, PLSQL",Leading Client,Chennai,4-9 Yrs,Not Available,"ETL, Google data flow, BigQuery, PLSQL, Informatica, SQL, ControlM, Development",Etl Developer,Naukri,1 week ago,https://www.naukri.com/job-listings-sr-etl-developer-informatica-developer-plsql-tekskills-india-private-limited-chennai-4-to-9-years-290526917537
"Sr. ETL Developer, Informatica Developer, PLSQL",Leading Client,Gurugram,4-9 Yrs,Not Available,"ETL, Google data flow, BigQuery, PLSQL, Informatica, SQL, ControlM, ETL Development",Etl Developer,Naukri,1 week ago,https://www.naukri.com/job-listings-sr-etl-developer-informatica-developer-plsql-tekskills-india-private-limited-gurugram-4-to-9-years-290526917538
ETL SSIS Developer,Tech Mahindra,Pune,6-12 Yrs,Not Available,"SSRS, SSIS, ETL, SQL, Development",Etl Developer,Naukri,3+ weeks ago,https://www.naukri.com/job-listings-etl-ssis-developer-tech-mahindra-pune-6-to-12-years-070526027566
"Sr. ETL Developer (Informatica, PL/SQL)",Tekskills,Hybrid - Chennai,5-8 Yrs,Not Available,"Infromatica, etl, plsql, ETL Development, SQL, SR, Development, Informatica",Etl Developer,Naukri,1 week ago,https://www.naukri.com/job-listings-sr-etl-developer-informatica-pl-sql-tekskills-chennai-5-to-8-years-290526915830
"ETL Developer with Python, SQL- Hyderabad Location",Infosys,Hyderabad,5-10 Yrs,Not Available,"Pyspark, ETL, Python, Data Pipeline, SQL, Pipeline, Development, Data",Etl Developer,Naukri,2 days ago,https://www.naukri.com/job-listings-etl-developer-with-python-sql-hyderabad-location-infosys-hyderabad-5-to-10-years-040626011665
Azure Cloud & Data ETL Developer,CGI,Hybrid - Bengaluru,6-8 Yrs,11-21 Lacs PA,"ETL development, hybrid data architectures, Azure Data services, ETL, Cloud, Architecture, Development, Data",Etl Developer,Naukri,5 days ago,https://www.naukri.com/job-listings-azure-cloud-data-etl-developer-cgi-bengaluru-6-to-8-years-110526010878
Senior ETL Developer,Dilytics,Hybrid - Hyderabad,5-10 Yrs,10-18 Lacs PA,"Power Bi, PLSQL, Data Warehousing, ETL, SSIS, Development, Data, Warehouse",Etl Developer,Naukri,3 days ago,https://www.naukri.com/job-listings-senior-etl-developer-dilytics-hyderabad-5-to-10-years-030626026114
Senior SQL Server ETL Developer,Stack Digital,Bengaluru,8-10 Yrs,Not Available,"SQL queries, XML, Database, Programming, SSIS, Data warehousing, Warehouse, Server",Etl Developer,Naukri,3+ weeks ago,https://www.naukri.com/job-listings-senior-sql-server-etl-developer-stack-digital-bengaluru-8-to-10-years-240326501136
ETL Developer (Informatica),Nuvento Systems,Kochi,5-10 Yrs,Not Available,"iics, design concepts, sql queries, informatica powercenter, informatica data quality, etl informatica, database design, workflow analysis",Etl Developer,Naukri,3+ weeks ago,https://www.naukri.com/job-listings-etl-developer-informatica-nuvento-kochi-5-to-10-years-190224500054
Lead Engineer-Oracle ETL Developer,Nest Digital,Bengaluru,8-12 Yrs,Not Available,"SQL queries, Oracle SQL, Scalability, Data modeling, PLSQL, Performance optimization, Deployment, Data quality",Etl Developer,Naukri,3+ weeks ago,https://www.naukri.com/job-listings-lead-engineer-oracle-etl-developer-nest-digital-bengaluru-8-to-12-years-060126502423
Senior ETL Developer,Blitzenx,Bengaluru,4-7 Yrs,Not Available,"Automation, Manager Quality Assurance, Production support, RDBMS, Postgresql, Agile, Workflow, Informatica",Etl Developer,Naukri,3+ weeks ago,https://www.naukri.com/job-listings-senior-etl-developer-blitzenx-rapid-consulting-services-bengaluru-4-to-7-years-170725501667
Senior ETL Developer (with DUT tool exp),Guidewire Software,Bengaluru,5-8 Yrs,Not Available,"Computer science, Data migration, Data modeling, Debugging, Billing, Agile, OLAP, Data processing",Etl Developer,Naukri,3+ weeks ago,https://www.naukri.com/job-listings-senior-etl-developer-with-dut-tool-exp-guidewire-software-inc-bengaluru-5-to-8-years-060326505381
Informatica ETL developer,Diverse Lynx,Chennai,2-4 Yrs,Not Available,"SQL queries, XML, JSON, Informatica, Unix shell scripting, ETL Informatica, ETL, SQL",Etl Developer,Naukri,3+ weeks ago,https://www.naukri.com/job-listings-informatica-etl-developer-diverse-lynx-chennai-2-to-4-years-121122500723
Informatica Etl Developer,Diverse Lynx,Chennai,2-7 Yrs,Not Available,"SQL queries, XML, JSON, Informatica, Unix shell scripting, ETL Informatica, ETL, SQL",Etl Developer,Naukri,3+ weeks ago,https://www.naukri.com/job-listings-informatica-etl-developer-diverse-lynx-chennai-2-to-7-years-241122500685
Senior ETL Developer (Talend),Clifyx Technology,Bengaluru,5-8 Yrs,Not Available,"hive, data warehousing, business intelligence, sql, plsql, data modeling, data ingestion, mysql",Etl Developer,Naukri,3+ weeks ago,https://www.naukri.com/job-listings-senior-etl-developer-talend-clifyx-technology-bengaluru-5-to-8-years-260625502263
Informatica ETL Developer,Apidel Technologies,Remote,4-7 Yrs,12-15 Lacs PA,"informatica IICS, hive, CDI, Informatica, ETL process, cloud, PL/SQL, spark",Etl Developer,Naukri,5 days ago,https://www.naukri.com/job-listings-informatica-etl-developer-apidel-technologies-vadodara-4-to-7-years-010626009848
"ETL Developer with Python, SQL - Hyderabad Location",Infosys,Hyderabad,5-10 Yrs,Not Available,"Data Pipeline, ETL, Python, Development, Data, Pipeline, SQL",Etl Developer,Naukri,6 days ago,https://www.naukri.com/job-listings-etl-developer-with-python-sql-hyderabad-location-infosys-hyderabad-5-to-10-years-310526003621
Software Engineer - ETL Developer,CGI,Hyderabad,2-5 Yrs,Not Available,"Software Engineer, Unix, Financial Services, Shell Scripting, Finance, Informatica, Sql, Data Integration",Etl Developer,Naukri,1 week ago,https://www.naukri.com/job-listings-software-engineer-etl-developer-cgi-information-systems-and-management-consultants-hyderabad-2-to-5-years-290526910481
Sr. ETL Developer with PowerBI and Snowflake exp,Nyx Wolves,Hybrid - Chennai,8-12 Yrs,Not Available,"Etl Pipelines, Power Bi, Snowflake, AWS, Python, Ci/Cd, Lambda Aws, SQL",Etl Developer,Naukri,1 week ago,https://www.naukri.com/job-listings-sr-etl-developer-with-powerbi-and-snowflake-exp-nyx-wolves-chennai-8-to-12-years-260526022490
Informatica PowerCenter ETL Developer,Leading Client,Bengaluru,5-9 Yrs,Not Available,"Informatica Powercenter, Unix, Java, Rdbms, Shell Scripting, Hadoop, Plsql, Informatica Development",Etl Developer,Naukri,1 week ago,https://www.naukri.com/job-listings-informatica-powercenter-etl-developer-ideslabs-private-limited-bengaluru-5-to-9-years-280526924971
Informatica Cloud ETL Developer,Leading Client,Hyderabad,5-10 Yrs,Not Available,"Etl Developer, Business Intelligence, Sap, Cloud, Templates, Informatica, Business Objects, Etl",Etl Developer,Naukri,1 week ago,https://www.naukri.com/job-listings-informatica-cloud-etl-developer-ideslabs-private-limited-hyderabad-5-to-10-years-280526926975
Senior ETL Developer (With Snowflake),Coforge,"Hyderabad, Pune, Greater Noida",10-15 Yrs,Not Available,"Snowflake, etl, Azure Data Factory, python, Pandas, pyspark, Data Warehousing, Numpy",Etl Developer,Naukri,2 weeks ago,https://www.naukri.com/job-listings-senior-etl-developer-with-snowflake-coforge-hyderabad-pune-greater-noida-10-to-15-years-220526013112
"Sr. ETL Developer (Informatica, PL/SQL)",Tekskills,Hybrid - Gurugram,5-8 Yrs,Not Available,"Infromatica, etl, plsql, Development, Informatica, ETL Development, SR, SQL",Etl Developer,Naukri,1 week ago,https://www.naukri.com/job-listings-sr-etl-developer-informatica-pl-sql-tekskills-gurugram-5-to-8-years-290526915835
"Sr. ETL Developer (Informatica, PL/SQL)",Tekskills,Hybrid - Noida,5-8 Yrs,Not Available,"Infromatica, etl, plsql, Informatica, Development, SR, ETL Development, SQL",Etl Developer,Naukri,1 week ago,https://www.naukri.com/job-listings-sr-etl-developer-informatica-pl-sql-tekskills-noida-5-to-8-years-290526915829
SQL Server ETL Developer,Stack Digital,Bengaluru,3-7 Yrs,Not Available,"SQL queries, XML, Database, Programming, Stored procedures, SSIS, Data warehousing, SQL",Etl Developer,Naukri,3+ weeks ago,https://www.naukri.com/job-listings-sql-server-etl-developer-stack-digital-bengaluru-3-to-7-years-240326501137
Etl Datastage Developer,Synechron,Hybrid - Chennai,7-9 Yrs,18-27.5 Lacs PA,"Ibm Datastage, Advance Sql, Etl Datastage, Ibm Infosphere, Development, ETL, Infosphere, SQL",Etl Developer,Naukri,3 days ago,https://www.naukri.com/job-listings-etl-datastage-developer-synechron-chennai-7-to-9-years-030626023003
SQL-ETL Developer,Clifyx Technology,Bengaluru,7-12 Yrs,Not Available,"Backend, Time management, Analytical, Billing, Software development life cycle, Agile, SSIS, SDLC",Etl Developer,Naukri,3+ weeks ago,https://www.naukri.com/job-listings-sql-etl-developer-clifyx-technology-bengaluru-7-to-12-years-200325509522
Senior ETL Developer,Codebees Technologies,Hyderabad,5-7 Yrs,Not Available,"Project management, SSRS, Debugging, Application development, Business intelligence, Troubleshooting, Information technology, Technical support",Etl Developer,Naukri,3+ weeks ago,https://www.naukri.com/job-listings-senior-etl-developer-codebees-technologies-hyderabad-secunderabad-5-to-7-years-040520500124
Lead ETL Developer,Ocwen Financial Corporation,Remote,5-7 Yrs,Not Available,"ETL Tool, SSIS, SQL, Development, ETL, Tools",Etl Developer,Naukri,1 week ago,https://www.naukri.com/job-listings-lead-etl-developer-ocwen-financial-corporation-bengaluru-5-to-7-years-290126021674
Senior ETL Developer,Optima Solutions,Pune,5-10 Yrs,Not Available,"ERP, Project management, Database administration, Agile, HTTP, SSIS, Business intelligence, Technical support",Etl Developer,Naukri,3+ weeks ago,https://www.naukri.com/job-listings-senior-etl-developer-optimas-solutions-pune-5-to-10-years-020226501571
Lead II - Enterprise Solutions (Salesforce ETL Developer),UST,Kochi,7-12 Yrs,Not Available,"Data analysis, Data migration, Data modeling, Healthcare, Data quality, Informatica, Analytics, SQL",Etl Developer,Naukri,1 day ago,https://www.naukri.com/job-listings-lead-ii-enterprise-solutions-salesforce-etl-developer-ust-kochi-7-to-12-years-050626501144
ETL Developer / Senior Developer - DataStage CP4D,IntraEdge Technology,Pune,4-8 Yrs,Not Available,"Business Analyst, Datastage, Cloud, AWS, Analytics, ETL, Senior, ETL Development",Etl Developer,Naukri,3+ weeks ago,https://www.naukri.com/job-listings-etl-developer-senior-developer-datastage-cp4d-intraedge-technologies-pvt-ltd-pune-4-to-8-years-150725500015
Sr. ETL Developer - PowerBI and Snowflake exp,Tsquare hr consulting Pvt Ltd,Hybrid - Chennai,8-11 Yrs,Not Available,"Snowflake, Datastage, ETL, ETL Development, SR, Development, Power Bi, Exp",Etl Developer,Naukri,2 weeks ago,https://www.naukri.com/job-listings-sr-etl-developer-powerbi-and-snowflake-exp-tsquare-hr-consulting-chennai-8-to-11-years-200526025196
Senior ETL Developer,Elevondata Labs,Gurugram,5-6 Yrs,Not Available,"MS SQL, Networking, SSRS, Active directory, Agile, SSIS, Business intelligence, microsoft",Etl Developer,Naukri,3+ weeks ago,https://www.naukri.com/job-listings-senior-etl-developer-elevondata-gurugram-5-to-6-years-200524501464
Senior ETL Developer,Prohash Technologies,Jaipur,7-12 Yrs,Not Available,"Data analysis, Data validation, query optimization, Linux, Data modeling, Shell scripting, Banking, Agile",Etl Developer,Naukri,3+ weeks ago,https://www.naukri.com/job-listings-senior-etl-developer-prohash-technologies-jaipur-7-to-12-years-170724500753
Lead ETL Developer,Pegasus Knowledge Solutions (PKSI),Bengaluru,8-10 Yrs,Not Available,"Change management, Coding, SQL Tuning, Integration testing, Agile, Packaging, Design development, Informatica",Etl Developer,Naukri,3+ weeks ago,https://www.naukri.com/job-listings-lead-etl-developer-pegasus-knowledge-solutions-india-private-limited-bengaluru-8-to-10-years-251023500184
Immediate opportunity-Java/Java Fulstack/Java ETL Developer,Bounteous x Accolite,Hybrid - Chennai,3-8 Yrs,Not Available,"java, Spring Boot, Microservices, Development, Boot, Java Development, ETL, Spring",Etl Developer,Naukri,3+ weeks ago,https://www.naukri.com/job-listings-immediate-opportunity-java-java-fulstack-java-etl-developer-bounteous-x-accolite-chennai-3-to-8-years-130226037753
Sr. Lead - ETL Developer (Fabric),GS Lab Gavs,Pune,7-12 Yrs,Not Available,"bigdata frameworks, data services, github, sql queries, performance tuning, distribution system, power bi, datafactory",Etl Developer,Naukri,3 weeks ago,https://www.naukri.com/job-listings-sr-lead-etl-developer-fabric-gs-lab-gavs-pune-7-to-12-years-110526500097
ETL Developer (AWS Glue) with Mongo DB E2,Cerebra,"Hybrid - Kolkata, Hyderabad, Chennai",8-13 Yrs,12-15 Lacs PA,"MongoDB, ETL, AWS, AWS Glue, Db, Development, ETL Development, Glue",Etl Developer,Naukri,2 weeks ago,https://www.naukri.com/job-listings-etl-developer-aws-glue-with-mongo-db-e2-cerebra-kolkata-hyderabad-chennai-8-to-13-years-220526028423
Senior Enterprise ETL & Data Warehouse Developer,Finastra,"Pune, Bengaluru",6-10 Yrs,Not Available,"Data modeling, Database design, Debugging, OLAP, Scheduling, Data quality, Stored procedures, microsoft",Etl Developer,Naukri,5 days ago,https://www.naukri.com/job-listings-senior-enterprise-etl-data-warehouse-developer-finastra-pune-bengaluru-6-to-10-years-010626500140
Immediate opening For ETL Developer (SSIS & SQL) @ Noida,Coforge,Hybrid - Noida,5-9 Yrs,5-13 Lacs PA,"ETL, SSIS, SQL, Development",Etl Developer,Naukri,1 week ago,https://www.naukri.com/job-listings-immediate-opening-for-etl-developer-ssis-sql-noida-coforge-noida-5-to-9-years-280526030273
ETL Developer Dynamics 365 Customer Engagement (CE),NS Global Corporation,Bengaluru,4-8 Yrs,Not Available,"SQL queries, MS SQL, Data migration, Data validation, SSIS, Troubleshooting, Customer engagement, Data warehousing",Etl Developer,Naukri,1 week ago,https://www.naukri.com/job-listings-etl-developer-dynamics-365-customer-engagement-ce-ns-global-corporation-bengaluru-4-to-8-years-290526501836
"ETL Pentaho Developer, AS",Deutsche Bank,Pune,9-10 Yrs,Not Available,"System architecture, Automation, Data modeling, HTML, Informatica, SSIS, Business intelligence, Troubleshooting",Etl Developer,Naukri,3 weeks ago,https://www.naukri.com/job-listings-etl-pentaho-developer-as-deutsche-bank-pune-9-to-10-years-140526503656
ETL Pentaho Developer,Deutsche Bank,Hybrid - Pune,8-11 Yrs,Not Available,"ETL, Pentaho, SQL, Informatica, Development, ETL Datastage",Etl Developer,Naukri,1 day ago,https://www.naukri.com/job-listings-etl-pentaho-developer-deutsche-bank-pune-8-to-11-years-050626020618
"Java, ETL Developer",Tudip Technologies,Pune,1-6 Yrs,Not Available,"Core Java, Architecture, Coding, Project management, Agile, CMMI, Application development, SCM",Etl Developer,Naukri,3+ weeks ago,https://www.naukri.com/job-listings-java-etl-developer-tudip-technologies-pvt-ltd-pune-1-to-6-years-290925502186
Data Science / Data Engineering / ETL Developer,Nauticalinfo Solutions,Mumbai,2-8 Yrs,Not Available,"algorithms, python, natural language processing, neural networks, business analysis, power bi, machine learning, data engineering",Etl Developer,Naukri,3+ weeks ago,https://www.naukri.com/job-listings-data-science-data-engineering-etl-developer-nauticalinfo-solutions-mumbai-2-to-8-years-151025502663
ETL( Informatica Developer),Rapidflow,Bengaluru,7-10 Yrs,Not Available,"Informatica, SQL, Python, Informatica Development, Development, ETL Development, ETL Informatica, ETL",Etl Developer,Naukri,3+ weeks ago,https://www.naukri.com/job-listings-etl-informatica-developer-rapidflow-apps-inc-bengaluru-7-to-10-years-291225502778
Etl Informatica Developer,Wilco Source,"Hybrid - Hyderabad, Chennai",6-11 Yrs,Not Available,"Powercenter, Healthcare, ETL, Informatica Powercenter, Etl Informatica, Development, Informatica, ETL Development",Etl Developer,Naukri,3 weeks ago,https://www.naukri.com/job-listings-etl-informatica-developer-wilco-source-hyderabad-chennai-6-to-11-years-120526029732
ETL Informatica Developer,LLP S3bglobal Technologies,Bengaluru,6-9 Yrs,Not Available,"Data analysis, Version control, GIT, Data modeling, Master data management, Schema, Data quality, Informatica",Etl Developer,Naukri,3+ weeks ago,https://www.naukri.com/job-listings-etl-informatica-developer-s3b-global-bengaluru-6-to-9-years-270924501293
Senior ETL Databricks Developer: Bangalore/Kochi,Pri India It Services,"Hybrid - Kochi, Bengaluru",5-10 Yrs,15-20 Lacs PA,"Pyspark, Etl Development, Data Warehousing, Data Bricks, SQL, Python, Development, Data",Etl Developer,Naukri,3 weeks ago,https://www.naukri.com/job-listings-senior-etl-databricks-developer-bangalore-kochi-pri-india-it-services-kochi-bengaluru-5-to-10-years-130526011564
Senior Power Bi Developer with ETL who Can build Reports on SAP,Quadrant Technologies,"Hyderabad, Bengaluru",7-12 Yrs,12-22 Lacs PA,"Power Bi Development, SAP, Power Bi, Microsoft Power Bi, SQL Queries, Sap Hana, Power Query, SQL",Etl Developer,Naukri,4 days ago,https://www.naukri.com/job-listings-senior-power-bi-developer-with-etl-who-can-build-reports-on-sap-quadrant-technologies-hyderabad-bengaluru-7-to-12-years-020626007491
PL SQL ETL Developer,A leading IT company at Kochi,Remote,8-12 Yrs,15-22.5 Lacs PA,"7PM-4AM. Shift, Database Knowledge, ETL and Data Processing, Exposure to ETL Tools, PL/SQL and SQL, SQL, Data processing, Tools",Etl Developer,Naukri,5 days ago,https://www.naukri.com/job-listings-pl-sql-etl-developer-tothr-kochi-8-to-12-years-010626008759
Walk-in || Databricks Developer/Lead,Tata Consultancy Services,Unknown,Not Available,Not Available,"Azure Databricks, ETL, SQL, Python, Microsoft Azure, Leadership, Development",Etl Developer,Naukri,4 days ago,https://www.naukri.com/job-listings-databricks-developer-lead-tata-consultancy-services-visakhapatnam-4-to-9-years-020626012249
Pentaho Etl Developer,TEKSKILL,Hyderabad,8-13 Yrs,Not Available,"ETL, Pentaho, Elt, Development",Etl Developer,Naukri,1 week ago,https://www.naukri.com/job-listings-pentaho-etl-developer-tekskills-hyderabad-8-to-13-years-290526917221
Pentaho Etl Developer,TEKSKILL,Pune,8-13 Yrs,Not Available,"ETL, Pentaho, Elt, Development",Etl Developer,Naukri,1 week ago,https://www.naukri.com/job-listings-pentaho-etl-developer-tekskills-pune-8-to-13-years-290526917220
Etl Informatica Developer,VH MOBILE METRICS - 360 Technology Group,Remote,5-10 Yrs,1-2.25 Lacs PA,"Star Schema, Iics, Etl Development, Star Schema Modeling, Informatica Powercenter, Unix Shell Scripting, Oracle, SQL",Etl Developer,Naukri,2 weeks ago,https://www.naukri.com/job-listings-etl-informatica-developer-vh-mobile-metrics-bengaluru-5-to-10-years-210526020502
ETL Developer Dynamics 365 Customer Engagement (CE),NS Global Corporation,Hyderabad,4-8 Yrs,Not Available,"SQL queries, MS SQL, Data migration, Data validation, SSIS, Troubleshooting, Customer engagement, Data warehousing",Etl Developer,Naukri,1 week ago,https://www.naukri.com/job-listings-etl-developer-dynamics-365-customer-engagement-ce-ns-global-corporation-hyderabad-4-to-8-years-290526501837
ETL Developer Dynamics 365 Customer Engagement (CE),NS Global Corporation,Noida,4-8 Yrs,Not Available,"SQL queries, MS SQL, Data migration, Data validation, SSIS, Troubleshooting, Customer engagement, Data warehousing",Etl Developer,Naukri,1 week ago,https://www.naukri.com/job-listings-etl-developer-dynamics-365-customer-engagement-ce-ns-global-corporation-noida-4-to-8-years-290526501835
ETL Developer Dynamics 365 Customer Engagement (CE),NS Global Corporation,Mumbai,4-8 Yrs,Not Available,"SQL queries, MS SQL, Data migration, Data validation, SSIS, Troubleshooting, Customer engagement, Data warehousing",Etl Developer,Naukri,1 week ago,https://www.naukri.com/job-listings-etl-developer-dynamics-365-customer-engagement-ce-ns-global-corporation-mumbai-4-to-8-years-290526501834
ETL Developer Dynamics 365 Customer Engagement (CE),NS Global Corporation,Pune,4-8 Yrs,Not Available,"SQL queries, MS SQL, Data migration, Data validation, SSIS, Troubleshooting, Customer engagement, Data warehousing",Etl Developer,Naukri,1 week ago,https://www.naukri.com/job-listings-etl-developer-dynamics-365-customer-engagement-ce-ns-global-corporation-pune-4-to-8-years-270526503143
Senior DataHub / InfoCenter Developer - ETL,Blitzenx,Bengaluru,4-10 Yrs,Not Available,"sap data services, Oracle, ETL Lead, ETL tool, Tools, ETL, Development, SAP",Etl Developer,Naukri,3+ weeks ago,https://www.naukri.com/job-listings-senior-datahub-infocenter-developer-etl-blitzenx-rapid-consulting-services-bengaluru-4-to-10-years-210825502684
ETL (Informatica) Developer,Squircle IT,Mumbai,6-10 Yrs,Not Available,"Unix, Oracle SQL, PLSQL, Informatica, Development, ETL, Oracle, SQL",Etl Developer,Naukri,3+ weeks ago,https://www.naukri.com/job-listings-etl-informatica-developer-squircle-it-consulting-services-pvt-ltd-mumbai-6-to-10-years-200126508263
ETL Informatica Developer,Han Digital Solution,Hyderabad,3-6 Yrs,Not Available,"informatica powercenter, software testing, etl informatica, sql, data quality, test planning, troubleshooting, code review",Etl Developer,Naukri,3+ weeks ago,https://www.naukri.com/job-listings-etl-informatica-developer-han-digital-solution-hyderabad-3-to-6-years-221125501414
Informatica Developer ETL/ FTE,Logic Planet,New Delhi,3-6 Yrs,Not Available,"Unix, Performance optimization, Informatica, SQL, ETL, Optimization, Informatica Development, ETL Informatica",Etl Developer,Naukri,3+ weeks ago,https://www.naukri.com/job-listings-informatica-developer-etl-fte-logicplanet-it-services-new-delhi-3-to-6-years-200226502407
Senior ETL Talend Developer,Datamatics,Mumbai,6-11 Yrs,Not Available,"Performance tuning, Version control, Production support, RDBMS, Postgresql, Datastage, Scheduling, Data quality",Etl Developer,Naukri,3+ weeks ago,https://www.naukri.com/job-listings-senior-etl-talend-developer-datamatics-software-services-ltd-mumbai-6-to-11-years-090326502801
ETL-Datastage Developer,Iris Software,Gurugram,6-8 Yrs,Not Available,"Ibm Datastage, Linux, Control-M, ETL, Oracle, Development, Datastage",Etl Developer,Naukri,2 weeks ago,https://www.naukri.com/job-listings-etl-datastage-developer-iris-software-gurugram-6-to-8-years-200526036634
Software developer (Full-stack and ETL),S&P Global Market Intelligence,Gurugram,3-7 Yrs,Not Available,"software developer, data pipelines, react, sql, docker, lambda, etl pipelines, git",Etl Developer,Naukri,3+ weeks ago,https://www.naukri.com/job-listings-software-developer-full-stack-and-etl-s-p-capital-iq-india-pvt-ltd-gurugram-3-to-7-years-060526935272
Odi Developer With ETL-immediate joiner,Tekskills india,Bengaluru,7-12 Yrs,Not Available,"ODI interfaces, Performance tuning, optimization of ODI interfaces, Performance, Development, Optimization, Interfaces, ODI",Etl Developer,Naukri,1 week ago,https://www.naukri.com/job-listings-odi-developer-with-etl-immediate-joiner-tekskills-bengaluru-7-to-12-years-290526916962
Etl Abinitio Developer - Bangalore - Min 8-Max 10 yrs,Sunware Technologies,Bengaluru,8-10 Yrs,Not Available,"Ab Initio, Unix, Shell Scripting, Kafka, Ci/Cd, ETL Tool, SQL, Data Integration",Etl Developer,Naukri,2 weeks ago,https://www.naukri.com/job-listings-etl-abinitio-developer-bangalore-min-8-max-10-yrs-sunware-technologies-bengaluru-8-to-10-years-190526026417
ETL Azure Lead Developer.,Aliqan Services,Bengaluru,8-12 Yrs,Not Available,"Senior Technical Lead, development testing, Active directory, Agile, Design development, Technical Lead, microsoft, Data warehousing",Etl Developer,Naukri,3+ weeks ago,https://www.naukri.com/job-listings-etl-azure-lead-developer-aliqan-technologies-bengaluru-8-to-12-years-290823500972
ETL / BI Developers,Mindrives Business Solutions,Bengaluru,3-6 Yrs,Not Available,"Developer, Bi Development, Development, ETL, Bi, ETL Development",Etl Developer,Naukri,3+ weeks ago,https://www.naukri.com/job-listings-etl-bi-developers-mindrives-business-solutions-private-limited-bengaluru-3-to-6-years-200924503727
SQL Server Developer with ETL / BIDW background,Squircle IT,Bengaluru,5-7 Yrs,Not Available,"data warehouse, pr, sap, teradata, data warehousing, dimensional modeling, sql server, sql",Etl Developer,Naukri,3+ weeks ago,https://www.naukri.com/job-listings-sql-server-developer-with-etl-bidw-background-squircle-it-consulting-services-pvt-ltd-bengaluru-5-to-7-years-210126501402
"ETL PL/SQL, Informatics developer",Clifyx Technology,Bengaluru,2-6 Yrs,Not Available,"Product management, Manager Quality Assurance, Data modeling, Billing, Infrastructure, PLSQL, Data quality, Vendor",Etl Developer,Naukri,3+ weeks ago,https://www.naukri.com/job-listings-etl-pl-sql-informatics-developer-clifyx-technology-bengaluru-2-to-6-years-170225503986
ETL DataStage & CP4D Developer,Mavens I,Chennai,6-8 Yrs,Not Available,"Unix, Performance tuning, Linux, Datastage, Shell scripting, Consulting, Agile, Scrum",Etl Developer,Naukri,1 week ago,https://www.naukri.com/job-listings-etl-datastage-cp4d-developer-mavens-i-softech-solutions-pvt-ltd-chennai-6-to-8-years-270526501497
ETL Talend Developer,Diverse Lynx,Hyderabad,3-8 Yrs,Not Available,"Computer science, Data modeling, Postgresql, MySQL, Control-M, Scheduling, Data quality, Oracle",Etl Developer,Naukri,3+ weeks ago,https://www.naukri.com/job-listings-etl-talend-developer-diverse-lynx-hyderabad-3-to-8-years-250825504004
ETL Talend Developer,IDESLABS,Hyderabad,3-15 Yrs,Not Available,"Maximo, Technical design, Talend, Development, Technical, ETL, Design",Etl Developer,Naukri,3+ weeks ago,https://www.naukri.com/job-listings-etl-talend-developer-ideslabs-private-limited-hyderabad-3-to-15-years-121223500123
ETL Lead Developer,D-techworks,Chennai,6-9 Yrs,Not Available,"Data analysis, SAS, Analytical, Cloud, Healthcare, Performance optimization, Data quality, Stakeholder management",Etl Developer,Naukri,3+ weeks ago,https://www.naukri.com/job-listings-etl-lead-developer-d-techworks-pvt-ltd-chennai-6-to-9-years-240426500437
DBT Developer,Tata Consultancy Services,"Pune, Chennai, Bengaluru",5-10 Yrs,Not Available,"Airflow, BigQuery, ETL, DBT, Snowflake, Redshift, Amazon Redshift, Development",Etl Developer,Naukri,3 weeks ago,https://www.naukri.com/job-listings-dbt-developer-tata-consultancy-services-pune-chennai-bengaluru-5-to-10-years-140526010655
ETL DataStage Developer,Elintex Technologies,Pune,5-10 Yrs,Not Available,"DataStage, ETL Developer, ETL, SQL, Ibm Datastage, Datastage Etl, Etl Datastage, Development",Etl Developer,Naukri,4 days ago,https://www.naukri.com/job-listings-etl-datastage-developer-elintex-technologies-pune-5-to-10-years-080825028631
Odi Developer With ETL-immediate joiner,Tekskills india,Hyderabad,7-12 Yrs,Not Available,"ODI interfaces, Performance tuning, optimization of ODI interfaces, Optimization, ODI, Performance, Interfaces, Development",Etl Developer,Naukri,1 week ago,https://www.naukri.com/job-listings-odi-developer-with-etl-immediate-joiner-tekskills-hyderabad-7-to-12-years-290526916963
Odi Developer With ETL-immediate joiner,Tekskills india,Pune,7-12 Yrs,Not Available,"ODI interfaces, Performance tuning, optimization of ODI interfaces, Performance, Development, Optimization, Interfaces, ODI",Etl Developer,Naukri,1 week ago,https://www.naukri.com/job-listings-odi-developer-with-etl-immediate-joiner-tekskills-pune-7-to-12-years-290526916961
Manager - ETL & Data Warehouse Developer,ECL Finance,Mumbai,3-9 Yrs,14-20 Lacs PA,"ETL, Data Engineering, Data Warehousing, Development, Data, Management, Warehouse management, Warehouse",Etl Developer,Naukri,1 week ago,https://www.naukri.com/job-listings-manager-etl-data-warehouse-developer-ecl-finance-mumbai-3-to-9-years-270526025056
IDMC Developer,Infosys,Bengaluru,3-5 Yrs,Not Available,"Compliance, data warehousing, sql, git, redshift, gcp, jenkins, shell scripting",Etl Developer,Naukri,1 week ago,https://www.naukri.com/job-listings-idmc-developer-infosys-limited-bengaluru-3-to-5-years-260526926514
IICS Developer,Infosys,Bengaluru,3-5 Yrs,Not Available,"Python, data warehousing, sql, analytics, git, redshift, gcp, bigquery",Etl Developer,Naukri,1 week ago,https://www.naukri.com/job-listings-iics-developer-infosys-limited-bengaluru-3-to-5-years-260526926485
AEP Developer,Capgemini,Bengaluru,4-9 Yrs,Not Available,"compliance, insurance, telemedicine, streaming data, microsoft technologies, customer data platforms, elt, data engineering",Etl Developer,Naukri,1 week ago,https://www.naukri.com/job-listings-aep-developer-capgemini-technology-services-india-limited-bengaluru-4-to-9-years-250526916030
Data Engineer / ETL Tester,HCLTech,Hybrid - Bengaluru,4-8 Yrs,10-15 Lacs PA,"Azure Data Factory, ETL Testing, Data Bricks, Software testing, Data, Data Engineering, ETL, Bricks",Etl Developer,Naukri,1 week ago,https://www.naukri.com/job-listings-data-engineer-etl-tester-hcltech-bengaluru-4-to-8-years-210526019789
Informatica Developer,Tech Mahindra,"Hyderabad, Chennai, Bengaluru",7-12 Yrs,Not Available,"Iics, Application Integration, Informatica, Data Integration, Integration, Development, Data, Application",Etl Developer,Naukri,2 weeks ago,https://www.naukri.com/job-listings-informatica-developer-tech-mahindra-hyderabad-chennai-bengaluru-7-to-12-years-220526014799
Informatica Developer-@infosys,Infosys,"Hybrid - Hyderabad, Chennai, Bengaluru",3-8 Yrs,Not Available,"informatica developer, Informatica Development, informatica power exchange, Data Management, Development, Informatica, Data, Informatica Power",Etl Developer,Naukri,2 weeks ago,https://www.naukri.com/job-listings-informatica-developer-infosys-infosys-hyderabad-chennai-bengaluru-3-to-8-years-220526028635
Informatica Developer,Infosys,"Hybrid - Hyderabad, Chennai, Bengaluru",3-8 Yrs,Not Available,"informatica developer, Informatica Development, informatica power exchange, Data Management, Data, Informatica Powercenter, Informatica, Power Exchange",Etl Developer,Naukri,2 weeks ago,https://www.naukri.com/job-listings-informatica-developer-infosys-hyderabad-chennai-bengaluru-3-to-8-years-220526028579
PL/SQL Developer For ETL Process @Infopark Kochi/Remote/Night shift,JTSI TECHNOLOGIES INDIA PRIVATE LIMITED,Remote,6-11 Yrs,Not Available,"ETL and Data Processing, Exposure to ETL Tools, PL/SQL and SQL, Data base Knowledge, Data Handling and Quality, PLSQL, Data processing, SQL development",Etl Developer,Naukri,3 weeks ago,https://www.naukri.com/job-listings-pl-sql-developer-for-etl-process-infopark-kochi-remote-night-shift-jtsi-technologies-india-private-limited-kochi-6-to-11-years-080426013837
ETL Ab Initio Developer,Acme Services,Mumbai,3-7 Yrs,Not Available,"Unix, Cloud computing, Biw, Data analysis, Data modeling, Shell scripting, Informatica, Oracle",Etl Developer,Naukri,3+ weeks ago,https://www.naukri.com/job-listings-etl-ab-initio-developer-acme-services-mumbai-3-to-7-years-210223501246
Developer,VOLKSWAGEN GROUP DIGITAL SOLUTIONS PRIVATE LIMITED,"Pune, Gurugram, Bengaluru",2-5 Yrs,Not Available,"sql, sap business objects, sap, performance tuning, business objects, design, etl, ssis",Etl Developer,Naukri,2 weeks ago,https://www.naukri.com/job-listings-developer-volkswagen-group-technology-solutions-india-private-limited-pune-gurugram-bengaluru-2-to-5-years-200526941999
Manager - ETL & Data Warehouse Developer-IT,Nido Home Finance,Mumbai (All Areas),5-10 Yrs,Not Available,"Data Warehousing, LMS, ETL, SQL, Warehouse management, Management, Data, Warehouse",Etl Developer,Naukri,3+ weeks ago,https://www.naukri.com/job-listings-manager-etl-data-warehouse-developer-it-nido-home-finance-mumbai-all-areas-5-to-10-years-060526024488
Core Java Developer with MySQL and ETL,E4 Softwares,Mumbai,2-5 Yrs,Not Available,"css, web services, jsp, jdbc, hibernate, sql, microservices, spring",Etl Developer,Naukri,2 weeks ago,https://www.naukri.com/job-listings-core-java-developer-with-mysql-and-etl-e4-softwares-mumbai-2-to-5-years-200526501327
BI Report Developer (ETL and Tableau),Infraveo Technologies,Remote,1-3 Yrs,Not Available,"Data validation, tableau, Data modeling, Analytical, data visualization, Troubleshooting, Business intelligence, SQL",Etl Developer,Naukri,3+ weeks ago,https://www.naukri.com/job-listings-bi-report-developer-etl-and-tableau-infraveo-technologies-remote-1-to-3-years-110625504148
ETL Datastage Developer,Finite HR Consulting Private Limited,Hyderabad,5-10 Yrs,Not Available,"Technical product configuration, c++, design, MySQL, JavaScript, integration PHP, HTML",Etl Developer,Naukri,3+ weeks ago,https://www.naukri.com/job-listings-etl-datastage-developer-finite-hr-consulting-private-limited-hyderabad-5-to-10-years-010717506359
Walk-in || Databricks Developer,Tata Consultancy Services,Unknown,Not Available,Not Available,"Azure Databricks, ETL, Python, SQL, Development, Microsoft Azure",Etl Developer,Naukri,1 day ago,https://www.naukri.com/job-listings-databricks-developer-tata-consultancy-services-pune-4-to-9-years-050626018582
Tcs Walkin - Databricks Developer -TCS PUNE -13th June 26,Tata Consultancy Services,"Pune, Mumbai (All Areas)",4-9 Yrs,Not Available,"Azure, SQL, Databricks, ETL, Python, Java, Scala, Workflows-Jobs",Etl Developer,Naukri,1 day ago,https://www.naukri.com/job-listings-tcs-walkin-databricks-developer-tcs-pune-13th-june-26-tata-consultancy-services-pune-mumbai-all-areas-4-to-9-years-050626015049
Workato Developer,Deloitte US-India Offices,Hyderabad,4-9 Yrs,Not Available,"Workato, Rest Api Integration, workato Integration, A2A Integration, B2B Integration, Api Management, Api Integration, Javascript",Etl Developer,Naukri,1 day ago,https://www.naukri.com/job-listings-workato-developer-deloitte-us-india-offices-hyderabad-4-to-9-years-050626011029
Axiom Developer,Capgemini,"Pune, Bengaluru",4-9 Yrs,Not Available,"python, continuous integration, software development, regulatory reporting, sql, scripting, git, database programming",Etl Developer,Naukri,3+ weeks ago,https://www.naukri.com/job-listings-axiom-developer-capgemini-technology-services-india-limited-pune-bengaluru-4-to-9-years-050526933378
ETL Databricks Lead,Iqvia Biotech,Bengaluru,8-13 Yrs,Not Available,"Project management, Cloud, Network security, Agile, data governance, Healthcare, Clinical research, Life sciences",Etl Developer,Naukri,3+ weeks ago,https://www.naukri.com/job-listings-etl-databricks-lead-iqvia-biotech-bengaluru-8-to-13-years-200226504205
Informatica MDM Developer,Infosys,Bengaluru,5-8 Yrs,Not Available,"Informatica, Azure, Compliance, Shell Scripting, Sql Server, Data Management, Analytics, Sql",Etl Developer,Naukri,5 days ago,https://www.naukri.com/job-listings-informatica-mdm-developer-infosys-limited-bengaluru-5-to-8-years-010626922529
Informatica Developer,Tata Consultancy Services,"Hyderabad, Pune, Bengaluru",6-11 Yrs,20-35 Lacs PA,"IDMC, Informatica, ETL, Informatica Development, Development",Etl Developer,Naukri,3 days ago,https://www.naukri.com/job-listings-informatica-developer-tata-consultancy-services-hyderabad-pune-bengaluru-6-to-11-years-020626027866
iValua Developer,CGI,"Hybrid - Hyderabad, Chennai, Bengaluru",3-8 Yrs,Not Available,"sql, iValua, css, JSON, Query module, L2 Integration certified, EAI, ajax",Etl Developer,Naukri,3 weeks ago,https://www.naukri.com/job-listings-ivalua-developer-cgi-hyderabad-chennai-bengaluru-3-to-8-years-150526013402
Informatica Developer (IICS),Tata Consultancy Services,"Chennai, Bengaluru, Mumbai (All Areas)",5-10 Yrs,Not Available,"Informatica Intelligent Cloud Services, Iics, Cdi, Informatica, MDM, Idq, CAI, Cloud",Etl Developer,Naukri,3 weeks ago,https://www.naukri.com/job-listings-informatica-developer-iics-tata-consultancy-services-chennai-bengaluru-mumbai-all-areas-5-to-10-years-130526046113
Senior Informatica Developer - M13,Infosys,Hyderabad,3-8 Yrs,Not Available,"Informatica Development, Informatica, Etl Informatica, ETL, Development, Senior",Etl Developer,Naukri,2 weeks ago,https://www.naukri.com/job-listings-senior-informatica-developer-m13-infosys-hyderabad-3-to-8-years-130526041545
Informatica Developer,Infosys,Bengaluru,5-8 Yrs,Not Available,"informatica, snowflake, oracle, data management, data warehousing, batch processing, etl developer, sql server",Etl Developer,Naukri,1 week ago,https://www.naukri.com/job-listings-informatica-developer-infosys-limited-bengaluru-5-to-8-years-270526932217
Informatica Cloud Developer,Capgemini,"Hyderabad, Pune, Bengaluru",4-13 Yrs,Not Available,"Informatica Intelligent Cloud Services, Iics, Data Warehousing, Cloud, Cloud Services, Development, Informatica, Data",Etl Developer,Naukri,1 week ago,https://www.naukri.com/job-listings-informatica-cloud-developer-capgemini-hyderabad-pune-bengaluru-4-to-13-years-260526017263
Talend Developer,Capgemini,"Hybrid - Pune, Chennai, Bengaluru",6-11 Yrs,Not Available,"Talend, ETL, Snowflake Sql, Linux, Data Warehousing, SQL, Snowflake, Warehouse",Etl Developer,Naukri,3 days ago,https://www.naukri.com/job-listings-talend-developer-capgemini-pune-chennai-bengaluru-6-to-11-years-030626023368
"Data Engineer Exp in ETL, SQL, Python Mandatory",Tata Consultancy Services,Hyderabad,6-11 Yrs,18-33 Lacs PA,"Data Engineering, ETL, SQL, Python, Engineering, Data, Exp",Etl Developer,Naukri,1 week ago,https://www.naukri.com/job-listings-data-engineer-exp-in-etl-sql-python-mandatory-tata-consultancy-services-hyderabad-6-to-11-years-280526013307
Informatica Developer,Tata Consultancy Services,"Hyderabad, Bengaluru, Mumbai (All Areas)",6-11 Yrs,12-22 Lacs PA,"Iics, B2B Integration, Informatica, Informatica Powercenter, Development, Informatica Development, Integration, Powercenter",Etl Developer,Naukri,3 weeks ago,https://www.naukri.com/job-listings-informatica-developer-tata-consultancy-services-hyderabad-bengaluru-mumbai-all-areas-6-to-11-years-120526039633
Informatica Developer,Tata Consultancy Services,"Hyderabad, India, Bengaluru",4-9 Yrs,Not Available,"Informatica, Informatica Powercenter, Power Exchange, Etl Informatica, SQL, Development, Informatica Development, Exchange server",Etl Developer,Naukri,3 days ago,https://www.naukri.com/job-listings-informatica-developer-tata-consultancy-services-hyderabad-bengaluru-india-4-to-9-years-080426006754
ETL Matillion Lead,Net2Source LLP,"Hybrid - Pune, Chennai, Bengaluru",8-13 Yrs,13-23 Lacs PA,"Matillion, ETL, Snowflake, Python",Etl Developer,Naukri,1 day ago,https://www.naukri.com/job-listings-etl-matillion-lead-net2source-llp-pune-chennai-bengaluru-8-to-13-years-050626008602
Service Now Senior Developer,Siemens,Bengaluru,5-10 Yrs,Not Available,"Service Now, Azure, Automation, Import, Sap, Coaching, Azure Blob Storage, Soap",Etl Developer,Naukri,5 days ago,https://www.naukri.com/job-listings-service-now-senior-developer-siemens-limited-bengaluru-5-to-10-years-010626920603
Sr ServiceNow Developer,Siemens,Bengaluru,5-10 Yrs,Not Available,"Servicenow, Automation, Process Automation, Enterprise Systems, Architecture, Apis, Cad, Itsm",Etl Developer,Naukri,5 days ago,https://www.naukri.com/job-listings-sr-servicenow-developer-siemens-limited-bengaluru-5-to-10-years-010626920561
Sr Edge Application Developer,Schneider Electric India Pvt. Ltd.,Bengaluru,7-10 Yrs,Not Available,"Performance tuning, C++, Linux, Networking, DNS, Network security, HTTP, Information technology",Etl Developer,Naukri,3+ weeks ago,https://www.naukri.com/job-listings-sr-edge-application-developer-schneider-electric-india-pvt-ltd-bengaluru-7-to-10-years-160426500910
Senior Lead - Application Developer & Project Manager,Careernet,Bengaluru,10-20 Yrs,Not Available,"robosoft, design and development, robot framework, design, application development, robot programming languages, plc, plc integration",Etl Developer,Naukri,3+ weeks ago,https://www.naukri.com/job-listings-senior-lead-application-developer-project-manager-careernet-bengaluru-10-to-20-years-090526008176
Senior Edge application Developer,Schneider Electric India Pvt. Ltd.,Gurugram,7-10 Yrs,Not Available,"Computer science, Performance tuning, C++, Linux, Networking, DNS, Network security, HTTP",Etl Developer,Naukri,2 days ago,https://www.naukri.com/job-listings-senior-edge-application-developer-schneider-electric-india-pvt-ltd-gurugram-7-to-10-years-040626501980
IDMC Developer,TeamLease,"Hybrid - Hyderabad, Bengaluru, Mumbai (All Areas)",5-10 Yrs,Not Available,"Data Quality, IDMC, Data Lineage, ETL, Data Governance, Data Profiling, Development, Data",Etl Developer,Naukri,1 week ago,https://www.naukri.com/job-listings-idmc-developer-teamlease-hyderabad-bengaluru-mumbai-all-areas-5-to-10-years-270526016155
Senior SCADA EMS Application Developer,Hitachi Energy,Bengaluru,4-10 Yrs,Not Available,"SAN, Performance tuning, C++, Linux, Debugging, Workflow, Scrum, Windows",Etl Developer,Naukri,3+ weeks ago,https://www.naukri.com/job-listings-senior-scada-ems-application-developer-hitachi-energy-bengaluru-4-to-10-years-260226504346
"Data Engineer - Databricks, PySpark & ETL",Tata Consultancy Services,Gurugram,7-12 Yrs,Not Available,"Databricks, ETL, Azure, Data Engineering, PySpark, Big Data, AWS, SQL",Etl Developer,Naukri,3 weeks ago,https://www.naukri.com/job-listings-data-engineer-databricks-pyspark-etl-tata-consultancy-services-gurugram-7-to-12-years-110526005358
Informatica Developer,Tata Consultancy Services,Hyderabad,4-8 Yrs,Not Available,"Informatica, Informatica Designer, ETL, Informatica Development, Development, Design",Etl Developer,Naukri,3 days ago,https://www.naukri.com/job-listings-informatica-developer-tata-consultancy-services-hyderabad-4-to-8-years-030626028956
Informatica Developer,Tata Consultancy Services,"Bhubaneswar, Mumbai (All Areas)",4-6 Yrs,Not Available,"Powercenter, Informatica, Unix, Oracle, SQL, azure, Development, Microsoft Azure",Etl Developer,Naukri,3 days ago,https://www.naukri.com/job-listings-informatica-developer-tata-consultancy-services-bhubaneswar-mumbai-all-areas-4-to-6-years-030626008926
Senior Software Engineer - Java Application Developer - June Joiners,CGI,Chennai,4-7 Yrs,8-12 Lacs PA,"Core Java, Github, J2Ee, Spring Boot, JIRA, SQL, Software, Core",Etl Developer,Naukri,2 days ago,https://www.naukri.com/job-listings-senior-software-engineer-java-application-developer-june-joiners-cgi-chennai-4-to-7-years-040626011867
Record To report Analyst,Deloitte US-India Offices,"Hyderabad, Gurugram, Delhi / NCR",2-7 Yrs,Not Available,"R2R, RTR, General Ledger Accounting, Month End Reporting, Record To Report, Journal Entries, Gl Accounting, Journal",Reporting Analyst,Naukri,5 days ago,https://www.naukri.com/job-listings-record-to-report-analyst-deloitte-consulting-hyderabad-gurugram-delhi-ncr-2-to-7-years-271025021299
Performance Reporting Analyst,Crisil,Mumbai,4-8 Yrs,Not Available,"Service delivery, Backend, Financial markets, Project management, Analytical, Service industry, Workflow, Manager Quality Control",Reporting Analyst,Naukri,3+ weeks ago,https://www.naukri.com/job-listings-performance-reporting-analyst-crisil-mumbai-4-to-8-years-310326500434
Record To Report Analyst,Access Healthcare,Chennai(Ambattur Industrial Estate +1),1-6 Yrs,Not Available,"General Ledger Accounting, Month End Reporting, Record To Report, Balance Sheet Reconciliation, P&L Analysis, RTR, R2R, Accrual Entries",Reporting Analyst,Naukri,3 weeks ago,https://www.naukri.com/job-listings-record-to-report-analyst-access-healthcare-chennai-1-to-6-years-050326006197
Accounting & Reporting Analyst,ABB Ltd,Bengaluru,1-2 Yrs,Not Available,"SAP, Excel, Financial reporting, Accounting, Finance, Work permit, Cash flow, Powerpoint",Reporting Analyst,Naukri,2 days ago,https://www.naukri.com/job-listings-accounting-reporting-analyst-abb-ltd-bengaluru-1-to-2-years-040626502825
Marketing Expense Reporting - Analyst,JPMorgan Chase Bank,Bengaluru,3-8 Yrs,Not Available,"Analytical skills, Financial reporting, Senior management, Financial analysis, Financial planning, Banking, Organizational management, Forecasting",Reporting Analyst,Naukri,3 days ago,https://www.naukri.com/job-listings-marketing-expense-reporting-analyst-jp-morgan-and-chase-bengaluru-3-to-8-years-030626503310
Accounting & Reporting Analyst,ABB,Bengaluru,1-2 Yrs,Not Available,"Reporting Analyst, Financial Reporting, Sap, Compliance, Accounting, Finance, Templates, Financial Data",Reporting Analyst,Naukri,2 days ago,https://www.naukri.com/job-listings-accounting-reporting-analyst-abb-india-limited-bengaluru-1-to-2-years-040626927199
"Analyst , Record To Report (RTR)",HARMAN India,Bengaluru,8-13 Yrs,Not Available,"SAP, US GAAP, Journal entries, General accounting, External audit, CMA, IFRS, MS Office",Reporting Analyst,Naukri,1 day ago,https://www.naukri.com/job-listings-analyst-record-to-report-rtr-harman-india-bengaluru-8-to-13-years-050626502563
SAP RTR (Record To Report) Analyst,Katbotz Llc,Remote,4-5 Yrs,Not Available,"SAP, Journal entries, Financial reporting, Financial analysis, Project management, Issue resolution, Troubleshooting, Operations",Reporting Analyst,Naukri,3 days ago,https://www.naukri.com/job-listings-sap-rtr-record-to-report-analyst-katbotz-llc-remote-4-to-5-years-030626505342
Record To Report Ops Analyst,Accenture,Bengaluru,3-5 Yrs,Not Available,"Compliance, Financial Analysis, Accounting, Financial Consolidation, Finance, Ledger, Record To Report, Financial Data",Reporting Analyst,Naukri,2 days ago,https://www.naukri.com/job-listings-record-to-report-ops-analyst-accenture-solutions-pvt-ltd-bengaluru-3-to-5-years-040626916198
Record To Report Ops Analyst,Accenture,Gurugram,3-5 Yrs,Not Available,"Record To Report, Financial Analysis, Compliance, Accounting, Financial Consolidation, Finance, Ledger, Financial Data",Reporting Analyst,Naukri,1 day ago,https://www.naukri.com/job-listings-record-to-report-ops-analyst-accenture-solutions-pvt-ltd-gurugram-3-to-5-years-050626922309
Record To Report Ops Analyst,Accenture,Noida,3-5 Yrs,Not Available,"Record To Report, Financial Analysis, Compliance, Accounting, Finance, Ledger, Financial Data, Treasury",Reporting Analyst,Naukri,1 day ago,https://www.naukri.com/job-listings-record-to-report-ops-analyst-accenture-solutions-pvt-ltd-noida-3-to-5-years-050626922117
Specialist - Reporting Analyst,Lennox India Technology Centre (LITC),Chennai,6-10 Yrs,15-20 Lacs PA,"Power Bi, Data Visualization, Advanced Excel, Dashboards, Reporting, Excel, Reporting Analysis, Bi",Reporting Analyst,Naukri,4 days ago,https://www.naukri.com/job-listings-specialist-reporting-analyst-lennox-india-technology-centre-litc-chennai-6-to-10-years-020626012481
Workday Reporting Analyst,Tranzeal,Hybrid - Bengaluru,6-11 Yrs,10-19 Lacs PA,"Workday Reporting, workday recruit, SQL, Report Builder, API, Recruitment, Reporting, Workday",Reporting Analyst,Naukri,5 days ago,https://www.naukri.com/job-listings-workday-reporting-analyst-tranzeal-bengaluru-6-to-11-years-010626002478
"Record To Report, Analyst",Alstom,Bengaluru,8-13 Yrs,Not Available,"Record To Report, Financial Reporting, Erp, Compliance, Accounting, Finance, Journal Entries, Bank Reconciliation",Reporting Analyst,Naukri,5 days ago,https://www.naukri.com/job-listings-record-to-report-analyst-alstom-transport-india-ltd-bengaluru-8-to-13-years-010626924501
SuccessFactors Reporting Analyst,Deloitte US-India Offices,Hyderabad,7-10 Yrs,Not Available,"Successfactors Reporting, Reporting Configuration, Custom Report Development, API Integration, WFS Integrations, Story Reporting, Crystal Reports, SuccessFactors Data Model",Reporting Analyst,Naukri,1 day ago,https://www.naukri.com/job-listings-successfactors-reporting-analyst-deloitte-us-india-offices-hyderabad-7-to-10-years-050626016761
Accounting & Reporting Analyst - GA,ABB,Bengaluru,2-4 Yrs,Not Available,"finance, r2r, journal entries, book closing, reporting analyst, record to report, accounting, reconciliation",Reporting Analyst,Naukri,3 days ago,https://www.naukri.com/job-listings-accounting-reporting-analyst-ga-abb-india-limited-bengaluru-2-to-4-years-030626930561
Accounting & Reporting Analyst - GA,ABB Ltd,Bengaluru,2-4 Yrs,Not Available,"Journal entries, R2R, Reporting Analyst, General accounting, Accounting, Finance, Reconciliation, record to report",Reporting Analyst,Naukri,3 days ago,https://www.naukri.com/job-listings-accounting-reporting-analyst-ga-abb-ltd-bengaluru-2-to-4-years-030626502607
Accounting and Reporting analyst,ABB Ltd,Bengaluru,5-10 Yrs,Not Available,"SAP, Excel, R2R, Reporting Analyst, General accounting, Finance, Production, Commerce",Reporting Analyst,Naukri,3 days ago,https://www.naukri.com/job-listings-accounting-and-reporting-analyst-abb-ltd-bengaluru-5-to-10-years-030626503959
Accounting and Reporting analyst,ABB,Bengaluru,5-10 Yrs,Not Available,"finance, ledger, ms excel, sap, r2r, reporting analyst, book closing, manufacturing",Reporting Analyst,Naukri,3 days ago,https://www.naukri.com/job-listings-accounting-and-reporting-analyst-abb-india-limited-bengaluru-5-to-10-years-030626930700
Record To Report Ops Analyst,Accenture,Jaipur,3-5 Yrs,Not Available,"Record To Report, Financial Reporting, Financial Analysis, Compliance, Accounting, Financial Consolidation, Finance, Ledger",Reporting Analyst,Naukri,2 days ago,https://www.naukri.com/job-listings-record-to-report-ops-analyst-accenture-solutions-pvt-ltd-jaipur-3-to-5-years-040626930688
Record To Report Ops Analyst,Accenture,Chennai,3-5 Yrs,Not Available,"Compliance, Financial Analysis, Construction, Accounting, Finance, Record To Report, Cl, Financial Data",Reporting Analyst,Naukri,2 days ago,https://www.naukri.com/job-listings-record-to-report-ops-analyst-accenture-solutions-pvt-ltd-chennai-3-to-5-years-040626915835
Record To Report Ops Analyst,Accenture,Hyderabad,5-10 Yrs,Not Available,"record to report, financial analysis, hlookup, balance sheet, macros, service operations, data analysis, mis reporting",Reporting Analyst,Naukri,5 days ago,https://www.naukri.com/job-listings-record-to-report-ops-analyst-accenture-solutions-pvt-ltd-hyderabad-5-to-10-years-010626915504
Reporting Analyst,Lawand Marketing and Consultancy Pvt Ltd.,Bengaluru,1-2 Yrs,3.5-4.5 Lacs PA,"Power Bi, Financial Reporting, Advanced Excel, Visualization Tools, Data Modeling, Dashboards, Reporting, Reporting And Analytics",Reporting Analyst,Naukri,3 days ago,https://www.naukri.com/job-listings-reporting-analyst-lawand-group-bengaluru-1-to-2-years-030626011272
Record To Report Ops Analyst,Accenture,Navi Mumbai,3-5 Yrs,Not Available,"record to report, financial analysis, accounting, accounting standards, cloud, financial data, operations, r2r",Reporting Analyst,Naukri,5 days ago,https://www.naukri.com/job-listings-record-to-report-ops-analyst-accenture-solutions-pvt-ltd-navi-mumbai-3-to-5-years-010626913901
Analyst - Record To Report (R2R) (Open),HARMAN India,Bengaluru,5-10 Yrs,Not Available,"SAP, US GAAP, Journal entries, General accounting, External audit, CMA, IFRS, MS Office",Reporting Analyst,Naukri,1 week ago,https://www.naukri.com/job-listings-analyst-record-to-report-r2r-open-harman-india-bengaluru-5-to-10-years-280526503390
Workday Reporting Analyst,Stratapps Solutions,Bengaluru,6-11 Yrs,Not Available,"Workday Prism, Workday Reporting, Workday Recruit, HR Analytics, Data Aggregation, Calculated Fields, Prism Dashboards, Custom Prompts",Reporting Analyst,Naukri,1 week ago,https://www.naukri.com/job-listings-workday-reporting-analyst-stratapps-solutions-bengaluru-6-to-11-years-280526914126
Consumer Banking Branch Performance Reporting and Analytics - Analyst,JPMorgan Chase Bank,Bengaluru,3-5 Yrs,Not Available,"Financial reporting, Wealth management, Analytical, Financial planning, Commercial banking, Investment banking, Asset management, Financial services",Reporting Analyst,Naukri,1 week ago,https://www.naukri.com/job-listings-consumer-banking-branch-performance-reporting-and-analytics-analyst-jp-morgan-and-chase-bengaluru-3-to-5-years-250526502190
Record To Report Ops Analyst,Accenture,Mumbai,3-5 Yrs,Not Available,"record to report, ledger, financial analysis, balance sheet, journal entries, variance analysis, accounting, accounting standards",Reporting Analyst,Naukri,1 week ago,https://www.naukri.com/job-listings-record-to-report-ops-analyst-accenture-solutions-pvt-ltd-mumbai-3-to-5-years-270526928329
Reporting Analyst - BFSI,Leading Client,"Mumbai, Pune, Bengaluru",2-5 Yrs,Not Available,"SQL, Regulatory Reporting, Excel, Power BI, Finance Analytics, BFSI Reporting, Tableau, Python",Reporting Analyst,Naukri,1 week ago,https://www.naukri.com/job-listings-reporting-analyst-bfsi-talent-corner-hr-services-pvt-ltd-mumbai-pune-bengaluru-2-to-5-years-260526935705
Salesforce Reporting Analyst,Aeries Technology,Mumbai,3-5 Yrs,Not Available,"Automation, Data analysis, Reporting Analyst, Consulting, Performance optimization, data mapping, Business operations, Salesforce",Reporting Analyst,Naukri,2 weeks ago,https://www.naukri.com/job-listings-salesforce-reporting-analyst-aeries-technology-group-mumbai-3-to-5-years-220526502530
Reporting Analyst,IntouchCX,Hyderabad,1-4 Yrs,2-6 Lacs PA,"reporting analyst, leadership, customer care, javascript, communication skills, Reporting Analysis, Reporting",Reporting Analyst,Naukri,1 week ago,https://www.naukri.com/job-listings-reporting-analyst-intouchcx-hyderabad-1-to-4-years-250526917084
RCM Reporting Analyst,GM Analytics Solutions,Gurgaon/Gurugram,5-10 Yrs,Not Available,"Denial Management Expertise, DataExtraction, Querying, PatientFinancials, SQL, RCM Expertise, Reporting & Dashboard Skills, Healthcare Analytics",Reporting Analyst,Naukri,1 week ago,https://www.naukri.com/job-listings-rcm-reporting-analyst-gm-analytics-solutions-gurgaon-gurugram-5-to-10-years-140526014058
Control & Reporting Assoc Analyst,Pepsico,Gurugram,3-5 Yrs,Not Available,"Compliance, Procurement, Financial Reporting, Risk Assessment, Accounting, Gl, Audit Compliance, Gst",Reporting Analyst,Naukri,1 week ago,https://www.naukri.com/job-listings-control-reporting-assoc-analyst-pepsico-global-business-services-india-llp-gurugram-3-to-5-years-260526932795
"Analyst, Treasury Reporting",SES Global Technology Services,Chennai,1-3 Yrs,Not Available,"Automation, SAP, Financial reporting, Senior Analyst, Process improvement, Analytical, Trend analysis, Cash management",Reporting Analyst,Naukri,5 days ago,https://www.naukri.com/job-listings-analyst-treasury-reporting-ses-global-technology-services-india-private-limited-chennai-1-to-3-years-010626500909
Record To Report Analyst,Motherson Technology Services Limited,Noida,3-5 Yrs,Not Available,"Record to Report, RTR, R2R, SAP, Accounting, Reporting",Reporting Analyst,Naukri,3+ weeks ago,https://www.naukri.com/job-listings-record-to-report-analyst-motherson-technology-services-limited-noida-3-to-5-years-080526011478
WFM Reporting Analyst,Taskus,Gurugram,0-1 Yrs,Not Available,"reporting analyst, bpo, data warehouse, power bi, kibana, etl, workforce management, Data warehousing",Reporting Analyst,Naukri,3+ weeks ago,https://www.naukri.com/job-listings-wfm-reporting-analyst-taskus-india-private-limited-gurugram-0-to-1-years-050526940899
Transparency reporting Analyst,Cognizant,"Hybrid - Hyderabad, Chennai, Bengaluru",6-9 Yrs,Not Available,"Life Sciences, Sunshine Act, Pharma Transparency Reporting, HCP Spend, Aggregate Spend, Financial Disclosure by Clinical Investigators, Data Analytics, TDM",Reporting Analyst,Naukri,3 weeks ago,https://www.naukri.com/job-listings-transparency-reporting-analyst-cognizant-hyderabad-chennai-bengaluru-6-to-9-years-150526007748
"Controlling, Budgeting & Reporting Analyst",MNC Group,Pithampur,3-8 Yrs,12-14 Lacs PA,"costing principle, Plant Controlling, Manufacturing finance, Budgeting, Forecasting, Finance Control, Manufacturing, Controlling",Reporting Analyst,Naukri,5 days ago,https://www.naukri.com/job-listings-controlling-budgeting-reporting-analyst-meera-hr-verticals-pithampur-3-to-8-years-010626010127
Accounting and reporting Analyst - GA,ABB,Bengaluru,1-4 Yrs,Not Available,"reporting analyst, ledger, accounting, reconciliation, general ledger, accounting standards, ap, account reconciliation",Reporting Analyst,Naukri,3 weeks ago,https://www.naukri.com/job-listings-accounting-and-reporting-analyst-ga-abb-india-limited-bengaluru-1-to-4-years-110526924550
Accounting and reporting analyst - GA,ABB,Bengaluru,2-4 Yrs,Not Available,"reporting analyst, ledger, sap, accounting, reconciliation, general ledger, accounting standards, ap",Reporting Analyst,Naukri,3 weeks ago,https://www.naukri.com/job-listings-accounting-and-reporting-analyst-ga-abb-india-limited-bengaluru-2-to-4-years-110526924489
Accounting & Reporting Analyst- Intercompany,ABB,Bengaluru,14-19 Yrs,Not Available,"reporting analyst, ledger, balance sheet, sap, journal entries, accounting, analytical skills, reconciliation",Reporting Analyst,Naukri,3 weeks ago,https://www.naukri.com/job-listings-accounting-reporting-analyst-intercompany-abb-india-limited-bengaluru-14-to-19-years-110526921780
Control & Reporting Analyst,Pepsico,Hyderabad,5-10 Yrs,Not Available,"reporting analyst, trading, data management, company secretary, order management, journal entries, administration, templates",Reporting Analyst,Naukri,3+ weeks ago,https://www.naukri.com/job-listings-control-reporting-analyst-pepsico-global-business-services-india-llp-hyderabad-5-to-10-years-070526927981
Research Analysts,Green Hedge Capital,Amritsar,1-4 Yrs,Not Available,"analysts, data analysis, presentation skills, research analysis, problem solving, market research, analysis, research",Research Analyst,Naukri,3+ weeks ago,https://www.naukri.com/job-listings-research-analysts-green-hedge-capital-amritsar-1-to-4-years-100226504441
Research Analyst - Plus Wealth,Verified List Pluswealth Capital Management,Noida,5-10 Yrs,Not Available,"Wealth management, Bloomberg, Equity research, Fixed income, Financial planning, Investment strategies, Market research, Research Analyst",Research Analyst,Naukri,3+ weeks ago,https://www.naukri.com/job-listings-research-analyst-plus-wealth-plus-wealth-group-noida-5-to-10-years-231024501682
Research Analyst,Axis Asset Management Company,Mumbai,3-5 Yrs,Not Available,"Investment products, Business transformation, Mutual funds, Financial statement analysis, Asset management, Risk management, Equity Research Analyst, Portfolio management",Research Analyst,Naukri,3+ weeks ago,https://www.naukri.com/job-listings-research-analyst-axis-asset-management-company-limited-mumbai-3-to-5-years-241224502165
"Research Analyst, Financials",Millennium Management,Mumbai,2-5 Yrs,Not Available,"Finance, Research Analyst, Research analysis, Analysis, Research",Research Analyst,Naukri,3+ weeks ago,https://www.naukri.com/job-listings-research-analyst-financials-millennium-management-llc-mumbai-2-to-5-years-090425503765
Research Analyst,Aditya Birla Insulators,Mumbai,2-5 Yrs,Not Available,"NSE, SIDE, Equity broking, Technical analysis, Change management, IRDA, Investment research, Stock market",Research Analyst,Naukri,3+ weeks ago,https://www.naukri.com/job-listings-research-analyst-aditya-birla-insulators-mumbai-2-to-5-years-050526500800
Research Analyst,Comfort Securities,Mumbai,1-3 Yrs,Not Available,"Investment analysis, Financial statements, Compliance, Client servicing, Analyst 1, Research Analyst, Financial modelling, Forecasting",Research Analyst,Naukri,3+ weeks ago,https://www.naukri.com/job-listings-research-analyst-comfort-securities-ltd-mumbai-1-to-3-years-120325501038
Research Analysts,equitymaster,Mumbai,2-3 Yrs,Not Available,"Research Analysts, Research, Research analysis, Analysis, Analysts",Research Analyst,Naukri,3+ weeks ago,https://www.naukri.com/job-listings-research-analysts-equitymaster-agora-research-pvt-ltd-mumbai-2-to-3-years-301018501917
Property Research Analyst,Countryroof,Gurugram,1-2 Yrs,Not Available,"data analysis, research analyst, market data, research, Data, Property, Research analysis, Analysis",Research Analyst,Naukri,3+ weeks ago,https://www.naukri.com/job-listings-property-research-analyst-countryroof-gurugram-1-to-2-years-240326501997
ESG Research Analyst,Quantum Asset Management,Mumbai,2-3 Yrs,Not Available,"Analytical skills, Corporate governance, Database, Market research, Research, Management, Stock market, Research Analyst",Research Analyst,Naukri,3+ weeks ago,https://www.naukri.com/job-listings-esg-research-analyst-quantum-asset-management-company-private-limited-mumbai-2-to-3-years-181024500879
Research Analyst,Moral Financial Research,Raipur,1-3 Yrs,Not Available,"data analysis, research analysis, market research, analysis, data collection, research, sales, market analysis",Research Analyst,Naukri,3+ weeks ago,https://www.naukri.com/job-listings-research-analyst-moral-financial-research-raipur-1-to-3-years-070125501270
Research analyst,HIGS Software,Nagercoil,1-3 Yrs,Not Available,"data analysis, research analysis, market research, analysis, data collection, research, sales, market analysis",Research Analyst,Naukri,3+ weeks ago,https://www.naukri.com/job-listings-research-analyst-higs-software-solution-nagercoil-1-to-3-years-180225500820
Research Analyst,ams OSRAM Group,New Delhi,3-8 Yrs,Not Available,"Consulting, Data collection, Data quality, SPSS, Research, Research Analyst, RFP, Project execution",Research Analyst,Naukri,3+ weeks ago,https://www.naukri.com/job-listings-research-analyst-ams-new-delhi-3-to-8-years-020426506613
Research Analyst,Nfaktor,Bengaluru,3-6 Yrs,Not Available,"Data analysis, Statistical analysis, Primary research, Analytical, Data collection, Market research, Business management, Research Analyst",Research Analyst,Naukri,3+ weeks ago,https://www.naukri.com/job-listings-research-analyst-nfaktor-bengaluru-3-to-6-years-300819500270
Research analyst,Gaining Ground Investment Services,Bengaluru,2-7 Yrs,Not Available,"Housekeeping, Health insurance, Excel, Social media, Financial planning, Market research, Investment management, Research",Research Analyst,Naukri,3+ weeks ago,https://www.naukri.com/job-listings-research-analyst-gaining-ground-investment-services-pvt-ltd-bengaluru-2-to-7-years-180226500568
Research Analyst,RRD Global Outsourcing,Chennai,2-4 Yrs,Not Available,"MS Office suite, Typesetting, Capital IQ, Social media, market data, Investment banking, Research Analyst, Analytics",Research Analyst,Naukri,3+ weeks ago,https://www.naukri.com/job-listings-research-analyst-rrd-go-creative-chennai-2-to-4-years-031225503451
Research Analyst,Promax Legal,Mohali,1-3 Yrs,Not Available,"data analysis, research analysis, market research, analysis, data collection, research, sales, market analysis",Research Analyst,Naukri,3+ weeks ago,https://www.naukri.com/job-listings-research-analyst-promax-legal-solution-private-limited-mohali-1-to-3-years-301025503005
Research Analyst,Incisive Research,Delhi,2-7 Yrs,Not Available,"Telecom, Outbound, Data analysis, Primary research, Business research, Market intelligence, Market research, Automotive",Research Analyst,Naukri,3+ weeks ago,https://www.naukri.com/job-listings-research-analyst-incisive-research-pvt-ltd-delhi-2-to-7-years-190219501085
Research Analyst,PM AM Corporation,Mumbai (All Areas),4-8 Yrs,Not Available,"Lead Generation, Secondary Research, Primary Research, Market Research, Analysis, Research, Secondary, Generation",Research Analyst,Naukri,3+ weeks ago,https://www.naukri.com/job-listings-research-analyst-pm-am-corporation-mumbai-all-areas-4-to-8-years-050526040205
Research Analyst,Alignerr,Remote,15-20 Yrs,Not Available,"Claims, MIN, Analytical, Information research, Research, Research Analyst, Research analysis, Analysis",Research Analyst,Naukri,3+ weeks ago,https://www.naukri.com/job-listings-research-analyst-alignerr-remote-15-to-20-years-230226502579
Research Analyst - TF,CEEW,New Delhi,2-7 Yrs,Not Available,"Supply chain, Program Associate, Selection process, Trade, International trade, Quality standards, Project implementation, Work management",Research Analyst,Naukri,3+ weeks ago,https://www.naukri.com/job-listings-research-analyst-tf-council-on-energy-environment-and-water-new-delhi-2-to-7-years-261125502524
Research Analyst,Fortune Wealth Management,Coimbatore,1-5 Yrs,Not Available,"Investment research, Research, Research Analyst, Investment, Analysis, Research analysis",Research Analyst,Naukri,3+ weeks ago,https://www.naukri.com/job-listings-research-analyst-fortune-wealth-management-company-india-p-ltd-coimbatore-1-to-5-years-211124506342
Car Research Analyst,Garipoint,New Delhi,1-2 Yrs,Not Available,"Research Analyst, Research analysis, Research, Analysis",Research Analyst,Naukri,3+ weeks ago,https://www.naukri.com/job-listings-car-research-analyst-garipoint-new-delhi-1-to-2-years-260624501954
Publication Research Analyst,STM Journals,Noida,1-3 Yrs,Not Available,"market, reports, coordinator, projects, research analyst, registration, stm, journals",Research Analyst,Naukri,3+ weeks ago,https://www.naukri.com/job-listings-publication-research-analyst-stm-journals-noida-1-to-3-years-290715502230
Strategy & Research Analyst,Demos Project,Chennai,1-2 Yrs,Not Available,"Claims, Political science, Analytical, Journalism, Research, Research Analyst, MS Office Word, Secondary research",Research Analyst,Naukri,3+ weeks ago,https://www.naukri.com/job-listings-strategy-research-analyst-demos-project-pvt-ltd-chennai-1-to-2-years-280825500217
ESG Research Analyst,Solaron Sustainability,Bengaluru,2-6 Yrs,Not Available,"Analytical skills, Industry research, Primary research, Academics, Sustainability, Writing, Journalism, Research Analyst",Research Analyst,Naukri,3+ weeks ago,https://www.naukri.com/job-listings-esg-research-analyst-solaron-sustainability-services-bengaluru-2-to-6-years-230625501829
Research Analyst,ams OSRAM Group,Lucknow,3-8 Yrs,Not Available,"Consulting, Data collection, Data quality, SPSS, Research, Research Analyst, RFP, Project execution",Research Analyst,Naukri,3+ weeks ago,https://www.naukri.com/job-listings-research-analyst-ams-lucknow-3-to-8-years-230326501985
Research Analyst - Geospatial Research Programme,The Takshashila Institution,Bengaluru,1-5 Yrs,Not Available,"python, data analysis, data management, arcgis, research analysis, business analysis, teaching, analysis",Research Analyst,Naukri,3+ weeks ago,https://www.naukri.com/job-listings-research-analyst-geospatial-research-programme-the-takshashila-institution-bengaluru-1-to-5-years-210126500379
Research Analyst,Panacorp Software Solutions,Nagercoil,2-5 Yrs,Not Available,"Sales, Senior management, Data collection, Market research, Research Analyst, Analysis, Management, Marketing",Research Analyst,Naukri,3+ weeks ago,https://www.naukri.com/job-listings-research-analyst-panacorp-software-solutions-nagercoil-2-to-5-years-290523501411
Research Analyst,Net Square,"Mumbai, Ahmedabad",1-6 Yrs,Not Available,"Information Security Analyst, Interpersonal skills, Sales, Networking, cyber security, Information security, Business Development Executive, Vulnerability assessment",Research Analyst,Naukri,3+ weeks ago,https://www.naukri.com/job-listings-research-analyst-net-square-solutions-pvt-ltd-mumbai-ahmedabad-1-to-6-years-200820500077
Research Analyst,DNA Consult Advisory,Remote,Not Available,Unpaid,Not Available,Research Analyst,Naukri,Starts in 1-3 months,https://www.naukri.com/job-listings-research-analyst-dna-consult-research-based-consulting-remote-1-to-3-years-270326502355
Research Analyst,TektreeInc,Hyderabad,2-6 Yrs,Not Available,"IT services, Lead generation, Email marketing, Staffing, Database, Market research, Management, Research Analyst",Research Analyst,Naukri,3+ weeks ago,https://www.naukri.com/job-listings-research-analyst-tektreeinc-hyderabad-2-to-6-years-250425500285
Research Analyst,Keynote Research,Mumbai,1-6 Yrs,Not Available,"Data analysis, SAS, Market research, Data processing, SPSS, Research Analyst, Research, Process",Research Analyst,Naukri,3+ weeks ago,https://www.naukri.com/job-listings-research-analyst-keynote-research-private-limited-mumbai-1-to-6-years-210420500355
Research Analyst,Value Prospect,Noida,1-5 Yrs,Not Available,"Data analysis, Operations research, Channel marketing, Direct marketing, Consulting, Market intelligence, Standard operating procedures, Market research",Research Analyst,Naukri,3+ weeks ago,https://www.naukri.com/job-listings-research-analyst-value-prospect-noida-1-to-5-years-211124503233
Research Analyst,CRE Matrix,Mumbai,1-3 Yrs,Not Available,"Analytical skills, Loans, Retail, Data analysis, Matrix, Machine learning, CRE, Research Analyst",Research Analyst,Naukri,3+ weeks ago,https://www.naukri.com/job-listings-research-analyst-cre-matrix-mumbai-1-to-3-years-210623500430
Research Analyst,VCAN & Co,Vadodara,Not Available,Unpaid,Not Available,Research Analyst,Naukri,Starts in 1-3 months,https://www.naukri.com/job-listings-research-analyst-vcan-technologies-pvt-ltd-vadodara-2-to-5-years-251024502187
Research Analyst,Summentorpro,Bengaluru,2-4 Yrs,Not Available,"Data analysis, Excel, Competitor analysis, Report writing, Market research, Research Analyst, Research, Writing",Research Analyst,Naukri,3+ weeks ago,https://www.naukri.com/job-listings-research-analyst-summentor-pro-business-consultants-bengaluru-2-to-4-years-240925506754
Research Analyst,Arrow Point Market Research And Insights Solutions,"Mumbai, Chennai, Bengaluru",1-2 Yrs,Not Available,"Training, Analyst, Coding, Pharma, Consulting, Market research, Marketing research, Research Analyst",Research Analyst,Naukri,3+ weeks ago,https://www.naukri.com/job-listings-research-analyst-arrow-point-market-research-and-insights-solutions-mumbai-chennai-bengaluru-1-to-2-years-211124507262
Research Analyst Foresight Team (CEOOffice),CEEW,New Delhi,4-9 Yrs,Not Available,"Networking, GCP, devops, Cloud, Infrastructure, Data processing, Research Analyst, AWS",Research Analyst,Naukri,2 weeks ago,https://www.naukri.com/job-listings-research-analyst-foresight-team-ceooffice-council-on-energy-environment-and-water-new-delhi-4-to-9-years-200526502648
Research Analysts,Transcat People Solutions Pvt Ltd,Bengaluru,2-6 Yrs,Not Available,"Networking, Associate Research Analyst, Research Analyst, Research Associate, Research, Analysis, Research analysis, Analysts",Research Analyst,Naukri,3+ weeks ago,https://www.naukri.com/job-listings-research-analysts-transcat-people-solutions-pvt-ltd-bengaluru-2-to-6-years-270221501014
Research Analyst,Ideapoke,Bengaluru,2-4 Yrs,Not Available,"Market analysis, Analytical, Data collection, Manager Technology, Competitive intelligence, Business modeling, New product development, Research Analyst",Research Analyst,Naukri,3+ weeks ago,https://www.naukri.com/job-listings-research-analyst-ideapoke-bengaluru-2-to-4-years-010920500697
Research Analyst - BFSI,Crisil,Mumbai,1-3 Yrs,Not Available,"Primary research, NBFC, Bfsi, financial due diligence, Focus, Banking, Research Analyst, Secondary research",Research Analyst,Naukri,3+ weeks ago,https://www.naukri.com/job-listings-research-analyst-bfsi-crisil-mumbai-1-to-3-years-051225502066
Publication Research Analyst (PRA),STM Journals,Noida,1-2 Yrs,Not Available,"primary research, reports, set, research analyst, creates, registration, stm, journals",Research Analyst,Naukri,3+ weeks ago,https://www.naukri.com/job-listings-publication-research-analyst-pra-stm-journals-noida-1-to-2-years-140715500120
Research Analyst,Koncept Analytics,Ghaziabad,1-3 Yrs,Not Available,"Analyst 1, Research Analyst, Research, Research analysis",Research Analyst,Naukri,3+ weeks ago,https://www.naukri.com/job-listings-research-analyst-koncept-analytics-pvt-ltd-ghaziabad-1-to-3-years-060421500158
Research Analyst,Staffice Global,Kolkata,5-12 Yrs,Not Available,"Financial statements, Google Analytics, Primary research, Analytical, Market research, Business strategy, Research, Research Analyst",Research Analyst,Naukri,3+ weeks ago,https://www.naukri.com/job-listings-research-analyst-staffice-global-kolkata-5-to-12-years-110225506630
Research Analyst,Cloudxtreme,Hyderabad,1-3 Yrs,Not Available,"Financial Research, Secondary Research, KYC, Research Analysis, Secondary, Research, Finance, Analysis",Research Analyst,Naukri,3+ weeks ago,https://www.naukri.com/job-listings-research-analyst-cloudxtreme-hyderabad-1-to-3-years-060526011554
Research Analyst,Infinity Jobs Noida,Gurugram,1-5 Yrs,Not Available,"bpo, business research, side, international bpo, research analysis, market research, kpo, analysis",Research Analyst,Naukri,3+ weeks ago,https://www.naukri.com/job-listings-research-analyst-infinity-group-gurugram-1-to-5-years-060226507408
Research Analyst,Hexagon Capital Advisors,Surat,2-7 Yrs,Not Available,"Economics, NISM, Head Business Development, Investment strategies, Research Analyst, Statistics, Monitoring, CFA",Research Analyst,Naukri,3+ weeks ago,https://www.naukri.com/job-listings-research-analyst-hexagon-capital-advisors-pvt-ltd-surat-2-to-7-years-280823501923
Research Analyst,Bizrak Web Solutions,Eluru,1-3 Yrs,Not Available,"Research Analyst, Analysis, Research analysis, Research",Research Analyst,Naukri,3+ weeks ago,https://www.naukri.com/job-listings-research-analyst-bizrak-web-solutions-eluru-1-to-3-years-020623501507
Research Analyst,Makro Group,Hyderabad,3-5 Yrs,Not Available,"Intelligence research, Secondary Research, Clinical Research, drug development, drug research, Research Analyst, Drug, Development",Research Analyst,Naukri,2 weeks ago,https://www.naukri.com/job-listings-research-analyst-makro-group-hyderabad-3-to-5-years-210526923042
Analyst - South Asia Power and Renewable Research,S&P Global Market Intelligence,Gurugram,3-8 Yrs,Not Available,"research, trading, snowflake, python, mathematics, forecasting, ai, market research",Research Analyst,Naukri,3+ weeks ago,https://www.naukri.com/job-listings-analyst-south-asia-power-and-renewable-research-s-p-capital-iq-india-pvt-ltd-gurugram-3-to-8-years-060526935237
Research Analyst Shashwath Solution,Shashwath Solution,Bengaluru,1-6 Yrs,Not Available,"Social media, Web application, Internet research, Data collection, Database, UPS, MS Office, Research Analyst",Research Analyst,Naukri,3+ weeks ago,https://www.naukri.com/job-listings-research-analyst-shashwath-solution-shashwath-solution-bengaluru-1-to-6-years-070825500720
Research Analyst / Intern,Apelo Consulting,Gurugram,Not Available,Unpaid,Not Available,Research Analyst,Naukri,Starts in 1-3 months,https://www.naukri.com/job-listings-research-analyst-intern-apelo-consulting-pvt-ltd-gurugram-1-to-3-years-010725500880
Research Analysts,Maction Consulting,Ahmedabad,1-4 Yrs,Not Available,"Quality improvement, Statistical analysis, Project management, Analytical, Consulting, Database, Power point presentation, SPSS",Research Analyst,Naukri,3+ weeks ago,https://www.naukri.com/job-listings-research-analysts-maction-consulting-pvt-ltd-ahmedabad-1-to-4-years-120424502448
Research Analyst,ANRK & Associates,Pune,2-4 Yrs,Not Available,"Business administration, MS Office tools, Business presentations, Commerce, Taxation, Research, Research Analyst, Powerpoint",Research Analyst,Naukri,3+ weeks ago,https://www.naukri.com/job-listings-research-analyst-anrk-pune-2-to-4-years-080725503564
Research Analyst,Maction Consulting,Ahmedabad,1-4 Yrs,Not Available,"Quality improvement, Statistical analysis, Project management, Analytical, Consulting, Database, SPSS, Research",Research Analyst,Naukri,3+ weeks ago,https://www.naukri.com/job-listings-research-analyst-maction-consulting-pvt-ltd-ahmedabad-1-to-4-years-020223502185
Research Analyst,Miracle Consultancy,"Jamnagar, Ahmedabad, Rajkot, Surat, Vadodara",2-7 Yrs,Not Available,"Help Desk, Customer Service, customer relationship, access controls, Telephony support, Asset Management, Vendor Management, Information",Research Analyst,Naukri,3+ weeks ago,https://www.naukri.com/job-listings-research-analyst-miracle-consultancy-jamnagar-ahmedabad-rajkot-surat-vadodara-2-to-7-years-100118500378
Research Analysts,Maxim Research,Pune,2-5 Yrs,Not Available,"Due diligence, Capital IQ, Bloomberg, top, Equity research, Analytical, Time, Management",Research Analyst,Naukri,3+ weeks ago,https://www.naukri.com/job-listings-research-analysts-maxim-research-private-limited-pune-2-to-5-years-010917500604
Research Analyst,Nicco Ventures,Kolkata,2-5 Yrs,Not Available,"academic, insurance sales, manufacturing, research analyst, pharma, manpower, it, non it",Research Analyst,Naukri,3+ weeks ago,https://www.naukri.com/job-listings-research-analyst-nicco-ventures-limited-kolkata-2-to-5-years-010216504134
Research Analyst,Nicco Ventures,"Kolkata, Kolkata",2-7 Yrs,Not Available,"academic, insurance sales, research analyst, pharma, manpower, it, maintaining, non it",Research Analyst,Naukri,3+ weeks ago,https://www.naukri.com/job-listings-research-analyst-nicco-ventures-limited-kolkata-kolkata-2-to-7-years-150715502832
Research Analyst,mycityband,"Hyderabad, Ahmedabad",2-5 Yrs,Not Available,"Civil, Architecture, Back office, Research Analyst, Interior designing, Civil engineering, Interiors, Research analysis",Research Analyst,Naukri,3+ weeks ago,https://www.naukri.com/job-listings-research-analyst-mycityband-hyderabad-ahmedabad-2-to-5-years-270220500061
Research Analyst,Visapro Services,Hyderabad,1-3 Yrs,Not Available,"HRD, Research Analyst, Quantitative techniques, Recruitment, Analysis, Research, Research analysis, Quantitative",Research Analyst,Naukri,3+ weeks ago,https://www.naukri.com/job-listings-research-analyst-visapro-services-pvt-ltd-hyderabad-1-to-3-years-170223503227
Industry Research Analyst - Telecom,Acme Services,Mumbai,1-5 Yrs,Not Available,"Telecom, Industry research, Trade, Management, Stakeholder management, Research Analyst, Client management, Monitoring",Research Analyst,Naukri,3+ weeks ago,https://www.naukri.com/job-listings-industry-research-analyst-telecom-acme-services-mumbai-1-to-5-years-210223503401
Research Analyst Commercial Intelligence,Cabirx Consulting Nashik,Remote,1-4 Yrs,Not Available,"Internet research, Research Analyst, Business understanding, Commercial, Internet, Research, Research analysis, Analysis",Research Analyst,Naukri,3 weeks ago,https://www.naukri.com/job-listings-research-analyst-commercial-intelligence-cabirx-remote-1-to-4-years-110526500446
Centralized Research Group CRG Infrastructure Advisory Analyst,JPMorgan Chase Bank,Mumbai,1-7 Yrs,Not Available,"Project finance, Team management, Financial analysis, Analytical, Structured finance, M&A, Research, MS Office",Research Analyst,Naukri,3+ weeks ago,https://www.naukri.com/job-listings-centralized-research-group-crg-infrastructure-advisory-analyst-jp-morgan-and-chase-mumbai-1-to-7-years-260226503261
Analyst- Research (Cross Industry),A client of Mastermind network,"Hybrid - Hyderabad, Bengaluru, Delhi / NCR",1-3 Yrs,Not Available,"secondary research, Industry Research, Company Profiling, Competitive Benchmarking, Insights, Company Research, Competitive Intelligence, Company Analysis",Research Analyst,Naukri,3 weeks ago,https://www.naukri.com/job-listings-analyst-research-cross-industry-mastermind-network-hyderabad-bengaluru-delhi-ncr-1-to-3-years-050526017048
"Editor/Supervisory Analyst, Research",Clsa,Mumbai,3-8 Yrs,Not Available,"Compliance, Senior Analyst, Senior Executive, Finance, Corporate, Journalism, Research, MS Office",Research Analyst,Naukri,3+ weeks ago,https://www.naukri.com/job-listings-editor-supervisory-analyst-research-clsa-technology-and-services-mumbai-3-to-8-years-160226506182
Research Pricing Analyst,Crisil,Chennai,1-3 Yrs,Not Available,"Usage, Operational excellence, Financial analysis, Competitive analysis, Client support, Account management, Research, Financial services",Research Analyst,Naukri,3+ weeks ago,https://www.naukri.com/job-listings-research-pricing-analyst-crisil-chennai-1-to-3-years-240326500525
Research Analyst,THE HR'S MANAGEMENT CONSULTANCY,"Kolkata, Hyderabad",3-8 Yrs,5-13 Lacs PA,"Mutual Fund Research, Financial Analysis, Wealth Management, Due Diligence, Market Research, Marketing, Mutual funds, Management",Research Analyst,Naukri,3 weeks ago,https://www.naukri.com/job-listings-research-analyst-the-hr-s-management-consultancy-kolkata-hyderabad-3-to-8-years-140526025187
Research Analyst - Intern,Prgeeq Global Solutions,Hybrid - Bengaluru,0-1 Yrs,Not Available,"research analyst, insurance, emerging technologies, health insurance, ai, curriculum designer, hr, machine learning",Research Analyst,Naukri,2 weeks ago,https://www.naukri.com/job-listings-research-analyst-intern-prgeeq-global-solutions-bengaluru-0-to-1-years-200526916646
Analyst - Research,RE Journal,Pune,1-2 Yrs,Not Available,"Economics, Analyst, Excel, data science, Commerce, Research, Analytics, Data interpretation",Research Analyst,Naukri,3+ weeks ago,https://www.naukri.com/job-listings-analyst-research-re-journal-pune-1-to-2-years-270326505599
Analyst - Research,RE Journal,Mumbai,1-2 Yrs,Not Available,"Excel, Urban planning, Senior Analyst, Report writing, Consulting, power bi, Research, Analytics",Research Analyst,Naukri,3+ weeks ago,https://www.naukri.com/job-listings-analyst-research-re-journal-mumbai-1-to-2-years-270326503864
Sr. Market Research Analyst,Skycognitive,Pune,0-2 Yrs,Not Available,"Lead generation, Excel, Networking, Sales operations, Market Research Analyst, Database, Web research",Research Analyst,Naukri,3+ weeks ago,https://www.naukri.com/job-listings-sr-market-research-analyst-skycognitive-pune-0-to-2-years-030624502271
Associate Research Analyst,Louis Dreyfus Company,Bengaluru,0-3 Yrs,Not Available,"business research, research analysis, problem solving, market research, accounting, microsoft office suite, research, excel",Research Analyst,Naukri,3+ weeks ago,https://www.naukri.com/job-listings-associate-research-analyst-louis-dreyfus-company-india-bengaluru-0-to-3-years-020426502942
Research Analyst For Real Estate sector,Crisil,Mumbai,0-2 Yrs,Not Available,"Research Analyst, Financial modelling, Finance, Research analysis, Modeling, Research, Real estate, Analysis",Research Analyst,Naukri,3+ weeks ago,https://www.naukri.com/job-listings-research-analyst-for-real-estate-sector-crisil-mumbai-0-to-2-years-150724500967
Research Analyst,SATH Outsourcing Services Pvt. Ltd.,Nagpur(Ramdas Peth),3-5 Yrs,4-5 Lacs PA,"Research Analysis, Business Research, Business Research Analysis, Research, Analysis",Research Analyst,Naukri,3 weeks ago,https://www.naukri.com/job-listings-research-analyst-sath-outsourcing-service-nagpur-3-to-5-years-150526026097
Associate Research Analyst,Edureka,Bengaluru,0-3 Yrs,Not Available,"E-learning, PMP, Content management, Appeals, PMBOK, Customer service, SEO, Analytics",Research Analyst,Naukri,3+ weeks ago,https://www.naukri.com/job-listings-associate-research-analyst-edureka-bengaluru-0-to-3-years-230124500571
Sr . Research Analyst,Myfollo,Gurugram,0-2 Yrs,Not Available,"financial concepts, financial analysis, data analysis, presentation skills, research analysis, problem solving, accounting, analysis",Research Analyst,Naukri,3+ weeks ago,https://www.naukri.com/job-listings-sr-research-analyst-myfollo-com-gurugram-0-to-2-years-210426502291
Marketing Research Analyst,Supranix Technologies,Ranchi,0-3 Yrs,Not Available,"marketing research, research analysis, business analysis, market research, analysis, data collection, sales, research",Research Analyst,Naukri,3+ weeks ago,https://www.naukri.com/job-listings-marketing-research-analyst-suparnix-technologies-ranchi-0-to-3-years-031125504325
Jr. Market Research Analyst,Enable It Solutions,Nagpur,0-2 Yrs,Not Available,"data analysis, software, presentation skills, business development, problem solving, linkedin, market research, sales",Research Analyst,Naukri,3+ weeks ago,https://www.naukri.com/job-listings-jr-market-research-analyst-enable-it-solutions-pvt-ltd-nagpur-0-to-2-years-260525502396
Supply Chain & Market Research Analyst,Aimler Solutions,Noida,0-1 Yrs,Not Available,"Supply chain, Supply chain management, ERP, SAP, Excel, Market Research Analyst, data integrity, Oracle",Research Analyst,Naukri,3+ weeks ago,https://www.naukri.com/job-listings-supply-chain-market-research-analyst-aimler-solutions-noida-0-to-1-years-240425504083
Market Research Analyst,Prospectmetrix,Tumkur,0-2 Yrs,Not Available,"Data analysis, Costing, SAS, Database management, Analytical, Market Research Analyst, Market research, SPSS",Research Analyst,Naukri,3+ weeks ago,https://www.naukri.com/job-listings-market-research-analyst-prospectmetrix-tumkur-0-to-2-years-230123501526
Market Research Analyst,Apeiron Global,Bengaluru,0-2 Yrs,Not Available,"SAS, Web analytics, Business research, Competitive analysis, Analytical, Data collection, Market research, SPSS",Research Analyst,Naukri,3+ weeks ago,https://www.naukri.com/job-listings-market-research-analyst-apeiron-global-pvt-ltd-bengaluru-0-to-2-years-220725501838
Market Research / Analysts,Gradiente Infotainment,"Mumbai, Hyderabad, New Delhi, Chennai",0-2 Yrs,Not Available,"Market research, Research, Analysts",Research Analyst,Naukri,3+ weeks ago,https://www.naukri.com/job-listings-market-research-analysts-gradiente-infotainment-mumbai-hyderabad-new-delhi-chennai-0-to-2-years-060525503117
Analyst - Market Research (0-2 Years),Tracxn,Bengaluru,0-2 Yrs,Not Available,"Research, Market Intelligence, Market Research, Investment Research, Business Research, Secondary Research, Industry Research, Analysts",Research Analyst,Naukri,5 days ago,https://www.naukri.com/job-listings-analyst-market-research-0-2-years-tracxn-bengaluru-0-to-2-years-010626024533
Equity Research Analyst,Leading Client,Gurugram,0-1 Yrs,Not Available,"Equity Research, Investment Research, Fundamental Analysis, Equity Research Analysis, Fundamental Research, Equity Analysis, CFA, Stock Analysis",Research Analyst,Naukri,3+ weeks ago,https://www.naukri.com/job-listings-equity-research-analyst-career-solutions-gurugram-0-to-1-years-080526921064
Equity Research Analyst,Leading Client,Bengaluru,0-1 Yrs,Not Available,"Equity Research, Investment Research, Fundamental Analysis, Equity Research Analysis, Fundamental Research, Equity Analysis, CFA, Stock Analysis",Research Analyst,Naukri,3+ weeks ago,https://www.naukri.com/job-listings-equity-research-analyst-career-solutions-bengaluru-0-to-1-years-080526921056
Equity Research Analyst,Leading Client,Delhi / NCR,0-1 Yrs,Not Available,"Equity Research, Investment Research, Fundamental Analysis, Equity Research Analysis, Fundamental Research, Equity Analysis, CFA, Stock Analysis",Research Analyst,Naukri,3+ weeks ago,https://www.naukri.com/job-listings-equity-research-analyst-career-solutions-delhi-ncr-0-to-1-years-080526921045
Equity Research Analyst,Leading Client,Mumbai,0-1 Yrs,Not Available,"Equity Research, Investment Research, Fundamental Analysis, Equity Research Analysis, Fundamental Research, Equity Analysis, CFA, Stock Analysis",Research Analyst,Naukri,3+ weeks ago,https://www.naukri.com/job-listings-equity-research-analyst-career-solutions-mumbai-0-to-1-years-080526921043
Equity Research Analyst,Leading Client,Hyderabad,0-1 Yrs,Not Available,"Equity Research, Investment Research, Fundamental Analysis, Equity Research Analysis, Fundamental Research, Equity Analysis, CFA, Stock Analysis",Research Analyst,Naukri,3+ weeks ago,https://www.naukri.com/job-listings-equity-research-analyst-career-solutions-hyderabad-0-to-1-years-080526921042
Equity Research Analyst,Leading Client,Chennai,0-1 Yrs,Not Available,"Equity Research, Investment Research, Fundamental Analysis, Equity Research Analysis, Fundamental Research, Equity Analysis, CFA, Stock Analysis",Research Analyst,Naukri,3+ weeks ago,https://www.naukri.com/job-listings-equity-research-analyst-career-solutions-chennai-0-to-1-years-080526921040
Equity Research Analyst,Leading Client,Kolkata,0-1 Yrs,Not Available,"Equity Research, Investment Research, Fundamental Analysis, Equity Research Analysis, Fundamental Research, Equity Analysis, CFA, Stock Analysis",Research Analyst,Naukri,3+ weeks ago,https://www.naukri.com/job-listings-equity-research-analyst-career-solutions-kolkata-0-to-1-years-080526921039
Equity Research Analyst,Leading Client,Ahmedabad,0-1 Yrs,Not Available,"Equity Research, Investment Research, Fundamental Analysis, Equity Research Analysis, Fundamental Research, Equity Analysis, CFA, Stock Analysis",Research Analyst,Naukri,3+ weeks ago,https://www.naukri.com/job-listings-equity-research-analyst-career-solutions-ahmedabad-0-to-1-years-070526924072
Research Analyst ( Financial & Equity Research),Kuick Research,New Delhi,0-1 Yrs,Not Available,"internet research, industry research, equity research, research analysis, analysis, housekeeping, equity, research",Research Analyst,Naukri,3+ weeks ago,https://www.naukri.com/job-listings-research-analyst-financial-equity-research-kuick-research-new-delhi-0-to-1-years-121125501128
Global Equity Research Analyst,Spark Capital,Mumbai,0-3 Yrs,Not Available,"financial analysis, equity research, investment, equity, research reports, research, equity market, valuation",Research Analyst,Naukri,3+ weeks ago,https://www.naukri.com/job-listings-global-equity-research-analyst-spark-capital-advisors-mumbai-0-to-3-years-060426500684
Equity Research Analyst,Leading Client,Pune,0-1 Yrs,Not Available,"Equity Research, Investment Research, Fundamental Analysis, Equity Research Analysis, Fundamental Research, Equity Analysis, CFA, Stock Analysis",Research Analyst,Naukri,3+ weeks ago,https://www.naukri.com/job-listings-equity-research-analyst-career-solutions-pune-0-to-1-years-080526921041
Media Monitoring & Research Analyst,First Partners,Noida(Sector 142),0-1 Yrs,3-3.25 Lacs PA,"Research Analysis, Media Research, Reporting And Analytics, Business Reporting, Media Analytics, Data Analysis, Media Monitoring, Research",Research Analyst,Naukri,3 days ago,https://www.naukri.com/job-listings-media-monitoring-research-analyst-first-partners-noida-0-to-1-years-030626018478
Political Research Analyst – Internship,Corporate Chanakya Services,Remote,0-2 Yrs,Not Available,"data analysis, apqp, control plan, 5 why, power bi, process improvement, history, analysis",Research Analyst,Naukri,3+ weeks ago,https://www.naukri.com/job-listings-political-research-analyst-internship-corporate-chanakya-services-remote-0-to-2-years-230125505612
Internship - Research Analyst,Edureka,Bengaluru,Not Available,"20,000/month",Not Available,Research Analyst,Naukri,Starts in 1-3 months,https://www.naukri.com/job-listings-internship-research-analyst-edureka-bengaluru-0-to-1-years-131023501457
Senior Research Analyst - TEV,Dun & Bradstreet,Mumbai (All Areas),2-7 Yrs,Not Available,"Project Monitoring, Lenders Independent Engineer, Project Appraisal, Techno Economic Viability, Financial Modelling, Greenfield, Brownfield, Debt Restructuring",Research Analyst,Naukri,1 day ago,https://www.naukri.com/job-listings-senior-research-analyst-tev-dun-bradstreet-mumbai-all-areas-2-to-7-years-290925018630
Market Research Analyst,Prohuman technology ( Client - Top Product Base),Bengaluru,0-1 Yrs,Not Available,"Marketing Research, Research Analysis, Secondary Research, Market Forecasting, Market Analysis, Market Intelligence, Primary Research, Intelligence",Research Analyst,Naukri,2 weeks ago,https://www.naukri.com/job-listings-market-research-analyst-prohuman-technology-bengaluru-0-to-1-years-220526022696
Associate Research Analyst,Elite Investment Advisory Services,"Noida, New Delhi",0-3 Yrs,Not Available,"Analytical skills, Head Business Development, Associate Research Analyst, Finance, Portfolio management, Fundamental analysis, Analytical, Business development",Research Analyst,Naukri,3+ weeks ago,https://www.naukri.com/job-listings-associate-research-analyst-elite-investment-advisory-services-noida-new-delhi-0-to-3-years-160524503057
Research Associate,Ec-council,Hyderabad,0-4 Yrs,Not Available,"financial analysis, investment research, data analysis, equity research, bloomberg, research analysis, financial research, market research",Research Analyst,Naukri,1 day ago,https://www.naukri.com/job-listings-research-associate-ec-council-hyderabad-0-to-4-years-050626500217
Capital Markets Operations New Associate,Accenture,Bengaluru,0-1 Yrs,Not Available,"Capital Markets, Investment Banking, Time Management, Banking Operations, Analytical Skills, Finance, Banking, Trade Finance",Research Analyst,Naukri,3+ weeks ago,https://www.naukri.com/job-listings-capital-markets-operations-new-associate-accenture-solutions-pvt-ltd-bengaluru-0-to-1-years-050526925287
Research Associate,Adroit Market Research,Pune,0-2 Yrs,Not Available,"project management, data analysis, data interpretation, professor activities, spss, research analysis, teaching, market research",Research Analyst,Naukri,3+ weeks ago,https://www.naukri.com/job-listings-research-associate-adroit-market-research-pune-0-to-2-years-301025506229
Research Associate,Geneombio Technologies,Pune,0-3 Yrs,Not Available,"financial analysis, project management, equity research, professor activities, research analysis, teaching, market research, analysis",Research Analyst,Naukri,3+ weeks ago,https://www.naukri.com/job-listings-research-associate-geneombio-technologies-private-limited-pune-0-to-3-years-100226504427
Research Associate,Stellar Market Research,Pune,0-2 Yrs,Not Available,"project management, data analysis, data interpretation, professor activities, spss, research analysis, teaching, market research",Research Analyst,Naukri,3+ weeks ago,https://www.naukri.com/job-listings-research-associate-stellar-market-research-pvt-ltd-pune-0-to-2-years-060125507456
Senior Fixed Income Research Analyst,Crisil,Pune,7-18 Yrs,Not Available,"Stress testing, Operational risk, Risk analytics, Fixed income, Market risk, Banking, risk consulting, Individual Contributor",Research Analyst,Naukri,3+ weeks ago,https://www.naukri.com/job-listings-senior-fixed-income-research-analyst-crisil-pune-7-to-18-years-290525502587
Market Research Analyst,Quantum Power Systems -Bangalore,Bengaluru(Karnataka Layout),0-5 Yrs,Not Available,"Google Analytics, Strong analytical and critical thinking skills, Experience with data visualization tools such as Power BI, Knowledge of survey platforms and research methodologies, Analyze market trends customer preferences and competitor strategies., Analytical, Tools, Data Integration Tools",Research Analyst,Naukri,1 week ago,https://www.naukri.com/job-listings-market-research-analyst-quantum-power-systems-bangalore-bengaluru-0-to-5-years-070326018502
Data Research Analyst,Zipaworld Innovation,Noida,0-2 Yrs,Not Available,"database maintenance, data analysis, data research, database mirroring, sql server dba, market research, analysis, database administration",Research Analyst,Naukri,3+ weeks ago,https://www.naukri.com/job-listings-data-research-analyst-zipaworld-noida-0-to-2-years-010526500886
Research Analyst Real Estate,Velvosoft,Noida(Noida Extension),0 Yrs,1-2 Lacs PA,"Primary Research, Competitor Analysis, Market Analysis, Market Intelligence, Analysis, Real estate, Estate, Intelligence",Research Analyst,Naukri,1 week ago,https://www.naukri.com/job-listings-research-analyst-real-estate-velvosoft-noida-0-to-0-years-280526016592
Production Research Analyst Executive,Synnex Business Media,Thane,0-3 Yrs,Not Available,"Bfsi, NBFC, Pharma, analyst executive, Market research, FMCG, Research Analyst, Production",Research Analyst,Naukri,3+ weeks ago,https://www.naukri.com/job-listings-production-research-analyst-executive-synnex-business-media-pvt-ltd-thane-0-to-3-years-180825502267
Management Trainee : (Junior Research Analyst),MBA Journals,Noida,0 Yrs,Not Available,"business research, capital iq, factiva, industry research, bloomberg, training management, research analysis, market research",Research Analyst,Naukri,3+ weeks ago,https://www.naukri.com/job-listings-management-trainee-junior-research-analyst-mba-journals-noida-0-to-0-years-130525502911
Research Analyst (Air Quality),CEEW,New Delhi,0-1 Yrs,Not Available,"Program Associate, Selection process, Stakeholder Engagement, Data analysis, Quality standards, Focus, Consulting, Management",Research Analyst,Naukri,3+ weeks ago,https://www.naukri.com/job-listings-research-analyst-air-quality-council-on-energy-environment-and-water-new-delhi-0-to-1-years-130326504296
Research Analyst ( Pharmaceutical),Kuick Research,New Delhi,0-1 Yrs,Not Available,"internet research, pharmaceutical research, research analysis, analysis, research, report writing, content development, clinical research",Research Analyst,Naukri,3+ weeks ago,https://www.naukri.com/job-listings-research-analyst-pharmaceutical-kuick-research-new-delhi-0-to-1-years-121125501131
Research Analyst / Junior Research Analyst,Liases Foras,Mumbai,0-2 Yrs,Not Available,"GIS, Analytical skills, Market analysis, Report writing, Consulting, Junior Research Analyst, Research, Statistics",Research Analyst,Naukri,3+ weeks ago,https://www.naukri.com/job-listings-research-analyst-junior-research-analyst-liases-foras-mumbai-0-to-2-years-080426501104
Junior Research Analyst,Techieshubhdeep,Gwalior,0-1 Yrs,Not Available,"code, Junior Research Analyst, Deployment, mca, Data mining, MATLAB, Business Executive, Web technologies",Research Analyst,Naukri,3+ weeks ago,https://www.naukri.com/job-listings-junior-research-analyst-techiesgroup-it-solution-pvt-ltd-gwalior-0-to-1-years-051217500778
Associate Research Analyst,Elite Wealth Advisors,New Delhi,0-3 Yrs,Not Available,"Analytical skills, Management Associate, Head Business Development, Associate Research Analyst, Finance, Research, Portfolio management, Fundamental analysis",Research Analyst,Naukri,3+ weeks ago,https://www.naukri.com/job-listings-associate-research-analyst-elite-wealth-advisors-ltd-new-delhi-0-to-3-years-040123500707
Finance Research Analyst,WFA Consultants,Jaipur,0-2 Yrs,Not Available,"Excel, Web technologies, Finance, MS Word, Research, Research Analyst, Research analysis, Word",Research Analyst,Naukri,3+ weeks ago,https://www.naukri.com/job-listings-finance-research-analyst-wfa-consultants-jaipur-0-to-2-years-010524501125
Market Research Analyst,Iqvia Biotech,Bengaluru,1-3 Yrs,Not Available,"secondary research, market research and analysis, qualitative, quantitative, survey, analysis, Research analysis, Market research",Research Analyst,Naukri,3+ weeks ago,https://www.naukri.com/job-listings-market-research-analyst-iqvia-biotech-bengaluru-1-to-3-years-110225501395
Market Research Analyst,Iqvia Biotech,"Panipat, Yamunanagar, Faridabad, Sonipat, Gurugram, Hisar",1-3 Yrs,Not Available,"secondary research, market research and analysis, qualitative, quantitative, survey, analysis, Research analysis, Secondary",Research Analyst,Naukri,3+ weeks ago,https://www.naukri.com/job-listings-market-research-analyst-iqvia-biotech-panipat-yamunanagar-faridabad-sonipat-gurugram-hisar-1-to-3-years-110225501384
"Research Analyst - Primary Market Research, Data Processing",Mastercard,Gurugram,5-10 Yrs,Not Available,"research analyst, mathematics, data processing, spss, market research, quant, research, research projects",Research Analyst,Naukri,3 days ago,https://www.naukri.com/job-listings-research-analyst-primary-market-research-data-processing-mastercard-india-services-private-limited-gurugram-5-to-10-years-030626918205
Associate Analyst-BRIDGE Research-Independence,EY,Kochi,0-2 Yrs,Not Available,"Supply chain, Claims, Reconciliation, Consulting, Risk management, MS Office, Monitoring, Secondary research",Research Analyst,Naukri,2 weeks ago,https://www.naukri.com/job-listings-associate-analyst-bridge-research-independence-ernst-young-kochi-0-to-2-years-220526503307
Market Research Analyst,Quincy Compressor,Pune,4-5 Yrs,Not Available,"Renewable energy, Analytical, Diversity and Inclusion, Data collection, Market Research Analyst, environment health safety, Competitive intelligence, Forecasting",Research Analyst,Naukri,2 days ago,https://www.naukri.com/job-listings-market-research-analyst-quincy-compressor-pune-4-to-5-years-040626502342
Marketing Research Analyst,Technothinksup,"Kolhapur, Pune, Bengaluru",1-3 Yrs,Not Available,"Outbound, Telecalling Executive, Product service, Customer satisfaction, Marketing Research Analyst, Customer experience, MS Office, CRM",Research Analyst,Naukri,3+ weeks ago,https://www.naukri.com/job-listings-marketing-research-analyst-techno-thinks-up-solutions-kolhapur-pune-bengaluru-1-to-3-years-170924506437
Centralized Research Group - Technical Transaction Analyst,JPMorgan Chase Bank,Mumbai,0-4 Yrs,Not Available,"Data analysis, Analytical, Consulting, Data collection, Corporate finance, Corporate advisory, Analytics, Petroleum",Research Analyst,Naukri,3+ weeks ago,https://www.naukri.com/job-listings-centralized-research-group-technical-transaction-analyst-jp-morgan-and-chase-mumbai-0-to-4-years-150426503344
Senior Market Research Analyst,Lennox India Technology Centre (LITC),Chennai,5-7 Yrs,Not Available,"Dashboards, Market Research, Power Bi, Competitive Intelligence, Business Insights, Tableau, QlikView, Market Intelligence",Research Analyst,Naukri,3+ weeks ago,https://www.naukri.com/job-listings-senior-market-research-analyst-lennox-india-technology-centre-litc-chennai-5-to-7-years-050526008357
Senior Research Analyst,Market Industry Reports,Pune,2-5 Yrs,Not Available,"Quantitative research, Aerospace, Analytical, Market intelligence, Healthcare, Market research, ICT, Forecasting",Research Analyst,Naukri,3+ weeks ago,https://www.naukri.com/job-listings-senior-research-analyst-market-industry-reports-pune-2-to-5-years-121220500515
Market Research Analyst,Viraj Ventures,Noida,2-6 Yrs,Not Available,"business, Corporate, Market Research, Market analysis, Research, Marketing, Analysis",Research Analyst,Naukri,3+ weeks ago,https://www.naukri.com/job-listings-market-research-analyst-viraj-ventures-noida-2-to-6-years-241121500114
Private Markets - Research Analyst - FP&A,Crisil,Mumbai,1-3 Yrs,Not Available,"financial analysis, financial concepts, modeling, forecasting, presentation skills, research analysis, investment, problem solving",Research Analyst,Naukri,3+ weeks ago,https://www.naukri.com/job-listings-private-markets-research-analyst-fp-a-crisil-mumbai-1-to-3-years-170426501602
Market Research Analyst,Limetray,Gurgaon,1-5 Yrs,Not Available,"Usage, Matrix, Market Research Analyst, Data collection, Workflow, cxo, Research analysis, Marketing",Research Analyst,Naukri,3+ weeks ago,https://www.naukri.com/job-listings-market-research-analyst-limetray-gurgaon-1-to-5-years-121218501843
Senior Research Analyst - Asset Backed Lending,Crisil,Gurugram,4-7 Yrs,Not Available,"Collateral management, Capital IQ, Risk assessment, Advanced Excel, Subject Matter Expert, Senior Research Analyst, Stakeholder management, Financial modelling",Research Analyst,Naukri,2 days ago,https://www.naukri.com/job-listings-senior-research-analyst-asset-backed-lending-crisil-gurugram-4-to-7-years-040626501810
Senior Research Analyst,Crisil,Pune,2-5 Yrs,Not Available,"Economics, Excel, Corporate governance, Analytical, Finance, UPS, Research, Management",Research Analyst,Naukri,3+ weeks ago,https://www.naukri.com/job-listings-senior-research-analyst-crisil-pune-2-to-5-years-270326504809
Senior Research Analyst - Loan Ops,Crisil,"Kolkata, Mumbai, New Delhi, Hyderabad, Pune, Chennai, Bengaluru",6-10 Yrs,Not Available,"Loans, Excel, Flexcube, Legal documentation, Management, Research Analyst, nostro reconciliation, Servicing",Research Analyst,Naukri,3+ weeks ago,https://www.naukri.com/job-listings-senior-research-analyst-loan-ops-crisil-kolkata-mumbai-new-delhi-hyderabad-pune-chennai-bengaluru-6-to-10-years-100325502113
Market analyst and Research Intern,Webarclight,Remote,0-3 Yrs,Not Available,"Primary research, Business research, Analytical, Manager Technology, Market research, Research, Client acquisition, MS Office",Research Analyst,Naukri,3+ weeks ago,https://www.naukri.com/job-listings-market-analyst-and-research-intern-webarclight-remote-0-to-3-years-071125501517
Research Analyst/ Research Consultant,Appynitty Communications,Nagpur,3-6 Yrs,Not Available,"government research, Research Analysis, Report Writing, Research Reports, Government Projects, Secondary Research, Industry Research, Analysis",Research Analyst,Naukri,3+ weeks ago,https://www.naukri.com/job-listings-research-analyst-research-consultant-appynitty-communications-nagpur-3-to-6-years-060526037360
Market Research Analyst -Immediate Joiner,Tekskills India,Hybrid - Pune,3-8 Yrs,Not Available,"research methods, market trends, surveys and focus groups, Analysis, Market analysis, Marketing, Market Quality, Trend",Research Analyst,Naukri,1 week ago,https://www.naukri.com/job-listings-market-research-analyst-immediate-joiner-tekskills-pune-3-to-8-years-290526918575
Market Research Analyst,Kaizen SRA Technologies,Pune,1-5 Yrs,10-15 Lacs PA,"Cyber Security, Market Research, B2B, Sales, Research Analysis, Competitive Intelligence, US Market, Intelligence",Research Analyst,Naukri,1 week ago,https://www.naukri.com/job-listings-market-research-analyst-kaizen-sra-technologies-pune-1-to-5-years-270526930934
Research Analyst -Market Research & Consumer Insights,On Direct Marketing Services,Pune(Viman Nagar),2-6 Yrs,4-9 Lacs PA,"Qualitative Research, Secondary Research, Report Writing, Consumer, Insights, Research analysis, Reporting, Writing",Research Analyst,Naukri,1 week ago,https://www.naukri.com/job-listings-research-analyst-market-research-consumer-insights-on-direct-marketing-services-pune-2-to-6-years-270526037796
Senior Executive-Market Research Analyst,Evolute Group,Mumbai,4-5 Yrs,Not Available,"Analytical, Market intelligence, Business planning, Market research, Business strategy, Research, Business intelligence, Financial modelling",Research Analyst,Naukri,1 week ago,https://www.naukri.com/job-listings-senior-executive-market-research-analyst-evolute-group-mumbai-4-to-5-years-260526503395
Equity Research Analyst Global Markets,Leading Asset Management Firm,Delhi / NCR,3-8 Yrs,5-10 Lacs PA,"Investment Research, Financial Research, Global Research, Sell Side, Equity Research, Industry Research, Fundamental Research, Report Writing",Research Analyst,Naukri,3 weeks ago,https://www.naukri.com/job-listings-equity-research-analyst-global-markets-intellectual-capital-hr-consulting-delhi-ncr-3-to-8-years-150526031727
Research Analyst-Equity Market,Estalvis Advisors,Kolkata,10-15 Yrs,Not Available,"Financial statements, Networking, Equity research, Financial analysis, Analytical, Corporate finance, Financial statement analysis, Investment management",Research Analyst,Naukri,3+ weeks ago,https://www.naukri.com/job-listings-research-analyst-equity-market-estalvis-advisors-private-limited-kolkata-10-to-15-years-241125505416
Secondary Market research Analyst-Financial operations-Hyderabad,Cloudxtreme,Hyderabad,4-9 Yrs,Not Available,"Secondary Research, financial operations, Market Analysis, Primary Research, Secondary Market Research, Operations, Marketing, Finance",Research Analyst,Naukri,2 days ago,https://www.naukri.com/job-listings-secondary-market-research-analyst-financial-operations-hyderabad-cloudxtreme-hyderabad-4-to-9-years-040626010980
Marketing Research Analyst,Technothinksup,Remote,1-3 Yrs,Not Available,"Networking, Coding, Debugging, Javascript, Scrum, Visual Studio, Troubleshooting, Technical support",Research Analyst,Naukri,3+ weeks ago,https://www.naukri.com/job-listings-marketing-research-analyst-techno-thinks-up-solutions-remote-1-to-3-years-260824501546
Market Research Analyst,Citius Research,Pune,1-3 Yrs,Not Available,"Mining, SAS, Web analytics, Business research, Analytical, Data collection, Market research, SPSS",Research Analyst,Naukri,3+ weeks ago,https://www.naukri.com/job-listings-market-research-analyst-citius-research-pune-1-to-3-years-240221500562
Market Research Analyst,Aideexpert Advisory,Pune,2-5 Yrs,Not Available,"Marketing Research Executive, Primary research, Business research, Social media, Consulting, Market research, Research, MS Office",Research Analyst,Naukri,3+ weeks ago,https://www.naukri.com/job-listings-market-research-analyst-aideexpert-advisory-pune-2-to-5-years-220424501433
Market Research Analyst,Demandbase,Pune,1-4 Yrs,Not Available,"Mining, Web analytics, Competitive analysis, Business research, Analytical, Market research, CRM, SQL",Research Analyst,Naukri,3+ weeks ago,https://www.naukri.com/job-listings-market-research-analyst-demandmatrix-pune-1-to-4-years-200221500574
Data Analysts (Senior/Analyst/Associate),FedEx,Mumbai,0-3 Yrs,Not Available,"Computer science, Analytical skills, Data analysis, Manager Quality Assurance, fedex, Data modeling, MIS, Genetics",Data Analyst Fresher,Naukri,3+ weeks ago,https://www.naukri.com/job-listings-data-analysts-senior-analyst-associate-fedex-express-mumbai-0-to-3-years-091225502995
"Data Steward, Analyst/Associate",Goldman Sachs,Bengaluru,0-3 Yrs,Not Available,"Automation, Data management, Wealth management, Analytical, Mutual funds, Reconciliation, Asset management, Macros",Data Analyst Fresher,Naukri,3+ weeks ago,https://www.naukri.com/job-listings-data-steward-analyst-associate-goldman-sachs-bengaluru-0-to-3-years-200426503595
Data Analytics Executive,Voltas,Mumbai,0-4 Yrs,Not Available,"sqltableau, data integration tools, statistical modeling, power bi, data visualization, machine learning, communication skills, Analytics",Data Analyst Fresher,Naukri,3+ weeks ago,https://www.naukri.com/job-listings-data-analytics-executive-voltas-limited-mumbai-0-to-4-years-240326506685
Intern For Data and Analytics,Thomson Reuters,Bengaluru,Not Available,Unpaid,Not Available,Data Analyst Fresher,Naukri,Starts in 1-3 months,https://www.naukri.com/job-listings-intern-for-data-and-analytics-thomson-reuters-india-pvt-ltd-bengaluru-0-to-1-years-160426505013
Data & Records Governance Analyst,Barclays,Pune,0-7 Yrs,Not Available,"remediation, Senior Analyst, Machine learning, data governance, Data quality, Risk management, Continuous improvement, Stakeholder management",Data Analyst Fresher,Naukri,3+ weeks ago,https://www.naukri.com/job-listings-data-records-governance-analyst-barclays-shared-services-pune-0-to-7-years-160226501507
"Data Analyst Fresher , Data Analytics",Apex Engineering Solutions,"Hyderabad, Bengaluru, Delhi / NCR",0-1 Yrs,5.5-8 Lacs PA,"Data Analytics, Business Intelligence, Power Bi, Data Extraction, Data Cleansing, Advanced Excel, Tableau, Data Entry",Data Analyst Fresher,Naukri,Just now,https://www.naukri.com/job-listings-data-analyst-fresher-data-analytics-apex-engineering-solutions-hyderabad-bengaluru-delhi-ncr-0-to-1-years-130526041157
"Data Analyst Fresher , Data Analytics",Apex Engineering Solutions,"Kolkata, Pune, Chennai",0-1 Yrs,5.5-8 Lacs PA,"Data Analytics, Business Intelligence, Power Bi, Data Extraction, Data Cleansing, Advanced Excel, Tableau, Data Entry",Data Analyst Fresher,Naukri,Just now,https://www.naukri.com/job-listings-data-analyst-fresher-data-analytics-apex-engineering-solutions-kolkata-pune-chennai-0-to-1-years-140526038042
Data Analyst,Sisco Jobs,Thrissur,0-1 Yrs,Not Available,"IT services, QA, Basic, Data analysis, Manager Quality Assurance, Analytical, Data collection, Data processing",Data Analyst Fresher,Naukri,3 days ago,https://www.naukri.com/job-listings-data-analyst-sisco-jobs-thrissur-0-to-1-years-030626504229
Data Analytic | Fresher | Business Analytics,Creative Hands HR,"Hyderabad, Chennai, Bengaluru",0-5 Yrs,2.5-6 Lacs PA,"excel, Business Research, Data Analytics, Business Analysis, Data Analyst, Market Research, Data analysis, Analytics",Data Analyst Fresher,Naukri,5 days ago,https://www.naukri.com/job-listings-data-analytic-fresher-business-analytics-creative-hands-hr-hyderabad-chennai-bengaluru-0-to-5-years-010626005808
Data Analyst-Fresher,Skill Hive Hub,Visakhapatnam,0-2 Yrs,Not Available,"Computer science, Business improvement, Data analysis, Analytical, Agile, Business intelligence, Internship, Analytics",Data Analyst Fresher,Naukri,3+ weeks ago,https://www.naukri.com/job-listings-data-analyst-fresher-skill-hive-hub-visakhapatnam-0-to-2-years-010526501163
Data Analytics (People and Business) Intern,Hcds Technologies,Gurugram,Not Available,Unpaid,Not Available,Data Analyst Fresher,Naukri,Starts in 1-3 months,https://www.naukri.com/job-listings-data-analytics-people-and-business-intern-hcds-technologies-gurugram-0-to-1-years-130326504331
Data Analytic | Fresher | Business Analytics,Creative Hands HR,"Thane, Navi Mumbai, Mumbai (All Areas)",0-5 Yrs,2.5-6 Lacs PA,"excel, Business Research, Data Analytics, Business Analysis, Data Analyst, Market Research, Data, Analytics",Data Analyst Fresher,Naukri,5 days ago,https://www.naukri.com/job-listings-data-analytic-fresher-business-analytics-creative-hands-hr-thane-navi-mumbai-mumbai-all-areas-0-to-5-years-010626005801
Data Analyst Intern,TechKnowledgeHub.org,Remote,Not Available,Unpaid,Not Available,Data Analyst Fresher,Naukri,Starts in 1-3 months,https://www.naukri.com/job-listings-data-analyst-intern-techknowledgehub-org-remote-0-to-3-years-220424500450
Data Analytics Internship,Moris Media,Noida,Not Available,Unpaid,Not Available,Data Analyst Fresher,Naukri,Starts in 1-3 months,https://www.naukri.com/job-listings-data-analytics-internship-moris-media-noida-0-to-1-years-111125500607
Analyst,eClerx,Mohali,0-2 Yrs,Not Available,"data operations, data analysis, data analytics, data management, data validation, mis reporting, data mining, pivot table",Data Analyst Fresher,Naukri,2 days ago,https://www.naukri.com/job-listings-analyst-eclerx-mohali-0-to-2-years-040626018902
Analyst,eClerx,Navi Mumbai,0-2 Yrs,Not Available,"voice, digital marketing, css, python, adobe analytics, data analysis, data analytics, google adwords",Data Analyst Fresher,Naukri,2 weeks ago,https://www.naukri.com/job-listings-analyst-eclerx-navi-mumbai-0-to-2-years-170426016576
Data Analyst,RR Groups,Bengaluru,0-1 Yrs,Not Available,"data analysis, modeling, documentation, bi, strong analytical skills, power bi, problem solving, dashboards",Data Analyst Fresher,Naukri,3+ weeks ago,https://www.naukri.com/job-listings-data-analyst-r-r-groups-bengaluru-0-to-1-years-240226500948
Data Analyst Intern,Csk Technologies,Noida,Not Available,Unpaid,Not Available,Data Analyst Fresher,Naukri,Starts in 1-3 months,https://www.naukri.com/job-listings-data-analyst-intern-csk-technologies-opc-pvt-ltd-noida-0-to-1-years-060526500342
Python / Flutter / MERN / Data Analytics / Data Science Trainee,Irohub Infotech,Kochi,Not Available,Unpaid,Not Available,Data Analyst Fresher,Naukri,Starts within 1 month,https://www.naukri.com/job-listings-python-flutter-mern-data-analytics-data-science-trainee-irohub-infotech-kochi-0-to-1-years-110526003920
"Online Data Analyst - ""Bengali""",TELUS Digital,Remote,0-2 Yrs,Not Available,"Bengali, English, English Writing, Google Maps, Good English Communication, Bengali Content, Mapping, Communication skills",Data Analyst Fresher,Naukri,1 week ago,https://www.naukri.com/job-listings-online-data-analyst-bengali-telus-digital-india-0-to-2-years-250226020096
Mis Analyst,Direct Dialogue Initiatives,Bengaluru,0-2 Yrs,4-4.5 Lacs PA,"Advanced Excel, Power Bi, Data Analysis, Tableau, Data Analytics, SQL, Python, MIS",Data Analyst Fresher,Naukri,2 days ago,https://www.naukri.com/job-listings-mis-analyst-direct-dialogue-initiatives-bengaluru-0-to-2-years-040626013312
Python with Data Analytics Internship,Australia based IT Development Company,"Hyderabad, Chennai, Bengaluru",0-5 Yrs,1.25-2.5 Lacs PA,"Intern, Fresher, Data Analytics, Internship, Python, Interns, Freshers, Analytics",Data Analyst Fresher,Naukri,1 week ago,https://www.naukri.com/job-listings-python-with-data-analytics-internship-independent-recruitment-consultant-freelancer-hyderabad-chennai-bengaluru-0-to-5-years-300526009756
Hiring Alert | Data Entry Analyst | Freshers Welcome,Desicrew Solutions,"Mangaluru, Udupi",0-1 Yrs,1-1.5 Lacs PA,"Data Analysis, Typing Skills, Communication Skills, Customer Support, Customer Engagement, Data, Engagement, Hiring",Data Analyst Fresher,Naukri,3 weeks ago,https://www.naukri.com/job-listings-hiring-alert-data-entry-analyst-freshers-welcome-desicrew-solutions-mangaluru-udupi-0-to-1-years-130526031236
Data Scientist,Biocube,Noida,0-3 Yrs,Not Available,"algorithms, python, modeling, data analysis, data analytics, natural language processing, predictive, machine learning",Data Analyst Fresher,Naukri,3+ weeks ago,https://www.naukri.com/job-listings-data-scientist-biocube-noida-0-to-3-years-151025503604
Data Analytics Intern,TP,Gurugram,0-1 Yrs,Not Available,"data analytics, data analysis, power bi, visualization tools, communication and interpersonal skills, business intelligence, sql, analytics",Data Analyst Fresher,Naukri,3 days ago,https://www.naukri.com/job-listings-data-analytics-intern-teleperformance-global-business-private-limited-gurugram-0-to-1-years-030626923805
Data Analyst Advanced Analytics,Perceptive Analytics,Hyderabad,0-3 Yrs,Not Available,"advanced analytics, Talent acquisition, Analytical, Artificial Intelligence, Machine learning, Data Analyst, Data analytics, Internship",Data Analyst Fresher,Naukri,3+ weeks ago,https://www.naukri.com/job-listings-data-analyst-advanced-analytics-perceptive-analytics-hyderabad-0-to-3-years-100622500775
Data Analyst,Grid Dynamics,Hyderabad,0-3 Yrs,Not Available,"Data modeling, Analytical, Corporate, Performance optimization, Data Analyst, Medical insurance, Analytics, SQL",Data Analyst Fresher,Naukri,3+ weeks ago,https://www.naukri.com/job-listings-data-analyst-grid-dynamics-hyderabad-0-to-3-years-020326501140
Senior Executive - Data Analyst,Startek,Hosur,0-3 Yrs,Not Available,"python, project management, data analysis, data analytics, data management, mis reporting, pivot table, business analysis",Data Analyst Fresher,Naukri,2 weeks ago,https://www.naukri.com/job-listings-senior-executive-data-analyst-startek-hosur-0-to-3-years-180526500371
Data Analyst Intern,Analytics Vidhya,Gurugram,Not Available,Unpaid,Not Available,Data Analyst Fresher,Naukri,Starts in 1-3 months,https://www.naukri.com/job-listings-data-analyst-intern-analytics-vidhya-educon-pvt-ltd-gurugram-0-to-1-years-071025503534
Analyst,eClerx,Chandigarh,0-2 Yrs,Not Available,"voice, data analytics, customer service, verbal communication, policies, crm software, call center technology, financial services",Data Analyst Fresher,Naukri,2 weeks ago,https://www.naukri.com/job-listings-analyst-eclerx-services-ltd-chandigarh-0-to-2-years-200126041832
Online Data Analyst - Malyalam_TELUS Digital,TELUS Digital,Remote,0-5 Yrs,Not Available,"Malyalam, Geographical Information System, Navigation, Mapping, GPS, Google Earth, Map, google maps",Data Analyst Fresher,Naukri,5 days ago,https://www.naukri.com/job-listings-online-data-analyst-malyalam-telus-digital-telus-digital-india-0-to-5-years-110226023972
Data Analyst,Lloyds Technology Centre India,Hyderabad,8-15 Yrs,Not Available,"Customer Advisor, Change management, Data management, Management systems, IT security, Strategic planning, Support services, Data Analyst",Data Analyst Fresher,Naukri,1 week ago,https://www.naukri.com/job-listings-data-analyst-lloyds-technology-centre-india-hyderabad-8-to-15-years-260526503203
Data Analyst,Digital Glyde,"Kolkata, Mumbai, New Delhi, Hyderabad, Pune, Chennai, Bengaluru",0-3 Yrs,Not Available,"Data analysis, Excel, Statistical analysis, Analytical, power bi, data integrity, Data Analyst, data visualization",Data Analyst Fresher,Naukri,3+ weeks ago,https://www.naukri.com/job-listings-data-analyst-digital-glyde-kolkata-mumbai-new-delhi-hyderabad-pune-chennai-bengaluru-0-to-3-years-170524500934
MIS/ Data Analyst Intern,InLane Technologies,Bengaluru,Not Available,"15,000/month",Not Available,Data Analyst Fresher,Naukri,Starts in 1-3 months,https://www.naukri.com/job-listings-mis-data-analyst-intern-inlane-technologies-bengaluru-0-to-1-years-190526011659
DATA ANALYST / DATA EXECUTIVE,Anutech Solutions,Vijayawada,0-3 Yrs,Not Available,"Data Analyst, Data Executive, Data analysis, Data",Data Analyst Fresher,Naukri,3+ weeks ago,https://www.naukri.com/job-listings-data-analyst-data-executive-anutech-solutions-vijayawada-0-to-3-years-060325504935
"Analyst , Shared Analytics , CCC",Integreon,Mumbai,0-2 Yrs,Not Available,"Business services, Administration, Analyst, Hoovers, Analytical, Market research, Business solutions, MS Office Word",Data Analyst Fresher,Naukri,3+ weeks ago,https://www.naukri.com/job-listings-analyst-shared-analytics-ccc-integreon-mumbai-0-to-2-years-100323503276
Data Analyst,Primohunt Corporate,Pune,0-3 Yrs,Not Available,"Analytical skills, Market study, Data analysis, Google Analytics, Coding, Database, Webtrends, Data Analyst",Data Analyst Fresher,Naukri,3+ weeks ago,https://www.naukri.com/job-listings-data-analyst-primohunt-corporate-pune-0-to-3-years-110722502690
Wholesale Credit Portfolio Analytics - Analyst,JPMorgan Chase Bank,Mumbai,0-2 Yrs,Not Available,"Data analysis, Analytical, Financial analytics, Credit risk analysis, Credit risk, Risk management, Internship, Wholesale",Data Analyst Fresher,Naukri,3+ weeks ago,https://www.naukri.com/job-listings-wholesale-credit-portfolio-analytics-analyst-jp-morgan-and-chase-mumbai-0-to-2-years-260326501284
Data Analyst,Right Step Consulting,Gurugram,0-5 Yrs,Not Available,"Product management, ERP, Data analysis, PHP, Data Analyst, Open source, Data mining, SQL",Data Analyst Fresher,Naukri,3+ weeks ago,https://www.naukri.com/job-listings-data-analyst-right-step-consulting-gurugram-0-to-5-years-110417500945
Data Analytics Intern,Reliance Games,Pune,0-1 Yrs,Not Available,"MS SQL, Data analysis, data science, MySQL, Conceptualization, Predictive modeling, DBMS, Oracle",Data Analyst Fresher,Naukri,3+ weeks ago,https://www.naukri.com/job-listings-data-analytics-intern-reliance-games-pune-0-to-1-years-170622500701
Intern,AU Small Finance Bank,Jaipur,0-1 Yrs,Not Available,"matlab, python, data analysis, data analytics, data management, mis reporting, data mining, pivot table",Data Analyst Fresher,Naukri,4 days ago,https://www.naukri.com/job-listings-intern-au-financiers-india-limited-jaipur-0-to-1-years-020626503477
Data Analyst,CES LTD,Hybrid - Hyderabad,3-6 Yrs,Not Available,"Data Visualization, Tableau, Data Analytics, SQL, Data analysis, Analytics, Data",Data Analyst Fresher,Naukri,3 days ago,https://www.naukri.com/job-listings-data-analyst-ces-ltd-hyderabad-3-to-6-years-030626018814
Data Analyst,Sumathi Health Care,Hybrid - Coimbatore(Gandhipuram),0-3 Yrs,3-5.5 Lacs PA,"Excel, Power Bi, SSRS, SQL Server, Data Modeling, ETL Processes, Github, Azure Data Services",Data Analyst Fresher,Naukri,3 weeks ago,https://www.naukri.com/job-listings-data-analyst-sumathi-healthcare-coimbatore-0-to-3-years-120526013666
Data Analytics Executive,Religare Broking Ltd,Noida,0-3 Yrs,Not Available,"digital marketing, advanced analytics, python, ppc, data analysis, data analytics, adwords, google adwords",Data Analyst Fresher,Naukri,5 days ago,https://www.naukri.com/job-listings-data-analytics-executive-religare-broking-ltd-noida-0-to-3-years-010626502533
Data Analyst,Innova Solutions,"Hybrid - Hyderabad, Bengaluru, Greater Noida",7-12 Yrs,Not Available,"Banking Analytics, Data Analytics, Python, SQL, Segmentation, Data Analysis, Data, Analytics",Data Analyst Fresher,Naukri,3 days ago,https://www.naukri.com/job-listings-data-analyst-innova-solutions-hyderabad-bengaluru-greater-noida-7-to-12-years-280426010915
Associate Business Analyst,Accenture,Kochi,0-2 Yrs,Not Available,"business analyst, data analysis tools, sap, data analysis, version control, sprint, ai, business analysis",Data Analyst Fresher,Naukri,2 weeks ago,https://www.naukri.com/job-listings-associate-business-analyst-accenture-solutions-pvt-ltd-kochi-0-to-2-years-220526923945
Associate Business Analyst,OYO,Gurugram,0-6 Yrs,9-15 Lacs PA,"Power Bi, Business Analytics, Bi Tools, Data Analytics, SQL, Business Analysis, Data, Analytics",Data Analyst Fresher,Naukri,1 week ago,https://www.naukri.com/job-listings-associate-business-analyst-oyo-gurugram-0-to-6-years-250526030676
Analyst III Business Process Transactions / RR,DXC Technology,Indore,0-1 Yrs,Not Available,"Data analysis, PMP, Quality standards, Compliance, Process improvement, Social media, Manager Technology, Business process management",Data Analyst Fresher,Naukri,1 week ago,https://www.naukri.com/job-listings-analyst-iii-business-process-transactions-rr-dxc-technology-indore-0-to-1-years-260526504215
Full Stack Developer / QA Automation / Data Analyst Trainee,Nirvesh Enterprises,Hyderabad,Not Available,Unpaid,Not Available,Data Analyst Fresher,Naukri,Starts in 1-3 months,https://www.naukri.com/job-listings-full-stack-developer-qa-automation-data-analyst-trainee-nirvesh-enterprises-hyderabad-0-to-3-years-280526504315
Data Analyst,ti Steps,Mumbai (All Areas),3-8 Yrs,3-5.5 Lacs PA,"Data Analysis, Tableau, Dashboards, Data Analytics, SQL, Bi, Data Visualization, Data",Data Analyst Fresher,Naukri,5 days ago,https://www.naukri.com/job-listings-data-analyst-ti-steps-mumbai-all-areas-3-to-8-years-010626009064
Statistical Data Analyst,ams OSRAM Group,Lucknow,0-1 Yrs,Not Available,"Health insurance, Data analysis, Statistical analysis, Data management, STATA, Data Analyst, SPSS, HRD",Data Analyst Fresher,Naukri,3+ weeks ago,https://www.naukri.com/job-listings-statistical-data-analyst-ams-lucknow-0-to-1-years-240725501694
Data Analyst Intern,Cloud Counselage,Mumbai,Not Available,Unpaid,Not Available,Data Analyst Fresher,Naukri,Starts in 1-3 months,https://www.naukri.com/job-listings-data-analyst-intern-cloud-counselage-pvt-ltd-mumbai-0-to-1-years-301225507774
Business Analyst / Analytics Specialist,Zenon LLC,Noida,0-3 Yrs,Not Available,"Analytical skills, Business Analyst, Analytical, Focus, Consulting, Machine learning, model development, Data analytics",Data Analyst Fresher,Naukri,3+ weeks ago,https://www.naukri.com/job-listings-business-analyst-analytics-specialist-zenon-llc-noida-0-to-3-years-200325506406
Data Analyst Intern,Codemonk,Bengaluru,Not Available,Unpaid,Not Available,Data Analyst Fresher,Naukri,Starts in 1-3 months,https://www.naukri.com/job-listings-data-analyst-intern-codemonk-bengaluru-0-to-1-years-300925505149
Data Analyst Intern,The Night Marketer,New Delhi,Not Available,Unpaid,Not Available,Data Analyst Fresher,Naukri,Starts in 1-3 months,https://www.naukri.com/job-listings-data-analyst-intern-the-night-marketer-new-delhi-0-to-2-years-301225505128
Data Analyst Intern,Virtualace In,Remote,Not Available,Unpaid,Not Available,Data Analyst Fresher,Naukri,Starts in 1-3 months,https://www.naukri.com/job-listings-data-analyst-intern-virtualace-remote-0-to-1-years-030425503376
Fresher - Data Science Engineer,Busigence Technologies,Remote,0-2 Yrs,Not Available,"Automation, data science, Machine learning, HTML, HTTP, Natural language processing, Data analytics, Business intelligence",Data Analyst Fresher,Naukri,3+ weeks ago,https://www.naukri.com/job-listings-fresher-data-science-engineer-busigence-technologies-remote-0-to-2-years-141221500529
RESEARCH ENGINEER 1,Saint Gobain,"Chennai, India",0-2 Yrs,7-10 Lacs PA,"solid state chemistry, optical properties, material properties, data analytics, multilayer thin film, thin film, design of experiment, material characterization",Data Analyst Fresher,Naukri,1 day ago,https://www.naukri.com/job-listings-research-engineer-1-saint-gobain-chennai-india-0-to-2-years-050626016239
Intern,Crisil,Mumbai,0 Yrs,Not Available,"matlab, python, project management, data analytics, data analysis, insights, power bi",Data Analyst Fresher,Naukri,1 week ago,https://www.naukri.com/job-listings-intern-crisil-mumbai-0-to-0-years-280526012985
Data Entry Analyst/ Lead Generation Support,Credence Digital Marketing,Delhi / NCR,0-1 Yrs,Not Available,"Data Entry, Marketing Research, Data Research, Data Extraction, Data Mining, Data Maintenance, Campaigns, Data Collection",Data Analyst Fresher,Naukri,1 week ago,https://www.naukri.com/job-listings-data-entry-analyst-lead-generation-support-credence-digital-marketing-delhi-ncr-0-to-1-years-290526001278
Data Analyst (Freelancer),Deccan Ai,Remote,0-3 Yrs,Not Available,"Machine Learning, Predictive Modeling, Artificial Intelligence, Advanced Analytics, Statistical Modeling, Data Analytics, Modeling, Intelligence",Data Analyst Fresher,Naukri,2 days ago,https://www.naukri.com/job-listings-data-analyst-freelancer-deccan-ai-india-0-to-3-years-040626025404
Data Analyst (AI Trainer) (Freelancer),Deccan Ai,Remote,0-3 Yrs,Not Available,"Data Analytics, Machine Learning, Data Science, Artificial Intelligence, Natural Language Processing, Advanced Analytics, Python, Predictive Analytics",Data Analyst Fresher,Naukri,2 days ago,https://www.naukri.com/job-listings-data-analyst-ai-trainer-freelancer-deccan-ai-india-0-to-3-years-040626021135
Fresher- Technical business analysis engineer- UK shift,Conduent,Noida(Sector 135),0 Yrs,Not Available,"Manual Testing, Development Testing, Technical, Technical Skills, SQL Queries, Business Analysis, SQL, Testing",Data Analyst Fresher,Naukri,2 weeks ago,https://www.naukri.com/job-listings-fresher-technical-business-analysis-engineer-uk-shift-conduent-noida-0-to-0-years-190526923497
Fresher- Technical business analysis engineer- UK shift,Conduent,Delhi / NCR(Sector 135),0 Yrs,Not Available,"Manual Testing, Development Testing, Technical, Technical Skills, SQL Queries, Business Analysis, SQL, Testing",Data Analyst Fresher,Naukri,2 weeks ago,https://www.naukri.com/job-listings-fresher-technical-business-analysis-engineer-uk-shift-conduent-delhi-ncr-0-to-0-years-190526923499
Analyst III Business Process Transactions / RR,DXC Technology,Noida,0-1 Yrs,Not Available,"Data analysis, PMP, Quality standards, Compliance, Process improvement, Social media, Manager Technology, Business process management",Data Analyst Fresher,Naukri,2 weeks ago,https://www.naukri.com/job-listings-analyst-iii-business-process-transactions-rr-dxc-technology-noida-0-to-1-years-190526503188
Data Analyst/Engineer,BMW Techworks India,Bengaluru,2-5 Yrs,Not Available,"hive, python, data analysis, data analytics, data warehousing, power bi, machine learning, data engineering",Data Analyst Fresher,Naukri,3 weeks ago,https://www.naukri.com/job-listings-data-analyst-engineer-bmw-techworks-india-private-limited-bengaluru-2-to-5-years-110526500941
Tax Data Business Analyst/Tax Data Engineer,S P A Enterprise Info Services,Remote,6-11 Yrs,Not Available,"Data Quality, data lakes, audit frameworks, cloud data engineering, Tax Reporting, data ingestion pipelines, ETL frameworks, Data Engineering",Data Analyst Fresher,Naukri,4 days ago,https://www.naukri.com/job-listings-tax-data-business-analyst-tax-data-engineer-s-p-a-enterprise-info-services-india-6-to-11-years-230426025178
Data Analyst (Malayalam Speaker - India),Peroptyx,Remote,0-5 Yrs,Not Available,"English, Malayalam, Data Analysis, Data Extraction, Research, Data Analytics, Research And Development, Data Mapping",Data Analyst Fresher,Naukri,3 days ago,https://www.naukri.com/job-listings-data-analyst-malayalam-speaker-india-peroptyx-trivandrum-0-to-5-years-020626027809
Data Analyst (Marathi Speaker - India),Peroptyx,Remote,0-5 Yrs,Not Available,"Data Analysis, Marathi, English, Data Analytics, Data Mapping, Analytics, Mapping, Analysis",Data Analyst Fresher,Naukri,3 days ago,https://www.naukri.com/job-listings-data-analyst-marathi-speaker-india-peroptyx-mumbai-all-areas-0-to-5-years-020626027795
Jr. Data Analyst,Kilowott,Panaji,0-2 Yrs,Not Available,"database maintenance, python, data analysis, data analytics, kpi, bi, presentation skills, power bi",Data Analyst Fresher,Naukri,5 days ago,https://www.naukri.com/job-listings-jr-data-analyst-kilowott-panaji-0-to-2-years-010626503379
Business Analyst,Screl,Malappuram,0-3 Yrs,Not Available,"data analysis, business requirements, strong analytical skills, business analysis, problem solving, market research, user stories, research",Data Analyst Fresher,Naukri,3+ weeks ago,https://www.naukri.com/job-listings-business-analyst-screl-info-pvt-ltd-malappuram-0-to-3-years-230426504315
Analyst - Business Consulting Risk - Process & Controls,EY,New Delhi,0-1 Yrs,Not Available,"Enterprise risk management, Manager Internal Audit, Assurance, Revenue assurance, External audit, Outsourcing, Risk management, Operations",Data Analyst Fresher,Naukri,2 weeks ago,https://www.naukri.com/job-listings-analyst-business-consulting-risk-process-controls-ernst-young-new-delhi-0-to-1-years-210526503677
Analyst - Business Consulting Risk - Process & Controls,EY,Mumbai,0-2 Yrs,Not Available,"Manager Internal Audit, Assurance, Operational excellence, Process improvement, Analytical, Consulting, risk consulting, Business strategy",Data Analyst Fresher,Naukri,2 weeks ago,https://www.naukri.com/job-listings-analyst-business-consulting-risk-process-controls-ernst-young-mumbai-0-to-2-years-210526503652
BUSINESS ANALYST-INSURANCE DOMAIN,Godigi Infotech,New Delhi,0-1 Yrs,Not Available,"Product management, Data analysis, Business Analyst, Project management, Analytical, Market research, Business operations, Testing",Data Analyst Fresher,Naukri,3+ weeks ago,https://www.naukri.com/job-listings-business-analyst-insurance-domain-godigi-infotech-new-delhi-0-to-1-years-111223500167
Senior Analyst Business Consulting Risk FS CNS Risk Actuarial,EY,Gurugram,0-7 Yrs,Not Available,"Manager Internal Audit, Assurance, Wealth management, Data modeling, Risk assessment, Consulting, Actuarial, Asset management",Data Analyst Fresher,Naukri,3+ weeks ago,https://www.naukri.com/job-listings-senior-analyst-business-consulting-risk-fs-cns-risk-actuarial-ernst-young-gurugram-0-to-7-years-040226502477
Data Analyst (Punjabi Speaker - India),Peroptyx,Remote,0-5 Yrs,Not Available,"English, Punjabi, Data Analysis, Attention To Detail, Mapping, Research, Interpretation, Data",Data Analyst Fresher,Naukri,3 days ago,https://www.naukri.com/job-listings-data-analyst-punjabi-speaker-india-peroptyx-ludhiana-0-to-5-years-020626027814
Data Analyst (Bangla Speaker - India),Peroptyx,Remote,0-5 Yrs,Not Available,"English, Bangla, Data Research, Research Analysis, Data Analysis, Data Collection, Research, Data",Data Analyst Fresher,Naukri,3 days ago,https://www.naukri.com/job-listings-data-analyst-bangla-speaker-india-peroptyx-delhi-ncr-0-to-5-years-020626027801
Data Analyst (Odia Speaker - India),Peroptyx,Remote,0-5 Yrs,Not Available,"English, Odia, Data Analysis, Research, Analysis, Data",Data Analyst Fresher,Naukri,3 days ago,https://www.naukri.com/job-listings-data-analyst-odia-speaker-india-peroptyx-cuttack-0-to-5-years-020626027797
Data Entry Analyst Trainee,Whizlabs Software,Coimbatore(Saravanampatti ),Not Available,"10,000/month",Not Available,Data Analyst Fresher,Naukri,Starts within 1 month,https://www.naukri.com/job-listings-data-entry-analyst-trainee-whizlabs-software-coimbatore-0-to-1-years-080526023498
IT - BUSINESS ANALYST,Godigi Infotech,Mumbai,0-1 Yrs,Not Available,"IT Business Analyst, github, GIT, data science, Agile, Document management, JIRA, Digital marketing",Data Analyst Fresher,Naukri,3+ weeks ago,https://www.naukri.com/job-listings-it-business-analyst-godigi-infotech-mumbai-0-to-1-years-220126500474
Analyst - Business Consulting Risk - TMT - CNS - RISK - DIGITAL RISK,EY,New Delhi,0-7 Yrs,Not Available,"Manager Internal Audit, Assurance, Operational excellence, Data modeling, Risk assessment, Consulting, Business strategy, Risk management",Data Analyst Fresher,Naukri,3+ weeks ago,https://www.naukri.com/job-listings-analyst-business-consulting-risk-tmt-cns-risk-digital-risk-ernst-young-new-delhi-0-to-7-years-180326504448
Analyst - Business Consulting Risk - National - Internal Audit,EY,Mumbai,0-7 Yrs,Not Available,"Manager Internal Audit, Data modeling, risk consulting, Business strategy, Outsourcing, Risk management, Operations, Financial services",Data Analyst Fresher,Naukri,3+ weeks ago,https://www.naukri.com/job-listings-analyst-business-consulting-risk-national-internal-audit-ernst-young-mumbai-0-to-7-years-160426504161
Senior Analyst - Business Consulting Risk - FS - CNS - Risk,EY,Gurugram,0-1 Yrs,Not Available,"Assurance, Due diligence, Financial reporting, Business planning, Agile, Market research, Actuarial, Information technology",Data Analyst Fresher,Naukri,3+ weeks ago,https://www.naukri.com/job-listings-senior-analyst-business-consulting-risk-fs-cns-risk-ernst-young-gurugram-0-to-1-years-130226501697
Analyst - Business Consulting,EY,Gurugram,0-1 Yrs,Not Available,"Management accounting, Manager Internal Audit, Assurance, Business consulting, Data modeling, risk consulting, Agile, Business strategy",Data Analyst Fresher,Naukri,3+ weeks ago,https://www.naukri.com/job-listings-analyst-business-consulting-ernst-young-gurugram-0-to-1-years-050925503059
Business Analyst - Business Applications & Data Analytics,Crisil,Mumbai,5-7 Yrs,Not Available,"Data analysis, Business Analyst, Business analysis, Data modeling, Analytical, Data quality, Business intelligence, Business applications",Data Analyst Fresher,Naukri,3+ weeks ago,https://www.naukri.com/job-listings-business-analyst-business-applications-data-analytics-crisil-mumbai-5-to-7-years-311025501135
Data Engineering and Advanced Analytics Sr Manager,Hitachi Digital Services,"Kolkata, Mumbai, New Delhi, Hyderabad, Pune, Chennai, Bengaluru",7-11 Yrs,Not Available,"advanced analytics, java, gcp, data governance, data engineering, communication skills, sql",Data Analyst Fresher,Naukri,3+ weeks ago,https://www.naukri.com/job-listings-data-engineering-and-advanced-analytics-sr-manager-hitachi-digital-services-kolkata-mumbai-new-delhi-hyderabad-pune-chennai-bengaluru-7-to-11-years-300425506774
Assistant Vice President - Business Planning and Analytics,Axis Max Life Insurance,"Mumbai, Nagpur, Thane, Nashik, Pune, Aurangabad",0-5 Yrs,Not Available,"Procurement, Automation, Sales, Business planning, Agile, Data analytics, Account management, Customer service",Data Analyst Fresher,Naukri,2 weeks ago,https://www.naukri.com/job-listings-assistant-vice-president-business-planning-and-analytics-axis-max-life-insurance-limited-mumbai-nagpur-thane-nashik-pune-aurangabad-0-to-5-years-220526503499
Data Analyst,Hitachi Digital Services,Hyderabad,2-5 Yrs,Not Available,"communication skillsbusiness requirements, data analysis, analytical, time management, statistics, sql, Time Managements, Analytics",Data Analyst Fresher,Naukri,3+ weeks ago,https://www.naukri.com/job-listings-data-analyst-hitachi-digital-services-hyderabad-2-to-5-years-190525504787
Data Analyst-Fresher,Cogniview,Hyderabad,4-9 Yrs,Not Available,"Computer science, Business improvement, Data analysis, Analytical, Agile, Business intelligence, Internship, Analytics",Data Analyst Fresher,Naukri,3 weeks ago,https://www.naukri.com/job-listings-data-analyst-fresher-cogniview-hyderabad-4-to-9-years-110526504398
Data Analyst-Fresher,Synaptica Tech,Hyderabad,4-9 Yrs,Not Available,"Computer science, Business improvement, Data analysis, Data modeling, Analytical, Agile, Business intelligence, Internship",Data Analyst Fresher,Naukri,3+ weeks ago,https://www.naukri.com/job-listings-data-analyst-fresher-synapticatech-hyderabad-4-to-9-years-060426501806
Data Analyst,bp,Pune,3-5 Yrs,Not Available,"Data Analysis, data analytics, data interpretation, Power BI, data reporting, data visualization, Databricks, machine learning",Data Analyst Fresher,Naukri,2 weeks ago,https://www.naukri.com/job-listings-data-analyst-bp-business-solutions-india-private-limited-pune-3-to-5-years-190526920876
Data Analyst,Squircle IT,Pune,4-7 Yrs,Not Available,"hlookup, macros, python, data analysis, data management, data analytics, data validation, sas",Data Analyst Fresher,Naukri,3+ weeks ago,https://www.naukri.com/job-listings-data-analyst-squircle-it-consulting-services-pvt-ltd-pune-4-to-7-years-140126503316
Data Analyst,Cabirx Consulting Nashik,Remote,3-6 Yrs,Not Available,"python, data analysis, data analytics, sas, data mining, bi, predictive analytics, power bi",Data Analyst Fresher,Naukri,3 weeks ago,https://www.naukri.com/job-listings-data-analyst-cabirx-remote-3-to-6-years-110526500427
Data Analyst,Onemagnify,Remote,1-9 Yrs,Not Available,"database maintenance, python, macros, data analysis, data analytics, data mining, predictive analytics, machine learning",Data Analyst Fresher,Naukri,3+ weeks ago,https://www.naukri.com/job-listings-data-analyst-onemagnify-remote-1-to-9-years-290426505931
Data Analyst,Sharp Mint,Muzaffarnagar(Jansath),3-5 Yrs,2.5-4.75 Lacs PA,"Business Strategy, Bi, Tableau, Data Analytics, Business Consulting, Financial Analytics, Data Analysis, Python",Data Analyst Fresher,Naukri,1 week ago,https://www.naukri.com/job-listings-data-analyst-sharp-mint-muzaffarnagar-3-to-5-years-280526025521
Data Analyst,Apex 2000 INC,Pune,3-6 Yrs,Not Available,"python, macros, data analysis, data analytics, natural language processing, data mining, power bi, machine learning",Data Analyst Fresher,Naukri,3+ weeks ago,https://www.naukri.com/job-listings-data-analyst-apex-2000-inc-pune-3-to-6-years-240426501156
Data Analyst,Perfex Technologies,Hyderabad,2-7 Yrs,Not Available,"python, macros, data analysis, data management, data analytics, data mining, predictive analytics, power bi",Data Analyst Fresher,Naukri,3+ weeks ago,https://www.naukri.com/job-listings-data-analyst-perfex-technologies-hyderabad-2-to-7-years-230326501707
Data Analyst,GS1 India,Chennai,8-13 Yrs,9-15 Lacs PA,"Power Bi, Microsoft Power Bi, Data Management, Azure Data Factory, Data Visualization, Azure Data Warehouse, Bi Tools, Azure Databricks",Data Analyst Fresher,Naukri,1 week ago,https://www.naukri.com/job-listings-data-analyst-gs1-india-chennai-8-to-13-years-180424012520
Data Analyst,H R D Diamond Institute,Mumbai (All Areas),5-10 Yrs,Not Available,"Power Bi, Data Analytics, SQL, Dax Queries, Business Intelligence, Power Bi Dashboards, Data Visualization, Tableau",Data Analyst Fresher,Naukri,3 weeks ago,https://www.naukri.com/job-listings-data-analyst-h-r-d-diamond-institute-mumbai-all-areas-5-to-10-years-171125013904
"Data and Tech Analyst, EIP, Livelihood Program",The/Nudge Institute,Guwahati,8-13 Yrs,Not Available,"python, macros, data analysis, data analytics, data management, data mining, predictive analytics, power bi",Data Analyst Fresher,Naukri,3 weeks ago,https://www.naukri.com/job-listings-data-and-tech-analyst-eip-livelihood-program-the-nudge-institute-guwahati-8-to-13-years-120526502511
Data Analyst,L&T Technology Services (LTTS),Bengaluru,14-22 Yrs,25-40 Lacs PA,"Oil And Gas, Data Analytics, Opc Ua, Gas, OPC, Analytics, Data, Oil",Data Analyst Fresher,Naukri,3 weeks ago,https://www.naukri.com/job-listings-data-analyst-glauben-technologies-bengaluru-14-to-22-years-110526032515
Data Analyst,Shah Coal,Mumbai,1-3 Yrs,5-5.5 Lacs PA,"Data Analysis, Data Cleansing, Data Collection, Data Reporting, Excel, Power Bi, Data Visualization, Data Analytics",Data Analyst Fresher,Naukri,3+ weeks ago,https://www.naukri.com/job-listings-data-analyst-shah-coal-mumbai-1-to-3-years-060526929523
Data Analyst,Tech SMCSquared GCC,Hybrid - Pune,5-8 Yrs,12-22 Lacs PA,"Salesforce Einstein Analytics, Crm Analytics, Saql, saleforce, Power Bi, Dashboards, Data Analytics, SQL",Data Analyst Fresher,Naukri,3+ weeks ago,https://www.naukri.com/job-listings-data-analyst-tech-smcsquared-gcc-pune-5-to-8-years-050526025398
Data Analyst,Rohan Builders & Developers,Nagar,4-8 Yrs,Not Available,"database maintenance, data analysis, data analytics, data interpretation, design development, data mining, power bi, data collection",Data Analyst Fresher,Naukri,3+ weeks ago,https://www.naukri.com/job-listings-data-analyst-rohan-builders-developers-nagar-4-to-8-years-020426504774
Data Analyst,MS Guide World,Bengaluru,4-9 Yrs,Not Available,"Solution design, Data analysis, Data modeling, Healthcare, Data analytics, Business intelligence, Project delivery, Python",Data Analyst Fresher,Naukri,3+ weeks ago,https://www.naukri.com/job-listings-data-analyst-ms-guide-world-bengaluru-4-to-9-years-260225502832
Data Analyst,ST Courier,Chennai,10-20 Yrs,Not Available,"Analytical skills, Data modeling, Data analytics, Data Analyst, Analyst 2, Statistics, Analytical Skill, Analytics",Data Analyst Fresher,Naukri,3+ weeks ago,https://www.naukri.com/job-listings-data-analyst-st-courier-chennai-10-to-20-years-030924503374
Data Scientist/Technical Analyst,Maruti Suzuki,Gurugram,4-9 Yrs,Not Available,"Computer vision, deep learning, Simulation, Neural networks, Machine learning, Hypothesis Testing, Telematics, Data analytics",Data Analyst Fresher,Naukri,3+ weeks ago,https://www.naukri.com/job-listings-data-scientist-technical-analyst-maruti-suzuki-india-limited-gurugram-4-to-9-years-110825500383
Intern - Data Engineer,TP,Chennai,Not Available,Unpaid,Not Available,Data Science Intern,Naukri,Starts in 1-3 months,https://www.naukri.com/job-listings-intern-data-engineer-teleperformance-global-services-chennai-1-to-2-years-160925500642
Data Science Intern,ACG,Mumbai Suburban,Not Available,"20,000/month",Not Available,Data Science Intern,Naukri,Starts : 16th Jun' 26,https://www.naukri.com/job-listings-data-science-intern-acg-mumbai-suburban-0-to-1-years-130326027907
Data Science & Machine Learning Intern,Nextgen Federal Systems,Remote,Not Available,Unpaid,Not Available,Data Science Intern,Naukri,Starts in 1-3 months,https://www.naukri.com/job-listings-data-science-machine-learning-intern-nextgen-federal-systems-remote-0-to-2-years-040626503701
Data Science Intern,Videodubber.ai,Bengaluru,Not Available,Unpaid,Not Available,Data Science Intern,Naukri,Starts in 1-3 months,https://www.naukri.com/job-listings-data-science-intern-videodubber-ai-bengaluru-0-to-1-years-251025505753
Data Science Intern,Honeybee Digital,Gandhinagar,Not Available,Unpaid,Not Available,Data Science Intern,Naukri,Starts in 1-3 months,https://www.naukri.com/job-listings-data-science-intern-honeybee-digital-gandhinagar-0-to-1-years-250625502178
Ai & Data science Intern,Refonte Infini,Remote,Not Available,Unpaid,Not Available,Data Science Intern,Naukri,Starts in 1-3 months,https://www.naukri.com/job-listings-ai-data-science-intern-refonte-infini-remote-0-to-1-years-070325503178
Data Science Intern,Cyfotok,Coimbatore,Not Available,Unpaid,Not Available,Data Science Intern,Naukri,Starts in 1-3 months,https://www.naukri.com/job-listings-data-science-intern-cyfotok-coimbatore-0-to-4-years-280825503310
Data science and Engineering Intern,Huebits Tech Visakhapatnam,Visakhapatnam,Not Available,Unpaid,Not Available,Data Science Intern,Naukri,Starts in 1-3 months,https://www.naukri.com/job-listings-data-science-and-engineering-intern-huebits-visakhapatnam-0-to-2-years-010725501087
Python/Data Science Intern - (onsite),Geotechnosoft,Noida,Not Available,Unpaid,Not Available,Data Science Intern,Naukri,Starts in 1-3 months,https://www.naukri.com/job-listings-python-data-science-intern-onsite-geotechnosoft-noida-0-to-2-years-180624502717
Data Science Intern,Adtech Corp,Hyderabad,Not Available,Unpaid,Not Available,Data Science Intern,Naukri,Starts in 1-3 months,https://www.naukri.com/job-listings-data-science-intern-adtech-corp-hyderabad-0-to-1-years-070426501788
Data Science Intern,Cloud Counselage,Mumbai,Not Available,Unpaid,Not Available,Data Science Intern,Naukri,Starts in 1-3 months,https://www.naukri.com/job-listings-data-science-intern-cloud-counselage-pvt-ltd-mumbai-0-to-3-years-301225507860
Python/Data Science Intern -,Geotechnosoft,Patna,Not Available,Unpaid,Not Available,Data Science Intern,Naukri,Starts in 1-3 months,https://www.naukri.com/job-listings-python-data-science-intern-geotechnosoft-patna-0-to-2-years-160925502800
Data Science Intern,360DigiTMG,Hyderabad,Not Available,"5,000/month",Not Available,Data Science Intern,Naukri,Starts in 1-3 months,https://www.naukri.com/job-listings-data-science-intern-360digitmg-hyderabad-0-to-3-years-180825504007
Data Science Intern,Aryavart Institute Of Technology,Supaul,Not Available,Unpaid,Not Available,Data Science Intern,Naukri,Starts in 1-3 months,https://www.naukri.com/job-listings-data-science-intern-aryavart-institute-of-technology-supaul-0-to-1-years-230424501338
Data Science & Analytics Intern,Hir Infotech,Ahmedabad,Not Available,Unpaid,Not Available,Data Science Intern,Naukri,Starts in 1-3 months,https://www.naukri.com/job-listings-data-science-analytics-intern-hir-infotech-pvt-ltd-ahmedabad-0-to-1-years-300925505143
Data Science Intern,TechKnowledgeHub.org,New Delhi,Not Available,Unpaid,Not Available,Data Science Intern,Naukri,Starts in 1-3 months,https://www.naukri.com/job-listings-data-science-intern-techknowledgehub-org-new-delhi-0-to-1-years-220424500451
Data Science Intern,Analytics Vidhya,Gurugram,Not Available,Unpaid,Not Available,Data Science Intern,Naukri,Starts in 1-3 months,https://www.naukri.com/job-listings-data-science-intern-analytics-vidhya-educon-pvt-ltd-gurugram-0-to-1-years-071025503535
"Intern, Data Science",Eyeota,Chennai,Not Available,Unpaid,Not Available,Data Science Intern,Naukri,Starts in 1-3 months,https://www.naukri.com/job-listings-intern-data-science-eyeota-chennai-0-to-1-years-010626504844
Data Science Professional,Diverse Lynx,Bengaluru,Not Available,Unpaid,Not Available,Data Science Intern,Naukri,Starts in 1-3 months,https://www.naukri.com/job-listings-data-science-professional-diverse-lynx-bengaluru-4-to-9-years-260526502334
Data Science - Intern,MNJ Software,Remote,Not Available,Unpaid,Not Available,Data Science Intern,Naukri,Starts in 1-3 months,https://www.naukri.com/job-listings-data-science-intern-mnj-software-private-limited-remote-0-to-1-years-101122502465
Python & Data Science Interns,Blazop,"Kolkata, Mumbai, New Delhi, Hyderabad, Pune, Chennai, Bengaluru",Not Available,Unpaid,Not Available,Data Science Intern,Naukri,Starts in 1-3 months,https://www.naukri.com/job-listings-python-data-science-interns-blazop-kolkata-mumbai-new-delhi-hyderabad-pune-chennai-bengaluru-4-to-5-years-290825501530
Data Science Intern,Freecharge,Hybrid - Gurugram,Not Available,"20,000/month",Not Available,Data Science Intern,Naukri,Starts in 1-3 months,https://www.naukri.com/job-listings-data-science-intern-freecharge-gurugram-0-to-1-years-070526033979
Data Analyst Intern,Sage Software,"Mumbai, Navi Mumbai",Not Available,Unpaid,Not Available,Data Science Intern,Naukri,Starts in 1-3 months,https://www.naukri.com/job-listings-data-analyst-intern-sage-software-and-solutions-pvt-ltd-mumbai-navi-mumbai-0-to-5-years-280526505216
Data Scientist Intern,Comprinno Technologies,Pune,Not Available,Unpaid,Not Available,Data Science Intern,Naukri,Starts in 1-3 months,https://www.naukri.com/job-listings-data-scientist-intern-comprinno-technologies-pvt-ltd-pune-0-to-1-years-290526507381
Intern Masters Data Science,Sparta Systems,Bengaluru,Not Available,Unpaid,Not Available,Data Science Intern,Naukri,Starts in 1-3 months,https://www.naukri.com/job-listings-intern-masters-data-science-spartasystems-bengaluru-0-to-1-years-050626501988
Data Science Engineer Intern,BlueRipples Technologies Pvt.Ltd.,Thiruvananthapuram,Not Available,Unpaid,Not Available,Data Science Intern,Naukri,Starts in 1-3 months,https://www.naukri.com/job-listings-data-science-engineer-intern-blueripples-technologies-pvt-ltd-thiruvananthapuram-0-to-1-years-030626504468
Intern - Category Data Analysis,Studify Success,New Delhi,Not Available,Unpaid,Not Available,Data Science Intern,Naukri,Starts in 1-3 months,https://www.naukri.com/job-listings-intern-category-data-analysis-studifysuccess-pvt-ltd-new-delhi-0-to-1-years-230426500715
Data Science Internship,360DigiTMG,Bengaluru,Not Available,Unpaid,Not Available,Data Science Intern,Naukri,Starts in 1-3 months,https://www.naukri.com/job-listings-data-science-internship-360digitmg-bengaluru-0-to-3-years-180825504000
Data Science Researcher-Intern,Accredian,Gurugram,Not Available,Unpaid,Not Available,Data Science Intern,Naukri,Starts in 1-3 months,https://www.naukri.com/job-listings-data-science-researcher-intern-accredian-gurugram-0-to-1-years-030925502921
Data Analyst Intern,Impactiva,Chennai,Not Available,"12,000/month",Not Available,Data Science Intern,Naukri,Starts within 1 month,https://www.naukri.com/job-listings-data-analyst-intern-impactiva-chennai-0-to-1-years-250526014207
Data Analyst Remote Intern,Gigafactor Solutions,Bengaluru,Not Available,Unpaid,Not Available,Data Science Intern,Naukri,Starts in 1-3 months,https://www.naukri.com/job-listings-data-analyst-remote-intern-gigafactor-solutions-bengaluru-0-to-1-years-300126501866
Data Science Internship,Prodigy Infotech,Mumbai,Not Available,Unpaid,Not Available,Data Science Intern,Naukri,Starts in 1-3 months,https://www.naukri.com/job-listings-data-science-internship-prodigy-infotech-mumbai-1-to-5-years-030325503944
Data Scientist Intern,Cheq Digital,Bengaluru,Not Available,Unpaid,Not Available,Data Science Intern,Naukri,Starts in 1-3 months,https://www.naukri.com/job-listings-data-scientist-intern-cheq-digital-private-limited-bengaluru-0-to-1-years-190526503012
Data Analysis & Engineering Intern,Artpark,Bengaluru,Not Available,Unpaid,Not Available,Data Science Intern,Naukri,Starts in 1-3 months,https://www.naukri.com/job-listings-data-analysis-engineering-intern-artpark-bengaluru-0-to-1-years-130426501469
Data Science Internship,Zero2ai,Bengaluru,Not Available,Unpaid,Not Available,Data Science Intern,Naukri,Starts in 1-3 months,https://www.naukri.com/job-listings-data-science-internship-zero2ai-bengaluru-2-to-3-years-250725504545
ARTIFICIAL INTELLIGENCE Professional,Godigi Infotech,Mumbai,Not Available,Unpaid,Not Available,Data Science Intern,Naukri,Starts in 1-3 months,https://www.naukri.com/job-listings-artificial-intelligence-professional-godigi-infotech-mumbai-0-to-1-years-151225501381
ML Engineering Internship,Aionos,Gurugram,Not Available,Unpaid,Not Available,Data Science Intern,Naukri,Starts in 1-3 months,https://www.naukri.com/job-listings-ml-engineering-internship-aionos-gurugram-0-to-1-years-120925502819
Data Analytics Intern,Zerovaega Technologies,Kolhapur,Not Available,Unpaid,Not Available,Data Science Intern,Naukri,Starts in 1-3 months,https://www.naukri.com/job-listings-data-analytics-intern-zerovaega-technologies-kolhapur-0-to-2-years-301025503884
Big data - trainee,Cloud Counselage,Mumbai,Not Available,Unpaid,Not Available,Data Science Intern,Naukri,Starts in 1-3 months,https://www.naukri.com/job-listings-big-data-trainee-cloud-counselage-pvt-ltd-mumbai-0-to-1-years-301225507958
DATA ANALYTICS Professional,Godigi Infotech,Mumbai,Not Available,Unpaid,Not Available,Data Science Intern,Naukri,Starts in 1-3 months,https://www.naukri.com/job-listings-data-analytics-professional-godigi-infotech-mumbai-0-to-1-years-261225502345
Machine Learning Intern ),RUDRA ANLYTICS,Pune,Not Available,Unpaid,Not Available,Data Science Intern,Naukri,Starts in 1-3 months,https://www.naukri.com/job-listings-machine-learning-intern-rudra-anlytics-pune-0-to-1-years-140526503435
Artificial Intelligence ( Intern ),Feednet Solutions,Hyderabad,Not Available,Unpaid,Not Available,Data Science Intern,Naukri,Starts in 1-3 months,https://www.naukri.com/job-listings-artificial-intelligence-intern-feednet-solutions-private-limited-hyderabad-0-to-1-years-240326503705
Medical Intern Health & Technology Internship,Eka Care,Bengaluru,Not Available,Unpaid,Not Available,Data Science Intern,Naukri,Starts in 1-3 months,https://www.naukri.com/job-listings-medical-intern-health-technology-internship-eka-care-bengaluru-0-to-1-years-120226504801
Brainwonders AI Research Engineer Intern,Brainwonders,Mumbai,Not Available,Unpaid,Not Available,Data Science Intern,Naukri,Starts in 1-3 months,https://www.naukri.com/job-listings-brainwonders-ai-research-engineer-intern-brainwonders-mumbai-0-to-3-years-270825503499
Data Analytics and AI Intern,Artify Talent Studio,"Kolkata, Mumbai, New Delhi, Hyderabad, Pune, Chennai, Bengaluru",Not Available,Unpaid,Not Available,Data Science Intern,Naukri,Starts in 1-3 months,https://www.naukri.com/job-listings-data-analytics-and-ai-intern-artify-talent-studio-kolkata-mumbai-new-delhi-hyderabad-pune-chennai-bengaluru-0-to-3-years-280525501502
Software Engineering Intern,Optimizory Technologies,New Delhi,Not Available,Unpaid,Not Available,Data Science Intern,Naukri,Starts in 1-3 months,https://www.naukri.com/job-listings-software-engineering-intern-optimizory-technologies-new-delhi-0-to-3-years-200426504604
CSR Employment Link Program - BFSI | Technical | Digital Marketing,Successr Hr Tech,Mumbai (All Areas),Not Available,Unpaid,Not Available,Data Science Intern,Naukri,Starts in 3-6 months,https://www.naukri.com/job-listings-csr-employment-link-program-bfsi-technical-digital-marketing-successr-hr-tech-mumbai-all-areas-0-to-1-years-270525018997
Data Scientist Intern Rigbot,rigbot.com,"Kolkata, Mumbai, New Delhi, Hyderabad, Pune, Chennai, Bengaluru",Not Available,Unpaid,Not Available,Data Science Intern,Naukri,Starts in 1-3 months,https://www.naukri.com/job-listings-data-scientist-intern-rigbot-rigbot-com-kolkata-mumbai-new-delhi-hyderabad-pune-chennai-bengaluru-5-to-8-years-081117500277
Intern,tuv Rheinland,Hybrid - Bengaluru,Not Available,"15,000/month",Not Available,Data Science Intern,Naukri,Starts within 1 month,https://www.naukri.com/job-listings-intern-tuv-rheinland-bengaluru-0-to-1-years-260526014910
Internship - Seeking Data Scientist Intern,Dendrite,Pune,Not Available,Unpaid,Not Available,Data Science Intern,Naukri,Starts in 1-3 months,https://www.naukri.com/job-listings-internship-seeking-data-scientist-intern-dendrite-ai-pune-0-to-1-years-230925505084
Data Analyst Associate,Mhtechin,Pune,Not Available,Unpaid,Not Available,Data Science Intern,Naukri,Starts in 1-3 months,https://www.naukri.com/job-listings-data-analyst-associate-mhtechin-pune-0-to-2-years-281025502399
Data Analyst - Intern,Mansa Inc.,Remote,Not Available,Unpaid,Not Available,Data Science Intern,Naukri,Starts in 1-3 months,https://www.naukri.com/job-listings-data-analyst-intern-mansa-inc-remote-0-to-1-years-130526500169
Data Analyst Intern,Makunai Global Technologies,Noida,Not Available,Unpaid,Not Available,Data Science Intern,Naukri,Starts in 1-3 months,https://www.naukri.com/job-listings-data-analyst-intern-makunai-global-technologies-noida-0-to-2-years-171125501231
Intern - Data Analyst,BOT Vfx,"Madurai, Tiruppur, Salem, Chennai, Tiruchirapalli, Coimbatore",Not Available,Unpaid,Not Available,Data Science Intern,Naukri,Starts in 1-3 months,https://www.naukri.com/job-listings-intern-data-analyst-bot-vfx-india-private-limited-madurai-tiruppur-salem-chennai-tiruchirapalli-coimbatore-0-to-1-years-170326503872
Data Analytics Trainee,Gigafactor Solutions,Hyderabad,Not Available,Unpaid,Not Available,Data Science Intern,Naukri,Starts in 1-3 months,https://www.naukri.com/job-listings-data-analytics-trainee-gigafactor-solutions-hyderabad-0-to-1-years-300126501869
Deep Learning / Machine Learning / Data Scientist Intern,Pivotchain Solutions,Pune,Not Available,Unpaid,Not Available,Data Science Intern,Naukri,Starts in 1-3 months,https://www.naukri.com/job-listings-deep-learning-machine-learning-data-scientist-intern-pivotchain-pune-0-to-2-years-111224502998
Data Analytics Intern,Refonte Infini,Remote,Not Available,Unpaid,Not Available,Data Science Intern,Naukri,Starts in 1-3 months,https://www.naukri.com/job-listings-data-analytics-intern-refonte-infini-remote-0-to-1-years-070325503180
Data Analyst Intern,Thoughtcoders,Ballia,Not Available,Unpaid,Not Available,Data Science Intern,Naukri,Starts in 1-3 months,https://www.naukri.com/job-listings-data-analyst-intern-thoughtcoders-ballia-0-to-3-years-110624502893
Data Analyst internship,Katyayani Organics,Bhopal,Not Available,Unpaid,Not Available,Data Science Intern,Naukri,Starts in 1-3 months,https://www.naukri.com/job-listings-data-analyst-internship-katyayani-organics-bhopal-0-to-3-years-261125502937
Intl Trade - Market Data Analytics & Customer Connect Professional,Swavin Business,Pune,Not Available,Unpaid,Not Available,Data Science Intern,Naukri,Starts in 1-3 months,https://www.naukri.com/job-listings-intl-trade-market-data-analytics-customer-connect-professional-swavin-business-consultants-pvt-ltd-pune-0-to-3-years-300124500012
Trainee AI ML,Vertexplus Technologies,Jaipur,Not Available,Unpaid,Not Available,Data Science Intern,Naukri,Starts in 1-3 months,https://www.naukri.com/job-listings-trainee-ai-ml-vertexplus-technologies-private-limited-jaipur-0-to-1-years-020825500433
Intern - Data Engineer & AI/ML,Inorg,Pune,Not Available,Unpaid,Not Available,Data Science Intern,Naukri,Starts in 1-3 months,https://www.naukri.com/job-listings-intern-data-engineer-ai-ml-inorg-global-pune-0-to-1-years-230525502703
Data Analysis Intern,Clear Quant,Ahmedabad,Not Available,Unpaid,Not Available,Data Science Intern,Naukri,Starts in 1-3 months,https://www.naukri.com/job-listings-data-analysis-intern-clearquant-ahmedabad-0-to-1-years-290425504274
Associate Machine Learning Engineer Internship,Pragyashal,Bengaluru,Not Available,"25,000/month",Not Available,Data Science Intern,Naukri,Starts in 1-3 months,https://www.naukri.com/job-listings-associate-machine-learning-engineer-internship-pragyashal-bengaluru-0-to-1-years-010925502315
Strategic Insights & Market Intelligence Intern,Clever Clouds Pune,Pune,Not Available,Unpaid,Not Available,Data Science Intern,Naukri,Starts in 1-3 months,https://www.naukri.com/job-listings-strategic-insights-market-intelligence-intern-clever-clouds-pune-0-to-1-years-200526502162
Intern - Business Data Analyst,Jodo,Bengaluru,Not Available,Unpaid,Not Available,Data Science Intern,Naukri,Starts in 1-3 months,https://www.naukri.com/job-listings-intern-business-data-analyst-jodopay-com-bengaluru-0-to-1-years-151025501755
DATA ENGINEERING INTERN,Krayo,"Kolkata, Mumbai, New Delhi, Hyderabad, Pune, Chennai, Bengaluru",Not Available,Unpaid,Not Available,Data Science Intern,Naukri,Starts in 1-3 months,https://www.naukri.com/job-listings-data-engineering-intern-krayo-kolkata-mumbai-new-delhi-hyderabad-pune-chennai-bengaluru-0-to-3-years-140923501676
Ai & Graphic Intern,Genesis Media,Mumbai,Not Available,Unpaid,Not Available,Data Science Intern,Naukri,Starts in 1-3 months,https://www.naukri.com/job-listings-ai-graphic-intern-the-genesis-media-mumbai-0-to-1-years-031125503662
Data Scraping Engineer (Intern),Stylumia,Bengaluru,Not Available,Unpaid,Not Available,Data Science Intern,Naukri,Starts in 1-3 months,https://www.naukri.com/job-listings-data-scraping-engineer-intern-stylumia-bengaluru-0-to-2-years-261023501662
Intern,Specialist Advisory & Intervention Group (SAIG),Mumbai,Not Available,Unpaid,Not Available,Data Science Intern,Naukri,Starts in 1-3 months,https://www.naukri.com/job-listings-intern-specialist-advisory-intervention-group-saig-mumbai-0-to-1-years-311025501977
"Developer Trainee in AI, Data Analytics",Enterprise State Of The Art Software,Bengaluru,Not Available,Unpaid,Not Available,Data Science Intern,Naukri,Starts in 1-3 months,https://www.naukri.com/job-listings-developer-trainee-in-ai-data-analytics-enterprise-state-of-the-art-software-bengaluru-1-to-3-years-281124500133
Data Analyst Intern,JOB Nexus India,Remote,Not Available,"12,000/month",Not Available,Data Science Intern,Naukri,Starts within 1 month,https://www.naukri.com/job-listings-data-analyst-intern-nexus-india-india-0-to-1-years-010626026980
Data Analyst,Drishti Ferry,Mumbai,Not Available,Unpaid,Not Available,Data Science Intern,Naukri,Starts in 1-3 months,https://www.naukri.com/job-listings-data-analyst-drishti-cruise-and-ferries-private-limited-mumbai-2-to-7-years-210526504300
Data Analyst,Cogniview,Visakhapatnam,Not Available,Unpaid,Not Available,Data Science Intern,Naukri,Starts in 1-3 months,https://www.naukri.com/job-listings-data-analyst-cogniview-visakhapatnam-1-to-3-years-110526503783
Data Scraping & Research Intern,Cloud Counselage,Bengaluru,Not Available,Unpaid,Not Available,Data Science Intern,Naukri,Starts in 1-3 months,https://www.naukri.com/job-listings-data-scraping-research-intern-cloud-counselage-pvt-ltd-bengaluru-0-to-1-years-301225507866
Data Analyst Intern,Cantor Fitzgerald,Hyderabad,Not Available,Unpaid,Not Available,Data Science Intern,Naukri,Starts in 1-3 months,https://www.naukri.com/job-listings-data-analyst-intern-cantor-fitzgerald-hyderabad-3-to-5-years-300426500025
Data Curation Intern,BIG City Green Residency,Bengaluru,Not Available,Unpaid,Not Available,Data Science Intern,Naukri,Starts in 1-3 months,https://www.naukri.com/job-listings-data-curation-intern-karya-bengaluru-0-to-1-years-120526502471
AI Data Scientist,Quloi,Kolkata,Not Available,"10,000/month",Not Available,Data Science Intern,Naukri,Starts within 1 month,https://www.naukri.com/job-listings-ai-data-scientist-quloi-kolkata-0-to-1-years-080526013374
Machine Learning Intern,Cloud Counselage,Mumbai,Not Available,Unpaid,Not Available,Data Science Intern,Naukri,Starts in 1-3 months,https://www.naukri.com/job-listings-machine-learning-intern-cloud-counselage-pvt-ltd-mumbai-0-to-1-years-301225508028
Back Office Executive - Data Annotation,Biz Tech Consultants,Remote,Not Available,"12,000/month",Not Available,Data Science Intern,Naukri,Starts within 1 month,https://www.naukri.com/job-listings-back-office-executive-data-annotation-biz-tech-consultants-delhi-ncr-0-to-1-years-300426042770
Intern - Billing & Dispute Resolution,Delhivery,Gurugram(Sector 24),Not Available,"20,000/month",Not Available,Data Science Intern,Naukri,Starts within 1 month,https://www.naukri.com/job-listings-intern-billing-dispute-resolution-delhivery-gurugram-0-to-1-years-160526016627
Data Analyst Intern,CRE Matrix,New Delhi,Not Available,Unpaid,Not Available,Data Science Intern,Naukri,Starts in 1-3 months,https://www.naukri.com/job-listings-data-analyst-intern-cre-matrix-new-delhi-1-to-3-years-060825503877
Data & AI Intern,Artify Talent Studio,"Kolkata, Mumbai, New Delhi, Hyderabad, Pune, Chennai, Bengaluru",Not Available,Unpaid,Not Available,Data Science Intern,Naukri,Starts in 1-3 months,https://www.naukri.com/job-listings-data-ai-intern-artify-talent-studio-kolkata-mumbai-new-delhi-hyderabad-pune-chennai-bengaluru-0-to-2-years-280525501797
Position Title: Software Engineer - Intern.,Nplabel,Ahmedabad,Not Available,Unpaid,Not Available,Data Science Intern,Naukri,Starts in 1-3 months,https://www.naukri.com/job-listings-position-title-software-engineer-intern-national-process-private-limited-ahmedabad-0-to-2-years-141025502425
Data Research Mining (Marketing intern),Innovative Techno Institute,Jalandhar,Not Available,Unpaid,Not Available,Data Science Intern,Naukri,Starts in 1-3 months,https://www.naukri.com/job-listings-data-research-mining-marketing-intern-innovative-techno-institute-jalandhar-0-to-1-years-210226501727
Internship,Radian Finserv,Bengaluru,Not Available,Unpaid,Not Available,Data Science Intern,Naukri,Starts in 1-3 months,https://www.naukri.com/job-listings-internship-radian-finserv-private-limited-bengaluru-0-to-1-years-141125503550
PMO Intern,Bahwan CyberTek,Chennai,Not Available,Unpaid,Not Available,Data Science Intern,Naukri,Starts in 1-3 months,https://www.naukri.com/job-listings-pmo-intern-bahwan-cybertek-chennai-0-to-5-years-270526503303
Data Analytics Internship | 2026,Winzo,New Delhi,Not Available,Unpaid,Not Available,Data Science Intern,Naukri,Starts in 1-3 months,https://www.naukri.com/job-listings-data-analytics-internship-2026-winzo-games-new-delhi-2-to-3-years-260526505670
Associate Engineer - AI/ML with Python,HARMAN India,Bengaluru,Not Available,Unpaid,Not Available,Data Science Intern,Naukri,Starts in 1-3 months,https://www.naukri.com/job-listings-associate-engineer-ai-ml-with-python-harman-india-bengaluru-0-to-1-years-180526500553
Executive Analyst,Crisil,Chennai,Not Available,Unpaid,Not Available,Data Science Intern,Naukri,Starts in 1-3 months,https://www.naukri.com/job-listings-executive-analyst-crisil-chennai-1-to-4-years-030625502965
Associate Data Engineer,Ziff Davis,Remote,Not Available,Unpaid,Not Available,Data Science Intern,Naukri,Starts in 1-3 months,https://www.naukri.com/job-listings-associate-data-engineer-ziff-davis-remote-0-to-1-years-190526503419
Venture Strategy & Research Analyst Intern,Yasham Academy Com,Akola,Not Available,Unpaid,Not Available,Data Science Intern,Naukri,Starts in 1-3 months,https://www.naukri.com/job-listings-venture-strategy-research-analyst-intern-yasham-academy-akola-0-to-1-years-270126506180
Sustainability Operations Intern,Fusionpact Technologies,Rishikesh,Not Available,Unpaid,Not Available,Data Science Intern,Naukri,Starts in 1-3 months,https://www.naukri.com/job-listings-sustainability-operations-intern-fusionpact-technologies-inc-rishikesh-0-to-6-years-030626505461
AI Engineer Intern,Elliot Systems,Pune,Not Available,Unpaid,Not Available,Data Science Intern,Naukri,Starts in 1-3 months,https://www.naukri.com/job-listings-ai-engineer-intern-elliot-systems-pune-0-to-2-years-030626504745
Field Intern,RUDRA ANLYTICS,Pune,Not Available,Unpaid,Not Available,Data Science Intern,Naukri,Starts in 1-3 months,https://www.naukri.com/job-listings-field-intern-rudra-anlytics-pune-0-to-1-years-140526500463
Software Engineering & AI Technology Intern,Datamaze Solutions,Hyderabad,Not Available,Unpaid,Not Available,Data Science Intern,Naukri,Starts in 1-3 months,https://www.naukri.com/job-listings-software-engineering-ai-technology-intern-datamaze-solutions-hyderabad-0-to-1-years-020626500165
Data Engineer ( Fresher ),360DigiTMG,Hyderabad,Not Available,"15,000/month",Not Available,Data Science Intern,Naukri,Starts in 1-3 months,https://www.naukri.com/job-listings-data-engineer-fresher-360digitmg-hyderabad-0-to-3-years-180825503980
Data Engineer Trainee,360DigiTMG,Hyderabad,Not Available,"18,000/month",Not Available,Data Science Intern,Naukri,Starts in 1-3 months,https://www.naukri.com/job-listings-data-engineer-trainee-360digitmg-hyderabad-0-to-1-years-180825504086
Data Scientist (Internship & Full-Time),360DigiTMG,Hyderabad,Not Available,Unpaid,Not Available,Data Science Intern,Naukri,Starts in 1-3 months,https://www.naukri.com/job-listings-data-scientist-internship-full-time-360digitmg-hyderabad-3-to-8-years-180825502960
Front-end Developer - Intern,AI Monks,Remote,Not Available,"6,000/month",Not Available,Data Science Intern,Naukri,Starts in 1-3 months,https://www.naukri.com/job-listings-front-end-developer-intern-ai-monks-remote-0-to-2-years-280425505831
Optics Design Intern,Satsure Analytics,Bengaluru,Not Available,Unpaid,Not Available,Data Science Intern,Naukri,Starts in 1-3 months,https://www.naukri.com/job-listings-optics-design-intern-satsure-analytics-india-pvt-ltd-bengaluru-0-to-1-years-120226504833
Business Development Associate,Greendzine,Bengaluru,Not Available,"30,000/month",Not Available,Data Science Intern,Naukri,Starts in 1-3 months,https://www.naukri.com/job-listings-business-development-associate-greendzine-technologies-bengaluru-0-to-1-years-110526503823
Software Engineer Trainee,Enterprise State Of The Art Software,Bengaluru,Not Available,Unpaid,Not Available,Data Science Intern,Naukri,Starts in 1-3 months,https://www.naukri.com/job-listings-software-engineer-trainee-enterprise-state-of-the-art-software-bengaluru-0-to-1-years-281124500130
Data Research Executive Trainee,Ismartrecruit,Rajkot,Not Available,Unpaid,Not Available,Data Science Intern,Naukri,Starts in 1-3 months,https://www.naukri.com/job-listings-data-research-executive-trainee-ismartrecruit-rajkot-0-to-1-years-070526501984
BSW Intern,Arissa India,Bengaluru,Not Available,Unpaid,Not Available,Data Science Intern,Naukri,Starts in 1-3 months,https://www.naukri.com/job-listings-bsw-intern-arissa-india-bengaluru-0-to-2-years-061125502207
Python ML and Data Mining Developer,Onprice Infotech,"Bhopal, Bengaluru",Not Available,Unpaid,Not Available,Data Science Intern,Naukri,Starts in 1-3 months,https://www.naukri.com/job-listings-python-ml-and-data-mining-developer-onprice-infotech-pvt-ltd-bhopal-bengaluru-2-to-6-years-191023501071
Senior Data Analyst - Marketing,Sleek Tech,Remote,Not Available,Unpaid,Not Available,Data Science Intern,Naukri,Starts in 1-3 months,https://www.naukri.com/job-listings-senior-data-analyst-marketing-sleek-tech-remote-8-to-13-years-230326505716
AI Research Intern,Spotflock Technologies,Hyderabad,Not Available,Unpaid,Not Available,Data Science Intern,Naukri,Starts in 1-3 months,https://www.naukri.com/job-listings-ai-research-intern-spotflock-technologies-pvt-ltd-hyderabad-0-to-5-years-280526505142
Intern,iQor,Noida,Not Available,Unpaid,Not Available,Data Science Intern,Naukri,Starts in 1-3 months,https://www.naukri.com/job-listings-intern-iqor-noida-0-to-3-years-010426504457
Prompt Engineer Intern,Tensorgo Technologies,Hyderabad,Not Available,Unpaid,Not Available,Data Science Intern,Naukri,Starts in 1-3 months,https://www.naukri.com/job-listings-prompt-engineer-intern-tensorgo-technologies-private-limited-hyderabad-0-to-3-years-010925504138
Python Intern,Logiqlink Technologies,Indore,Not Available,Unpaid,Not Available,Data Science Intern,Naukri,Starts in 1-3 months,https://www.naukri.com/job-listings-python-intern-logiqlink-technologies-indore-0-to-5-years-120526502587
AI Engineer Intern,Servoedge Technologies,Noida,Not Available,Unpaid,Not Available,Data Science Intern,Naukri,Starts in 1-3 months,https://www.naukri.com/job-listings-ai-engineer-intern-servoedge-technologies-noida-0-to-5-years-010925504141
AI Prompt Engineer Intern,Alea It Solutions,Jaipur,Not Available,Unpaid,Not Available,Data Science Intern,Naukri,Starts in 1-3 months,https://www.naukri.com/job-listings-ai-prompt-engineer-intern-alea-it-solutions-jaipur-0-to-2-years-050526501582
Subject Matter Expert Intern : AI/ML,Newton School,Sonipat,Not Available,Unpaid,Not Available,Data Science Intern,Naukri,Starts in 1-3 months,https://www.naukri.com/job-listings-subject-matter-expert-intern-ai-ml-newton-school-sonipat-0-to-2-years-190526501789
AI Intern - R&D,360DigiTMG,Chennai,Not Available,Unpaid,Not Available,Data Science Intern,Naukri,Starts in 1-3 months,https://www.naukri.com/job-listings-ai-intern-r-d-360digitmg-chennai-0-to-1-years-180825504095
Intern - Generative AI,Analytics Vidhya,Gurugram,Not Available,Unpaid,Not Available,Data Science Intern,Naukri,Starts in 1-3 months,https://www.naukri.com/job-listings-intern-generative-ai-analytics-vidhya-educon-pvt-ltd-gurugram-0-to-1-years-071025503545
AI Intern - GenAI,360DigiTMG,Chennai,Not Available,Unpaid,Not Available,Data Science Intern,Naukri,Starts in 1-3 months,https://www.naukri.com/job-listings-ai-intern-genai-360digitmg-chennai-0-to-1-years-180825504094
Intern,Vialto Partners,Hyderabad,Not Available,Unpaid,Not Available,Data Science Intern,Naukri,Starts in 1-3 months,https://www.naukri.com/job-listings-intern-vialto-partners-hyderabad-0-to-1-years-081025504009
INTERN,Kilonewtons,Hyderabad,Not Available,Unpaid,Not Available,Data Science Intern,Naukri,Starts in 1-3 months,https://www.naukri.com/job-listings-intern-kilonewtons-hyderabad-0-to-1-years-260326503219
AI Automation Intern,Kyptronix,Kolkata,Not Available,Unpaid,Not Available,Data Science Intern,Naukri,Starts in 1-3 months,https://www.naukri.com/job-listings-ai-automation-intern-kyptronix-llp-kolkata-0-to-1-years-290426500676
Customer Engagement Intern,Analytics Vidhya,Gurugram,Not Available,Unpaid,Not Available,Data Science Intern,Naukri,Starts in 1-3 months,https://www.naukri.com/job-listings-customer-engagement-intern-analytics-vidhya-educon-pvt-ltd-gurugram-0-to-1-years-071025503544
Community Success Intern,Cloud Counselage,Mumbai,Not Available,Unpaid,Not Available,Data Science Intern,Naukri,Starts in 1-3 months,https://www.naukri.com/job-listings-community-success-intern-cloud-counselage-pvt-ltd-mumbai-0-to-1-years-301225508017
Intern,Affle,Gurugram,Not Available,Unpaid,Not Available,Data Science Intern,Naukri,Starts in 1-3 months,https://www.naukri.com/job-listings-intern-affle-gurugram-0-to-1-years-170326503527
Data Engineer,Cummins,Pune,Not Available,Unpaid,Not Available,Data Science Intern,Naukri,Starts in 1-3 months,https://www.naukri.com/job-listings-data-engineer-cummins-inc-pune-4-to-6-years-130526501314
Sales Intern,Datacouch,Mohali,Not Available,Unpaid,Not Available,Data Science Intern,Naukri,Starts in 1-3 months,https://www.naukri.com/job-listings-sales-intern-datacouch-mohali-0-to-1-years-051124503161
AI Intern - Freshers,Centric Edu,Chennai,Not Available,"15,000/month",Not Available,Data Science Intern,Naukri,Starts within 1 month,https://www.naukri.com/job-listings-ai-intern-freshers-centric-edu-chennai-0-to-1-years-270526020769
Intern - RS GIS,Iora Ecological Solutions,New Delhi,Not Available,"15,000/month",Not Available,Data Science Intern,Naukri,Starts in 1-3 months,https://www.naukri.com/job-listings-intern-rs-gis-iora-ecological-solutions-new-delhi-0-to-2-years-040923500783
Internship AI ML Intern,Data Foundry,Remote,Not Available,Unpaid,Not Available,Data Science Intern,Naukri,Starts in 1-3 months,https://www.naukri.com/job-listings-internship-ai-ml-intern-datafoundry-remote-0-to-1-years-030226503165
Artificial Intelligence (CoPilot AI) Intern,Cloud Counselage,Mumbai,Not Available,Unpaid,Not Available,Data Science Intern,Naukri,Starts in 1-3 months,https://www.naukri.com/job-listings-artificial-intelligence-copilot-ai-intern-cloud-counselage-pvt-ltd-mumbai-0-to-3-years-301225507914
Intern - Analytics,Chi Networks,New Delhi,Not Available,Unpaid,Not Available,Data Science Intern,Naukri,Starts in 1-3 months,https://www.naukri.com/job-listings-intern-analytics-chi-networks-india-pvt-ltd-new-delhi-0-to-1-years-110526503905
Associate Engineer - AI/ML with Python,HARMAN India,Thiruvananthapuram,Not Available,Unpaid,Not Available,Data Science Intern,Naukri,Starts in 1-3 months,https://www.naukri.com/job-listings-associate-engineer-ai-ml-with-python-harman-india-thiruvananthapuram-0-to-1-years-130526502115
Jr. Data Analyst,Cloud Counselage,Mumbai,Not Available,Unpaid,Not Available,Data Science Intern,Naukri,Starts in 1-3 months,https://www.naukri.com/job-listings-jr-data-analyst-cloud-counselage-pvt-ltd-mumbai-1-to-2-years-301225507900
Google Ads Intern,Scaleacres Promotech,New Delhi,Not Available,Unpaid,Not Available,Data Science Intern,Naukri,Starts in 1-3 months,https://www.naukri.com/job-listings-google-ads-intern-scale-acres-new-delhi-0-to-1-years-240725503916
Cyber Security & DevSecOps Intern,Refonte Infini,Remote,Not Available,Unpaid,Not Available,Data Science Intern,Naukri,Starts in 1-3 months,https://www.naukri.com/job-listings-cyber-security-devsecops-intern-refonte-infini-remote-0-to-1-years-070325503173
Intern,Nutrabay,Gurugram,Not Available,Unpaid,Not Available,Data Science Intern,Naukri,Starts in 1-3 months,https://www.naukri.com/job-listings-intern-nutrabay-gurugram-0-to-5-years-110526501005
Business Analytics Intern,Refonte Infini,Remote,Not Available,Unpaid,Not Available,Data Science Intern,Naukri,Starts in 1-3 months,https://www.naukri.com/job-listings-business-analytics-intern-refonte-infini-remote-0-to-1-years-070325503176
Intern,Jsr Architect,Erode,Not Available,Unpaid,Not Available,Data Science Intern,Naukri,Starts in 1-3 months,https://www.naukri.com/job-listings-intern-jsr-architects-erode-0-to-5-years-270825502611
Facebook Ads Intern,Scaleacres Promotech,New Delhi,Not Available,Unpaid,Not Available,Data Science Intern,Naukri,Starts in 1-3 months,https://www.naukri.com/job-listings-facebook-ads-intern-scale-acres-new-delhi-0-to-1-years-240725503915
Associate Engineer,Go Digital Technology Consulting,Mumbai,Not Available,Unpaid,Not Available,Data Science Intern,Naukri,Starts in 1-3 months,https://www.naukri.com/job-listings-associate-engineer-go-digital-technology-consulting-mumbai-0-to-1-years-100325501893
Sales and BD Intern,Geostat Informatics,Noida,Not Available,Unpaid,Not Available,Data Science Intern,Naukri,Starts in 1-3 months,https://www.naukri.com/job-listings-sales-and-bd-intern-geostat-informatics-noida-0-to-1-years-220925504285
AI Intern - Backend,360DigiTMG,Chennai,Not Available,Unpaid,Not Available,Data Science Intern,Naukri,Starts in 1-3 months,https://www.naukri.com/job-listings-ai-intern-backend-360digitmg-chennai-0-to-1-years-180825504093
Product Management Intern,Moneeflo,Noida,Not Available,Unpaid,Not Available,Data Science Intern,Naukri,Starts in 1-3 months,https://www.naukri.com/job-listings-product-management-intern-moneeflo-noida-0-to-3-years-091224505278
SALES AND MARKETING INTERN,Seebec Utilities,Hyderabad,Not Available,Unpaid,Not Available,Data Science Intern,Naukri,Starts in 1-3 months,https://www.naukri.com/job-listings-sales-and-marketing-intern-seebec-utilities-hyderabad-0-to-1-years-180121500382
SALES AND MARKETING INTERN,Simpler Utilities,Hyderabad,Not Available,Unpaid,Not Available,Data Science Intern,Naukri,Starts in 1-3 months,https://www.naukri.com/job-listings-sales-and-marketing-intern-simpler-utilities-private-limited-hyderabad-0-to-1-years-260325504860
Customer support & success Intern,Apps Mav,Chennai,Not Available,Unpaid,Not Available,Data Science Intern,Naukri,Starts in 1-3 months,https://www.naukri.com/job-listings-customer-support-success-intern-appsmav-chennai-0-to-1-years-171125501059
Intern/Jr Business Analyst,Stratycon Business Solutions Pvt Ltd,Bengaluru,Not Available,Unpaid,Not Available,Data Science Intern,Naukri,Starts in 1-3 months,https://www.naukri.com/job-listings-intern-jr-business-analyst-stratycon-business-solutions-pvt-ltd-bengaluru-0-to-2-years-190625506491
Programming Intern,Fifth Generation Technologies,Chennai,Not Available,Unpaid,Not Available,Data Science Intern,Naukri,Starts in 1-3 months,https://www.naukri.com/job-listings-programming-intern-fifth-generation-technologies-india-p-ltd-chennai-5-to-8-years-180223500772
Business Associate,Zentrades,Pune,Not Available,Unpaid,Not Available,Data Science Intern,Naukri,Starts in 1-3 months,https://www.naukri.com/job-listings-business-associate-zentrades-inc-pune-0-to-1-years-260725501702
VU - Business Associate,Zentrades,Pune,Not Available,Unpaid,Not Available,Data Science Intern,Naukri,Starts in 1-3 months,https://www.naukri.com/job-listings-vu-business-associate-zentrades-inc-pune-0-to-1-years-220925504178
Business Associate Internship,Zentrades,Pune,Not Available,Unpaid,Not Available,Data Science Intern,Naukri,Starts : 1st Sep' 25,https://www.naukri.com/job-listings-business-associate-internship-zentrades-inc-pune-0-to-1-years-220925504172
LPU - Business Associate Internship,Zentrades,Pune,Not Available,Unpaid,Not Available,Data Science Intern,Naukri,Starts in 1-3 months,https://www.naukri.com/job-listings-lpu-business-associate-internship-zentrades-inc-pune-0-to-1-years-141025503450
Internship,Adela Electricals,Sonipat,Not Available,Unpaid,Not Available,Data Science Intern,Naukri,Starts in 1-3 months,https://www.naukri.com/job-listings-internship-adela-electricals-private-limited-sonipat-0-to-1-years-071025503551
Artificial Intelligence Intern,Smashr Global,Delhi / NCR,Not Available,"5,000/month",Not Available,Data Science Intern,Naukri,Starts within 1 month,https://www.naukri.com/job-listings-artificial-intelligence-intern-smashr-global-delhi-ncr-0-to-1-years-130526014084
Customer Support Intern,Trade Jinni,Bengaluru,Not Available,"21,000/month",Not Available,Data Science Intern,Naukri,Starts in 1-3 months,https://www.naukri.com/job-listings-customer-support-intern-trade-jinni-bengaluru-0-to-1-years-240925507599
Marketing Analytics Intern,Tatvaops By Eroei Tech,Bengaluru,Not Available,"10,000/month",Not Available,Data Science Intern,Naukri,Starts within 1 month,https://www.naukri.com/job-listings-marketing-analytics-intern-tatvaops-by-eroei-tech-bengaluru-0-to-1-years-210526022588
Research Intern,Aryma Labs,"Hyderabad, Ahmedabad, Bengaluru",Not Available,Unpaid,Not Available,Data Science Intern,Naukri,Starts in 1-3 months,https://www.naukri.com/job-listings-research-intern-aryma-labs-hyderabad-ahmedabad-bengaluru-1-to-2-years-200924505106
Business Analyst Intern,360DigiTMG,Hyderabad,Not Available,Unpaid,Not Available,Data Science Intern,Naukri,Starts in 1-3 months,https://www.naukri.com/job-listings-business-analyst-intern-360digitmg-hyderabad-0-to-1-years-180825504088
AI & Data Intern / Junior AI Associate,360DigiTMG,Bengaluru,Not Available,Unpaid,Not Available,Data Science Intern,Naukri,Starts in 1-3 months,https://www.naukri.com/job-listings-ai-data-intern-junior-ai-associate-360digitmg-bengaluru-3-to-4-years-180825503279
Intern - Applied Computer Vision Engineer,Syook,Bengaluru,Not Available,Unpaid,Not Available,Data Science Intern,Naukri,Starts in 1-3 months,https://www.naukri.com/job-listings-intern-applied-computer-vision-engineer-syook-bengaluru-0-to-1-years-090525502102
Internship with EIPL,Edugyan Infotech Noida,"Bhopal, Mumbai, Ghaziabad",Not Available,Unpaid,Not Available,Data Science Intern,Naukri,Starts in 1-3 months,https://www.naukri.com/job-listings-internship-with-eipl-edugyan-infotech-private-limited-bhopal-mumbai-ghaziabad-1-to-2-years-061025504375
Data Engineer,Krishna Technologies,Bengaluru,Not Available,Unpaid,Not Available,Data Science Intern,Naukri,Starts in 1-3 months,https://www.naukri.com/job-listings-data-engineer-krishna-technologies-bengaluru-3-to-5-years-010323500633
Machine Learning Operations Intern,360DigiTMG,Hyderabad,Not Available,Unpaid,Not Available,Data Science Intern,Naukri,Starts in 1-3 months,https://www.naukri.com/job-listings-machine-learning-operations-intern-360digitmg-hyderabad-3-to-4-years-160925502772
Applied AI & Machine Learning - Intern,360DigiTMG,Hyderabad,Not Available,Unpaid,Not Available,Data Science Intern,Naukri,Starts in 1-3 months,https://www.naukri.com/job-listings-applied-ai-machine-learning-intern-360digitmg-hyderabad-3-to-4-years-180825503280
Machine Learning Intern,360DigiTMG,Hyderabad,Not Available,Unpaid,Not Available,Data Science Intern,Naukri,Starts in 1-3 months,https://www.naukri.com/job-listings-machine-learning-intern-360digitmg-hyderabad-3-to-5-years-160925502773
Machine Learning Intern,Codemonk,Bengaluru,Not Available,Unpaid,Not Available,Data Science Intern,Naukri,Starts in 1-3 months,https://www.naukri.com/job-listings-machine-learning-intern-codemonk-bengaluru-0-to-1-years-050225506154
Business Analyst Traineeship,Gigafactor Solutions,Bengaluru,Not Available,Unpaid,Not Available,Data Science Intern,Naukri,Starts in 1-3 months,https://www.naukri.com/job-listings-business-analyst-traineeship-gigafactor-solutions-bengaluru-0-to-4-years-300126501865
People Operations Intern,Rubrik,Bengaluru,Not Available,Unpaid,Not Available,Data Science Intern,Naukri,Starts in 1-3 months,https://www.naukri.com/job-listings-people-operations-intern-rubrik-bengaluru-0-to-2-years-200426500151
Junior Image Analyst,Galaxeye Space,Bengaluru,Not Available,Unpaid,Not Available,Data Science Intern,Naukri,Starts in 1-3 months,https://www.naukri.com/job-listings-junior-image-analyst-galaxeye-space-bengaluru-0-to-2-years-120526503428
Associate Consultant - Entry Level (Analyst),Huron,Bengaluru,Not Available,Unpaid,Not Available,Data Science Intern,Naukri,Starts in 1-3 months,https://www.naukri.com/job-listings-associate-consultant-entry-level-analyst-huron-consulting-group-bengaluru-0-to-2-years-160126503001
Intern,Crisil,"Mumbai, Pune",Not Available,Unpaid,Not Available,Data Science Intern,Naukri,Starts in 1-3 months,https://www.naukri.com/job-listings-intern-crisil-mumbai-pune-0-to-2-years-050626500294
Intern - Finance (Regulatory Reporting),oaknorth.ai,Gurugram,Not Available,Unpaid,Not Available,Data Science Intern,Naukri,Starts in 1-3 months,https://www.naukri.com/job-listings-intern-finance-regulatory-reporting-oaknorth-ai-gurugram-1-to-3-years-110326505094
Apprentice,AMERICAN EXPRESS,Gurugram,Not Available,Unpaid,Not Available,Data Science Intern,Naukri,Starts in 1-3 months,https://www.naukri.com/job-listings-apprentice-american-express-india-gurugram-0-to-1-years-020626500915
AI/ML Engineer,Relinns,Mohali,Not Available,Unpaid,Not Available,Data Science Intern,Naukri,Starts in 1-3 months,https://www.naukri.com/job-listings-ai-ml-engineer-relinns-technologies-mohali-1-to-4-years-060225502948
Internship- AI Engineer,Viga Entertainment Technology,Bengaluru,Not Available,Unpaid,Not Available,Data Science Intern,Naukri,Starts in 1-3 months,https://www.naukri.com/job-listings-internship-ai-engineer-viga-entertainment-technology-private-limited-bengaluru-0-to-1-years-080125506691
AI Research & Development Intern,Hir Infotech,Ahmedabad,Not Available,Unpaid,Not Available,Data Science Intern,Naukri,Starts in 1-3 months,https://www.naukri.com/job-listings-ai-research-development-intern-hir-infotech-pvt-ltd-ahmedabad-0-to-1-years-300925505153
Natural Language Processing (NLP) Intern,Hir Infotech,Ahmedabad,Not Available,Unpaid,Not Available,Data Science Intern,Naukri,Starts in 1-3 months,https://www.naukri.com/job-listings-natural-language-processing-nlp-intern-hir-infotech-pvt-ltd-ahmedabad-0-to-1-years-300925505152
MIS Intern,Yoursdesk Bizcon,"Kolkata, Mumbai, New Delhi, Hyderabad, Pune, Chennai, Bengaluru",Not Available,Unpaid,Not Available,Data Science Intern,Naukri,Starts in 1-3 months,https://www.naukri.com/job-listings-mis-intern-yoursdesk-bizcon-kolkata-mumbai-new-delhi-hyderabad-pune-chennai-bengaluru-0-to-1-years-111124503772
Internship,Breakthrough Management Group International,Mumbai,Not Available,Unpaid,Not Available,Data Science Intern,Naukri,Starts in 1-3 months,https://www.naukri.com/job-listings-internship-bmgindia-mumbai-0-to-1-years-081025501219
SRM - Business Associate,Zentrades,Pune,Not Available,Unpaid,Not Available,Data Science Intern,Naukri,Starts in 1-3 months,https://www.naukri.com/job-listings-srm-business-associate-zentrades-inc-pune-0-to-1-years-120925505323
Urgent Hiring Trainee AI Developer (Guntur)- AI/ML or Related Field,Bookxpert,Guntur,Not Available,"20,000/month",Not Available,Data Science Intern,Naukri,Starts within 1 month,https://www.naukri.com/job-listings-urgent-hiring-trainee-ai-developer-guntur-ai-ml-or-related-field-bookxpert-guntur-0-to-1-years-080426030371
Python Intern,Cloud Counselage,Mumbai,Not Available,Unpaid,Not Available,Data Science Intern,Naukri,Starts in 1-3 months,https://www.naukri.com/job-listings-python-intern-cloud-counselage-pvt-ltd-mumbai-0-to-1-years-301225508000
Trend Research Internship,F-trend,Remote,Not Available,Unpaid,Not Available,Data Science Intern,Naukri,Starts in 1-3 months,https://www.naukri.com/job-listings-trend-research-internship-f-trend-remote-0-to-1-years-251125504924
AI Architecture Intern,Pgagi,Remote,Not Available,"20,000/month",Not Available,Data Science Intern,Naukri,Starts in 1-3 months,https://www.naukri.com/job-listings-ai-architecture-intern-pgagi-remote-0-to-1-years-210425502856
Business Analyst Intern,Superteams Ai,New Delhi,Not Available,Unpaid,Not Available,Data Science Intern,Naukri,Starts in 1-3 months,https://www.naukri.com/job-listings-business-analyst-intern-superteams-ai-new-delhi-0-to-1-years-111124503786
Internship,Sheeko,New Delhi,Not Available,Unpaid,Not Available,Data Science Intern,Naukri,Starts in 1-3 months,https://www.naukri.com/job-listings-internship-sheeko-new-delhi-0-to-3-years-290819501879
AI Stack Intern / Junior Associate,Lifesight,Bengaluru,Not Available,Unpaid,Not Available,Data Science Intern,Naukri,Starts in 1-3 months,https://www.naukri.com/job-listings-ai-stack-intern-junior-associate-lifesight-bengaluru-0-to-2-years-300426503753
Business Analyst - Fresher,Driftpoint Technologies,Jaipur,Not Available,Unpaid,Not Available,Data Science Intern,Naukri,Starts in 1-3 months,https://www.naukri.com/job-listings-business-analyst-fresher-driftpoint-technologies-jaipur-0-to-5-years-290526506310
AI/ML Internship,Immverse,"Mumbai, Nagpur, Thane, Nashik, Pune, Aurangabad",Not Available,Unpaid,Not Available,Data Science Intern,Naukri,Starts in 1-3 months,https://www.naukri.com/job-listings-ai-ml-internship-immverseai-mumbai-nagpur-thane-nashik-pune-aurangabad-0-to-1-years-250526504732
AI Intern,Karomi Technology,Chennai,Not Available,Unpaid,Not Available,Data Science Intern,Naukri,Starts in 1-3 months,https://www.naukri.com/job-listings-ai-intern-karomi-technologies-chennai-0-to-1-years-231225503370
Catastrophe Risk Intern,Scor,Mumbai,Not Available,Unpaid,Not Available,Data Science Intern,Naukri,Starts in 1-3 months,https://www.naukri.com/job-listings-catastrophe-risk-intern-scor-india-mumbai-0-to-1-years-150126503853
Assistant Manager - Accounts,Reconnect Energy Solutions,Bengaluru,Not Available,Unpaid,Not Available,Data Science Intern,Naukri,Starts in 1-3 months,https://www.naukri.com/job-listings-assistant-manager-accounts-reconnect-energy-bengaluru-5-to-7-years-130526501117
GenAI DevOps Intern,Artpark,Bengaluru,Not Available,Unpaid,Not Available,Data Science Intern,Naukri,Starts in 1-3 months,https://www.naukri.com/job-listings-genai-devops-intern-artpark-bengaluru-0-to-5-years-130426500945
Artificial Intelligence Intern,NWS Soft Consulting,Pune,Not Available,Unpaid,Not Available,Data Science Intern,Naukri,Starts : 16th Jun' 26,https://www.naukri.com/job-listings-artificial-intelligence-intern-nws-soft-consulting-pune-0-to-1-years-290526011652
AI/ML Intern,Pgagi,Remote,Not Available,"20,000/month",Not Available,Data Science Intern,Naukri,Starts in 1-3 months,https://www.naukri.com/job-listings-ai-ml-intern-pgagi-remote-0-to-1-years-260325504806
Software development Professional,Highered Bpo,Bengaluru,Not Available,Unpaid,Not Available,Data Science Intern,Naukri,Starts in 1-3 months,https://www.naukri.com/job-listings-software-development-professional-highered-bpo-bengaluru-1-to-5-years-250925507406
Business Analyst Intern,Daiom,Gurugram,Not Available,"20,000/month",Not Available,Data Science Intern,Naukri,Starts in 1-3 months,https://www.naukri.com/job-listings-business-analyst-intern-daiom-gurugram-0-to-3-years-240424500920
Business Analyst Intern,Coloredcow,Gurugram,Not Available,"17,500/month",Not Available,Data Science Intern,Naukri,Starts in 1-3 months,https://www.naukri.com/job-listings-business-analyst-intern-coloredcow-gurugram-0-to-1-years-210823501214
Campus - BI Consultant,Thoucentric,"Hubli, Mangaluru, Mysuru, Bengaluru, Belgaum",Not Available,Unpaid,Not Available,Data Science Intern,Naukri,Starts in 1-3 months,https://www.naukri.com/job-listings-campus-bi-consultant-thoucentric-hubli-mangaluru-mysuru-bengaluru-belgaum-2-to-5-years-210625501547
AI Internship,TalaKunchi,Mumbai,Not Available,Unpaid,Not Available,Data Science Intern,Naukri,Starts in 1-3 months,https://www.naukri.com/job-listings-ai-internship-talakunchi-networks-private-limited-mumbai-0-to-1-years-210325505889
Internship,ATV Legal,Bengaluru,Not Available,Unpaid,Not Available,Data Science Intern,Naukri,Starts in 1-3 months,https://www.naukri.com/job-listings-internship-atv-legal-bengaluru-1-to-2-years-200426503083
Digital Marketing Intern,Analytics Vidhya,Gurugram,Not Available,Unpaid,Not Available,Data Science Intern,Naukri,Starts in 1-3 months,https://www.naukri.com/job-listings-digital-marketing-intern-analytics-vidhya-educon-pvt-ltd-gurugram-0-to-1-years-181125504498
Intern fresher role - DATA,Dbiz.ai,Kochi,Not Available,Unpaid,Not Available,Data Science Intern,Naukri,Starts in 1-3 months,https://www.naukri.com/job-listings-intern-fresher-role-data-dbiz-consulting-kochi-0-to-2-years-150126503677
Technical Analyst Intern,Apps Mav,Chennai,Not Available,Unpaid,Not Available,Data Science Intern,Naukri,Starts in 1-3 months,https://www.naukri.com/job-listings-technical-analyst-intern-appsmav-chennai-0-to-1-years-131125503456
Tech Generalist Intern,Nurix Ai,"Hubli, Mangaluru, Mysuru, Bengaluru, Belgaum",Not Available,Unpaid,Not Available,Data Science Intern,Naukri,Starts within 1 month,https://www.naukri.com/job-listings-tech-generalist-intern-nurix-ai-hubli-mangaluru-mysuru-bengaluru-belgaum-0-to-1-years-110326507224
Business Analyst Intern,Internet Soft,Pune,Not Available,Unpaid,Not Available,Data Science Intern,Naukri,Starts in 1-3 months,https://www.naukri.com/job-listings-business-analyst-intern-internet-soft-pune-0-to-1-years-091224504235
Internships,Quantumzyme,Bengaluru,Not Available,Unpaid,Not Available,Data Science Intern,Naukri,Starts in 1-3 months,https://www.naukri.com/job-listings-internships-quantumzyme-bengaluru-0-to-4-years-030925503429
Computer Vision Engineer Intern,Virtualace In,Remote,Not Available,Unpaid,Not Available,Data Science Intern,Naukri,Starts in 1-3 months,https://www.naukri.com/job-listings-computer-vision-engineer-intern-virtualace-remote-0-to-1-years-030425503371
Computer Vision Intern - TensorGo,Tensorgo Technologies,Hyderabad,Not Available,Unpaid,Not Available,Data Science Intern,Naukri,Starts in 1-3 months,https://www.naukri.com/job-listings-computer-vision-intern-tensorgo-tensorgo-technologies-private-limited-hyderabad-0-to-3-years-010725500874
AI ENGINEER,Logibee,Bengaluru,Not Available,Unpaid,Not Available,Data Science Intern,Naukri,Starts in 1-3 months,https://www.naukri.com/job-listings-ai-engineer-logibee-bengaluru-3-to-8-years-130723502009
Current Product Reliability Engineer,Cummins,Pune,Not Available,Unpaid,Not Available,Data Science Intern,Naukri,Starts in 1-3 months,https://www.naukri.com/job-listings-current-product-reliability-engineer-cummins-inc-pune-3-to-7-years-290526506429
Pioneer Talent Program - AI Application Engineer,Binance,Remote,Not Available,Unpaid,Not Available,Data Science Intern,Naukri,Starts in 1-3 months,https://www.naukri.com/job-listings-pioneer-talent-program-ai-application-engineer-binance-remote-0-to-3-years-240426503088
Video Production Intern / Visual Storyteller Intern,Angel One,Mumbai (All Areas),Not Available,"20,000/month",Not Available,Data Science Intern,Naukri,Starts within 1 month,https://www.naukri.com/job-listings-video-production-intern-visual-storyteller-intern-angel-one-mumbai-all-areas-0-to-1-years-240426021946
Trainee AI engineers,Pozent,Chennai,Not Available,Unpaid,Not Available,Data Science Intern,Naukri,Starts in 1-3 months,https://www.naukri.com/job-listings-trainee-ai-engineers-pozent-chennai-0-to-3-years-230426503044
Young Professional/Intern,CRF - Chest Research Foundation,New Delhi,Not Available,"50,000/month",Not Available,Data Science Intern,Naukri,Starts in 1-3 months,https://www.naukri.com/job-listings-young-professional-intern-crf-chest-research-foundation-new-delhi-0-to-1-years-130226503362
Power System engineer,Mobineers Info Systems,New Delhi,Not Available,"25,000/month",Not Available,Data Science Intern,Naukri,Starts within 1 month,https://www.naukri.com/job-listings-power-system-engineer-mobineers-info-systems-new-delhi-0-to-1-years-060526024087
Support Senior/Developer,Nextracker,Hyderabad,Not Available,Unpaid,Not Available,Data Science Intern,Naukri,Starts in 1-3 months,https://www.naukri.com/job-listings-support-senior-developer-nextracker-inc-hyderabad-3-to-7-years-010526500302
Advance Excel Intern,Training Basket,Noida,Not Available,Unpaid,Not Available,Data Science Intern,Naukri,Starts in 1-3 months,https://www.naukri.com/job-listings-advance-excel-intern-training-basket-noida-0-to-1-years-010426504434
Business Analyst Intern,Cloud Counselage,Mumbai,Not Available,Unpaid,Not Available,Data Science Intern,Naukri,Starts in 1-3 months,https://www.naukri.com/job-listings-business-analyst-intern-cloud-counselage-pvt-ltd-mumbai-0-to-1-years-301225508074
Growth Strategy Intern,Cloud Counselage,Mumbai,Not Available,Unpaid,Not Available,Data Science Intern,Naukri,Starts in 1-3 months,https://www.naukri.com/job-listings-growth-strategy-intern-cloud-counselage-pvt-ltd-mumbai-0-to-1-years-301225507836
Associate Business Analyst,Dentsu Webchutney,Madhubani,Not Available,Unpaid,Not Available,Data Science Intern,Naukri,Starts in 1-3 months,https://www.naukri.com/job-listings-associate-business-analyst-dentsu-inc-madhubani-0-to-1-years-270326503017
Business Intern,Coolgen Solutions,"Nagercoil, Coimbatore",Not Available,Unpaid,Not Available,Data Science Intern,Naukri,Starts in 1-3 months,https://www.naukri.com/job-listings-business-intern-coolgen-solutions-nagercoil-coimbatore-0-to-1-years-270126504130
Sales - Intern,Ourbus India,New Delhi,Not Available,Unpaid,Not Available,Data Science Intern,Naukri,Starts in 1-3 months,https://www.naukri.com/job-listings-sales-intern-ourbus-new-delhi-0-to-1-years-260825503109
Intern Research & Data Support,Bright Future,Mumbai,Not Available,Unpaid,Not Available,Data Science Intern,Naukri,Starts in 1-3 months,https://www.naukri.com/job-listings-intern-research-data-support-bright-future-india-mumbai-0-to-1-years-250825505191
ML / AI internship,Appobile Labs,Dombivli,Not Available,Unpaid,Not Available,Data Science Intern,Naukri,Starts in 1-3 months,https://www.naukri.com/job-listings-ml-ai-internship-appobile-labs-dombivli-0-to-1-years-190922500524
Associate Business Analyst,Dentsu Webchutney,Pune,Not Available,Unpaid,Not Available,Data Science Intern,Naukri,Starts in 1-3 months,https://www.naukri.com/job-listings-associate-business-analyst-dentsu-inc-pune-0-to-1-years-190326502890
Engineering Manager - Databricks SQL Control Plane,Databricks,"Mountain View, California",Not Available,Not Available,Not Available,Data Analytics,Greenhouse,Recent,https://databricks.com/company/careers/open-positions/job?gh_jid=8472398002
"Manager, Big Data Architecture – Professional Services (DWH, Data Engineering & Migrations)",Databricks,"Paris, France",Not Available,Not Available,Not Available,Data Analytics,Greenhouse,Recent,https://databricks.com/company/careers/open-positions/job?gh_jid=8439078002
Principal Data Scientist,Databricks,"Mountain View, California; San Francisco, California",Not Available,Not Available,Not Available,Data Analytics,Greenhouse,Recent,https://databricks.com/company/careers/open-positions/job?gh_jid=8456277002
Senior Data Scientist,Databricks,"Mountain View, California; San Francisco, California",Not Available,Not Available,Not Available,Data Analytics,Greenhouse,Recent,https://databricks.com/company/careers/open-positions/job?gh_jid=5634684002
Senior Machine Learning Engineer - GenAI Platform,Databricks,"San Francisco, California",Not Available,Not Available,Not Available,Data Analytics,Greenhouse,Recent,https://databricks.com/company/careers/open-positions/job?gh_jid=6954585002
Specialist Solutions Architect - Data Engineering & Observability,Databricks,United States,Not Available,Not Available,Not Available,Data Analytics,Greenhouse,Recent,https://databricks.com/company/careers/open-positions/job?gh_jid=8570023002
Specialist Solutions Architect - Data Engineering & Warehousing,Databricks,United States,Not Available,Not Available,Not Available,Data Analytics,Greenhouse,Recent,https://databricks.com/company/careers/open-positions/job?gh_jid=8555703002
Sr. Big Data Engineer,Databricks,Remote - India,Not Available,Not Available,Not Available,Data Analytics,Greenhouse,Recent,https://databricks.com/company/careers/open-positions/job?gh_jid=8432827002
"Sr. Product Manager, Data Engineering",Databricks,"San Francisco, California",Not Available,Not Available,Not Available,Data Analytics,Greenhouse,Recent,https://databricks.com/company/careers/open-positions/job?gh_jid=6322654002
"Sr. Product Manager, DBSQL",Databricks,"San Francisco, California",Not Available,Not Available,Not Available,Data Analytics,Greenhouse,Recent,https://databricks.com/company/careers/open-positions/job?gh_jid=7924423002
"Sr. Product Manager, DBSQL",Databricks,"Seattle, Washington",Not Available,Not Available,Not Available,Data Analytics,Greenhouse,Recent,https://databricks.com/company/careers/open-positions/job?gh_jid=7929994002
Staff Data Scientist,Databricks,"San Francisco, California",Not Available,Not Available,Not Available,Data Analytics,Greenhouse,Recent,https://databricks.com/company/careers/open-positions/job?gh_jid=5507088002
Staff Data Scientist - Infrastructure,Databricks,"Mountain View, California",Not Available,Not Available,Not Available,Data Analytics,Greenhouse,Recent,https://databricks.com/company/careers/open-positions/job?gh_jid=7069793002
Staff Data Scientist - Trust and Safety,Databricks,"San Francisco, California",Not Available,Not Available,Not Available,Data Analytics,Greenhouse,Recent,https://databricks.com/company/careers/open-positions/job?gh_jid=8178287002
Staff Machine Learning Engineer,Databricks,"San Francisco, California",Not Available,Not Available,Not Available,Data Analytics,Greenhouse,Recent,https://databricks.com/company/careers/open-positions/job?gh_jid=8401114002
Staff Software Engineer - Machine Learning (Search),Databricks,"Bengaluru, India",Not Available,Not Available,Not Available,Data Analytics,Greenhouse,Recent,https://databricks.com/company/careers/open-positions/job?gh_jid=7958982002
"Associate Principal, SOX Analytics",Airbnb,India,Not Available,Not Available,Not Available,Data Analytics,Greenhouse,Recent,https://careers.airbnb.com/positions/7698274?gh_jid=7698274
"(Contract) Senior Data Scientist, Platform Inference - MarTech DS Measurement",Airbnb,United States,Not Available,Not Available,Not Available,Data Analytics,Greenhouse,Recent,https://careers.airbnb.com/positions/7732569?gh_jid=7732569
"Lead, Advanced Analytics, Acquisition",Airbnb,United States,Not Available,Not Available,Not Available,Data Analytics,Greenhouse,Recent,https://careers.airbnb.com/positions/7948314?gh_jid=7948314
"Lead Advanced Analytics, Digital & AI Products",Airbnb,"Bangalore, India",Not Available,Not Available,Not Available,Data Analytics,Greenhouse,Recent,https://careers.airbnb.com/positions/7586592?gh_jid=7586592
"Lead, Advanced Analytics, Hosting Services (Brazil)",Airbnb,Brazil,Not Available,Not Available,Not Available,Data Analytics,Greenhouse,Recent,https://careers.airbnb.com/positions/7964249?gh_jid=7964249
"Lead, Advanced Analytics, Hosting Services (Mexico)",Airbnb,Mexico,Not Available,Not Available,Not Available,Data Analytics,Greenhouse,Recent,https://careers.airbnb.com/positions/7964205?gh_jid=7964205
"Lead, Advanced Analytics, Payments",Airbnb,United States,Not Available,Not Available,Not Available,Data Analytics,Greenhouse,Recent,https://careers.airbnb.com/positions/7967712?gh_jid=7967712
"Lead, Advanced Analytics, Services",Airbnb,United States,Not Available,Not Available,Not Available,Data Analytics,Greenhouse,Recent,https://careers.airbnb.com/positions/7936532?gh_jid=7936532
"Machine Learning Engineer, Community Support Engineering",Airbnb,China,Not Available,Not Available,Not Available,Data Analytics,Greenhouse,Recent,https://careers.airbnb.com/positions/7716341?gh_jid=7716341
"Machine Learning Engineer, Customer Support Engineering",Airbnb,Remote-USA,Not Available,Not Available,Not Available,Data Analytics,Greenhouse,Recent,https://careers.airbnb.com/positions/7826337?gh_jid=7826337
Principal Machine Learning Engineer- LLM Fine-tuning and Optimization,Airbnb,United States,Not Available,Not Available,Not Available,Data Analytics,Greenhouse,Recent,https://careers.airbnb.com/positions/7955579?gh_jid=7955579
"Senior Analyst, Advanced Analytics",Airbnb,"London, United Kingdom",Not Available,Not Available,Not Available,Data Analytics,Greenhouse,Recent,https://careers.airbnb.com/positions/7866916?gh_jid=7866916
"Senior Analyst, Advanced Analytics",Airbnb,"Paris, France",Not Available,Not Available,Not Available,Data Analytics,Greenhouse,Recent,https://careers.airbnb.com/positions/7867052?gh_jid=7867052
"Senior Data Engineer, BizTech",Airbnb,"Bangalore, India",Not Available,Not Available,Not Available,Data Analytics,Greenhouse,Recent,https://careers.airbnb.com/positions/7640881?gh_jid=7640881
"Senior Data Engineer, Payments",Airbnb,"Bangalore, India",Not Available,Not Available,Not Available,Data Analytics,Greenhouse,Recent,https://careers.airbnb.com/positions/7256787?gh_jid=7256787
"Senior Data Scientist, Guest & Host",Airbnb,Remote,Not Available,Not Available,Not Available,Data Analytics,Greenhouse,Recent,https://careers.airbnb.com/positions/7662244?gh_jid=7662244
"Senior Data Scientist, Guest Travel Insurance (Algorithms)",Airbnb,United States,Not Available,Not Available,Not Available,Data Analytics,Greenhouse,Recent,https://careers.airbnb.com/positions/7926614?gh_jid=7926614
"Senior Data Scientist - Inference, Global Markets",Airbnb,China,Not Available,Not Available,Not Available,Data Analytics,Greenhouse,Recent,https://careers.airbnb.com/positions/7446449?gh_jid=7446449
"Senior Machine Learning Engineer, Community Support Engineering",Airbnb,China,Not Available,Not Available,Not Available,Data Analytics,Greenhouse,Recent,https://careers.airbnb.com/positions/7975743?gh_jid=7975743
"Senior Manager, Advanced Analytics",Airbnb,United States,Not Available,Not Available,Not Available,Data Analytics,Greenhouse,Recent,https://careers.airbnb.com/positions/7627054?gh_jid=7627054
"Senior Manager, Advanced Analytics, Fraud & Safety Operations",Airbnb,United States,Not Available,Not Available,Not Available,Data Analytics,Greenhouse,Recent,https://careers.airbnb.com/positions/7788160?gh_jid=7788160
"Senior/ Manager, Machine Learning, Community Support Products",Airbnb,China,Not Available,Not Available,Not Available,Data Analytics,Greenhouse,Recent,https://careers.airbnb.com/positions/7672101?gh_jid=7672101
"Senior Principal, Marketing Strategic Finance & Analytics",Airbnb,United States,Not Available,Not Available,Not Available,Data Analytics,Greenhouse,Recent,https://careers.airbnb.com/positions/7947164?gh_jid=7947164
"Senior Staff, Advanced Analytics",Airbnb,United States,Not Available,Not Available,Not Available,Data Analytics,Greenhouse,Recent,https://careers.airbnb.com/positions/7943874?gh_jid=7943874
"Senior Staff Data Engineer, Marketplaces DNA",Airbnb,United States,Not Available,Not Available,Not Available,Data Analytics,Greenhouse,Recent,https://careers.airbnb.com/positions/7463663?gh_jid=7463663
"Senior Staff Data Scientist, Guest & Host Marketplace AI",Airbnb,Remote,Not Available,Not Available,Not Available,Data Analytics,Greenhouse,Recent,https://careers.airbnb.com/positions/7107054?gh_jid=7107054
"Senior Staff Machine Learning Engineer, Data & Eval",Airbnb,United States,Not Available,Not Available,Not Available,Data Analytics,Greenhouse,Recent,https://careers.airbnb.com/positions/6757302?gh_jid=6757302
"Senior Staff Machine Learning Engineer, Growth Platform Engineering",Airbnb,Remote - USA,Not Available,Not Available,Not Available,Data Analytics,Greenhouse,Recent,https://careers.airbnb.com/positions/7747259?gh_jid=7747259
"Senior Staff Machine Learning Engineer, Post Training",Airbnb,Remote - USA,Not Available,Not Available,Not Available,Data Analytics,Greenhouse,Recent,https://careers.airbnb.com/positions/7858738?gh_jid=7858738
"Senior Staff Machine Learning Engineer, Trust",Airbnb,Remote - USA,Not Available,Not Available,Not Available,Data Analytics,Greenhouse,Recent,https://careers.airbnb.com/positions/7592146?gh_jid=7592146
"Senior Systems Engineer, (Python, GenAI, MCP)",Airbnb,"Remote - Bangalore, India",Not Available,Not Available,Not Available,Data Analytics,Greenhouse,Recent,https://careers.airbnb.com/positions/7556182?gh_jid=7556182
"Sr Manager, Advanced Analytics, FSI",Airbnb,United States,Not Available,Not Available,Not Available,Data Analytics,Greenhouse,Recent,https://careers.airbnb.com/positions/7926527?gh_jid=7926527
"Staff, Advanced Analytics, Global Markets and Policy",Airbnb,United States,Not Available,Not Available,Not Available,Data Analytics,Greenhouse,Recent,https://careers.airbnb.com/positions/7822824?gh_jid=7822824
"Staff, Advanced Analytics, Supply",Airbnb,United States,Not Available,Not Available,Not Available,Data Analytics,Greenhouse,Recent,https://careers.airbnb.com/positions/7440935?gh_jid=7440935
"Staff Data Scientist, Guest & Host",Airbnb,United States,Not Available,Not Available,Not Available,Data Analytics,Greenhouse,Recent,https://careers.airbnb.com/positions/7705262?gh_jid=7705262
"Staff Machine Learning Engineer, Community Support Engineering",Airbnb,China,Not Available,Not Available,Not Available,Data Analytics,Greenhouse,Recent,https://careers.airbnb.com/positions/7693033?gh_jid=7693033
"Staff Machine Learning Engineer, Listings and Host Tools Data and AI",Airbnb,Remote-USA,Not Available,Not Available,Not Available,Data Analytics,Greenhouse,Recent,https://careers.airbnb.com/positions/7454348?gh_jid=7454348
"Staff Software Engineer, Data Engineering",Airbnb,United States,Not Available,Not Available,Not Available,Data Analytics,Greenhouse,Recent,https://careers.airbnb.com/positions/7095225?gh_jid=7095225
"Systems Engineer, BizTech(Python, LLM, GenAI, MCP)",Airbnb,"Bangalore, India",Not Available,Not Available,Not Available,Data Analytics,Greenhouse,Recent,https://careers.airbnb.com/positions/7902817?gh_jid=7902817
Data Analyst,Stripe,Canada,Not Available,Not Available,Not Available,Data Analytics,Greenhouse,Recent,https://stripe.com/jobs/search?gh_jid=5416444
Data Analyst,Stripe,Mexico City,Not Available,Not Available,Not Available,Data Analytics,Greenhouse,Recent,https://stripe.com/jobs/search?gh_jid=7978488
"Data Analyst,  Financial Enablement",Stripe,"Dublin, Ireland",Not Available,Not Available,Not Available,Data Analytics,Greenhouse,Recent,https://stripe.com/jobs/search?gh_jid=7874654
Data Scientist,Stripe,"Seattle, WA",Not Available,Not Available,Not Available,Data Analytics,Greenhouse,Recent,https://stripe.com/jobs/search?gh_jid=7809414
Data Scientist,Stripe,Toronto,Not Available,Not Available,Not Available,Data Analytics,Greenhouse,Recent,https://stripe.com/jobs/search?gh_jid=5895430
"Data Scientist, Economic Insights & Research",Stripe,US,Not Available,Not Available,Not Available,Data Analytics,Greenhouse,Recent,https://stripe.com/jobs/search?gh_jid=7980402
Finance & Strategy - Finance Analytics Analyst,Stripe,Bengaluru,Not Available,Not Available,Not Available,Data Analytics,Greenhouse,Recent,https://stripe.com/jobs/search?gh_jid=7597622
"Machine Learning Engineer, Capital Underwriting",Stripe,US,Not Available,Not Available,Not Available,Data Analytics,Greenhouse,Recent,https://stripe.com/jobs/search?gh_jid=7952048
"PhD Data Scientist, Intern",Stripe,"San Francisco, New York City, Seattle, Chicago",Not Available,Not Available,Not Available,Data Analytics,Greenhouse,Recent,https://stripe.com/jobs/search?gh_jid=7874965
"PhD Data Scientist, Intern",Stripe,"Toronto, Ontario, Canada",Not Available,Not Available,Not Available,Data Analytics,Greenhouse,Recent,https://stripe.com/jobs/search?gh_jid=7285974
Sales Compensation Analytics & Systems Specialist,Stripe,"CHI, SF, NYC",Not Available,Not Available,Not Available,Data Analytics,Greenhouse,Recent,https://stripe.com/jobs/search?gh_jid=7739207
"Software Engineer, Security Analytics Infrastructure",Stripe,US - Remote,Not Available,Not Available,Not Available,Data Analytics,Greenhouse,Recent,https://stripe.com/jobs/search?gh_jid=7826761
Staff Data Analyst,Stripe,US,Not Available,Not Available,Not Available,Data Analytics,Greenhouse,Recent,https://stripe.com/jobs/search?gh_jid=7801457
Staff Data Scientist,Stripe,N/A,Not Available,Not Available,Not Available,Data Analytics,Greenhouse,Recent,https://stripe.com/jobs/search?gh_jid=7568328
"Staff Engineer, Data Engineering Solutions",Stripe,Bengaluru,Not Available,Not Available,Not Available,Data Analytics,Greenhouse,Recent,https://stripe.com/jobs/search?gh_jid=7548037
"Staff Software Engineer, Machine Learning Platform",Stripe,Toronto,Not Available,Not Available,Not Available,Data Analytics,Greenhouse,Recent,https://stripe.com/jobs/search?gh_jid=7712852
"Staff Software Engineer, Machine Learning Platform",Stripe,"San Francisco, Seattle",Not Available,Not Available,Not Available,Data Analytics,Greenhouse,Recent,https://stripe.com/jobs/search?gh_jid=7939868
Treasury Finance AI and Quantitative Analytics,Stripe,New York,Not Available,Not Available,Not Available,Data Analytics,Greenhouse,Recent,https://stripe.com/jobs/search?gh_jid=7793069
Data Engineer,Figma,"San Francisco, CA • New York, NY • United States",Not Available,Not Available,Not Available,Data Analytics,Greenhouse,Recent,https://boards.greenhouse.io/figma/jobs/5220003004?gh_jid=5220003004
Data Scientist,Figma,"San Francisco, CA • New York, NY • United States",Not Available,Not Available,Not Available,Data Analytics,Greenhouse,Recent,https://boards.greenhouse.io/figma/jobs/5552580004?gh_jid=5552580004
"Data Scientist, Core Data -  PhD (2026)",Figma,"San Francisco, CA • New York, NY",Not Available,Not Available,Not Available,Data Analytics,Greenhouse,Recent,https://boards.greenhouse.io/figma/jobs/5976930004?gh_jid=5976930004
"Software Engineer, Machine Learning",Figma,"San Francisco, CA • New York, NY • United States",Not Available,Not Available,Not Available,Data Analytics,Greenhouse,Recent,https://boards.greenhouse.io/figma/jobs/5551532004?gh_jid=5551532004
"Ads Conversion Modeling, Machine Learning Engineering Manager",Reddit,Remote - United States,Not Available,Not Available,Not Available,Data Analytics,Greenhouse,Recent,https://job-boards.greenhouse.io/reddit/jobs/7792848
Analytics Engineer,Reddit,Remote - United States,Not Available,Not Available,Not Available,Data Analytics,Greenhouse,Recent,https://job-boards.greenhouse.io/reddit/jobs/7958354
Analytics Engineer,Reddit,"Toronto, Canada",Not Available,Not Available,Not Available,Data Analytics,Greenhouse,Recent,https://job-boards.greenhouse.io/reddit/jobs/7958385
"Machine Learning Manager, Notifications Relevance",Reddit,Remote - United States,Not Available,Not Available,Not Available,Data Analytics,Greenhouse,Recent,https://job-boards.greenhouse.io/reddit/jobs/7846885
"Principal Data Scientist, Ads",Reddit,Remote - United States,Not Available,Not Available,Not Available,Data Analytics,Greenhouse,Recent,https://job-boards.greenhouse.io/reddit/jobs/7330347
Senior Analytics Engineer,Reddit,Remote - United States,Not Available,Not Available,Not Available,Data Analytics,Greenhouse,Recent,https://job-boards.greenhouse.io/reddit/jobs/7445224
Senior Analytics Engineer,Reddit,"Remote - Ontario, Canada",Not Available,Not Available,Not Available,Data Analytics,Greenhouse,Recent,https://job-boards.greenhouse.io/reddit/jobs/7958403
"Senior Data Scientist, Ads",Reddit,Remote - United States,Not Available,Not Available,Not Available,Data Analytics,Greenhouse,Recent,https://job-boards.greenhouse.io/reddit/jobs/6042236
"Senior Data Scientist, Ads",Reddit,"Remote - Ontario, Canada",Not Available,Not Available,Not Available,Data Analytics,Greenhouse,Recent,https://job-boards.greenhouse.io/reddit/jobs/7607121
"Senior Data Scientist, Consumer",Reddit,Remote - United States,Not Available,Not Available,Not Available,Data Analytics,Greenhouse,Recent,https://job-boards.greenhouse.io/reddit/jobs/7275414
"Senior Data Scientist, Consumer",Reddit,"Remote - Ontario, Canada",Not Available,Not Available,Not Available,Data Analytics,Greenhouse,Recent,https://job-boards.greenhouse.io/reddit/jobs/7931049
Senior Machine Learning Engineer,Reddit,"Remote - Ontario, Canada",Not Available,Not Available,Not Available,Data Analytics,Greenhouse,Recent,https://job-boards.greenhouse.io/reddit/jobs/6960833
Senior Machine Learning Engineer,Reddit,Remote - United States,Not Available,Not Available,Not Available,Data Analytics,Greenhouse,Recent,https://job-boards.greenhouse.io/reddit/jobs/6960831
"Senior Machine Learning Engineer, GenAI Security",Reddit,Remote - United States,Not Available,Not Available,Not Available,Data Analytics,Greenhouse,Recent,https://job-boards.greenhouse.io/reddit/jobs/7891887
Senior Machine Learning Systems Engineer,Reddit,Remote - United States,Not Available,Not Available,Not Available,Data Analytics,Greenhouse,Recent,https://job-boards.greenhouse.io/reddit/jobs/7731772
Senior Staff Data Scientist - Consumer Experimentation,Reddit,"Remote - Ontario, Canada",Not Available,Not Available,Not Available,Data Analytics,Greenhouse,Recent,https://job-boards.greenhouse.io/reddit/jobs/7974507
Senior Staff Data Scientist - Consumer Experimentation,Reddit,Remote - United States,Not Available,Not Available,Not Available,Data Analytics,Greenhouse,Recent,https://job-boards.greenhouse.io/reddit/jobs/7974504
Senior Staff Data Scientist - Consumer Relevance,Reddit,"Remote - Ontario, Canada",Not Available,Not Available,Not Available,Data Analytics,Greenhouse,Recent,https://job-boards.greenhouse.io/reddit/jobs/7974647
Senior Staff Data Scientist - Consumer Relevance,Reddit,Remote - United States,Not Available,Not Available,Not Available,Data Analytics,Greenhouse,Recent,https://job-boards.greenhouse.io/reddit/jobs/7974605
"Senior Staff Machine Learning Engineer, GenAI Platform",Reddit,Remote - United States,Not Available,Not Available,Not Available,Data Analytics,Greenhouse,Recent,https://job-boards.greenhouse.io/reddit/jobs/7772274
"Senior Staff Machine Learning Engineer, ML Understanding",Reddit,Remote - United States,Not Available,Not Available,Not Available,Data Analytics,Greenhouse,Recent,https://job-boards.greenhouse.io/reddit/jobs/7847148
"Senior Staff Machine Learning Engineer, Notifications",Reddit,Remote - United States,Not Available,Not Available,Not Available,Data Analytics,Greenhouse,Recent,https://job-boards.greenhouse.io/reddit/jobs/7979933
"Senior Staff Machine Learning Systems Engineer, Feed Relevance",Reddit,Remote - United States,Not Available,Not Available,Not Available,Data Analytics,Greenhouse,Recent,https://job-boards.greenhouse.io/reddit/jobs/7908786
"Staff Data Scientist, Ads",Reddit,"Remote - Ontario, Canada",Not Available,Not Available,Not Available,Data Analytics,Greenhouse,Recent,https://job-boards.greenhouse.io/reddit/jobs/7721851
"Staff Data Scientist, Ads",Reddit,Remote - United States,Not Available,Not Available,Not Available,Data Analytics,Greenhouse,Recent,https://job-boards.greenhouse.io/reddit/jobs/7721787
"Staff Data Scientist, Consumer",Reddit,Remote - United States,Not Available,Not Available,Not Available,Data Analytics,Greenhouse,Recent,https://job-boards.greenhouse.io/reddit/jobs/6745284
"Staff Data Scientist, Consumer",Reddit,"Remote - Ontario, Canada",Not Available,Not Available,Not Available,Data Analytics,Greenhouse,Recent,https://job-boards.greenhouse.io/reddit/jobs/7931007
"Staff Data Scientist, Marketing",Reddit,"Remote - Ontario, Canada",Not Available,Not Available,Not Available,Data Analytics,Greenhouse,Recent,https://job-boards.greenhouse.io/reddit/jobs/7931000
"Staff Data Scientist, Marketing",Reddit,Remote - United States,Not Available,Not Available,Not Available,Data Analytics,Greenhouse,Recent,https://job-boards.greenhouse.io/reddit/jobs/7445240
"Staff Data Scientist, Safety Insights",Reddit,Remote - United States,Not Available,Not Available,Not Available,Data Analytics,Greenhouse,Recent,https://job-boards.greenhouse.io/reddit/jobs/7863304
"Staff Machine Learning Engineer, Ads Content Understanding",Reddit,Remote - United States,Not Available,Not Available,Not Available,Data Analytics,Greenhouse,Recent,https://job-boards.greenhouse.io/reddit/jobs/7851761
"Staff Machine Learning Engineer, Ads Measurement Modeling",Reddit,Remote - United States,Not Available,Not Available,Not Available,Data Analytics,Greenhouse,Recent,https://job-boards.greenhouse.io/reddit/jobs/7890096
"Staff Machine Learning Engineer, AI Serving",Reddit,Remote - United States,Not Available,Not Available,Not Available,Data Analytics,Greenhouse,Recent,https://job-boards.greenhouse.io/reddit/jobs/7886459
"Staff Machine Learning Engineer, Consumer",Reddit,Remote - United States,Not Available,Not Available,Not Available,Data Analytics,Greenhouse,Recent,https://job-boards.greenhouse.io/reddit/jobs/7747244
"Staff Machine Learning Engineer, Embeddings Platform",Reddit,Remote - United States,Not Available,Not Available,Not Available,Data Analytics,Greenhouse,Recent,https://job-boards.greenhouse.io/reddit/jobs/7867308
"Staff Machine Learning Engineer, Ranking and Personalization",Reddit,Remote - United States,Not Available,Not Available,Not Available,Data Analytics,Greenhouse,Recent,https://job-boards.greenhouse.io/reddit/jobs/7848689
Staff Machine Learning Systems Engineer,Reddit,Remote - United States,Not Available,Not Available,Not Available,Data Analytics,Greenhouse,Recent,https://job-boards.greenhouse.io/reddit/jobs/7731788
Analytics Developer,Robinhood,"Toronto, Canada",Not Available,Not Available,Not Available,Data Analytics,Greenhouse,Recent,https://boards.greenhouse.io/robinhood/jobs/7555434?t=gh_src=&gh_jid=7555434
"Credit Business Analyst, Growth",Robinhood,"Menlo Park, CA; New York, NY; Washington, DC",Not Available,Not Available,Not Available,Data Analytics,Greenhouse,Recent,https://boards.greenhouse.io/robinhood/jobs/7961175?t=gh_src=&gh_jid=7961175
"Data Scientist, ML (Agentic, CX)",Robinhood,"Menlo Park, CA; New York, NY",Not Available,Not Available,Not Available,Data Analytics,Greenhouse,Recent,https://boards.greenhouse.io/robinhood/jobs/7489476?t=gh_src=&gh_jid=7489476
Machine Learning Engineer,Robinhood,"Bellevue, WA",Not Available,Not Available,Not Available,Data Analytics,Greenhouse,Recent,https://boards.greenhouse.io/robinhood/jobs/7960680?t=gh_src=&gh_jid=7960680
Senior Analytics Engineer,Robinhood,"Menlo Park, CA",Not Available,Not Available,Not Available,Data Analytics,Greenhouse,Recent,https://boards.greenhouse.io/robinhood/jobs/7318478?t=gh_src=&gh_jid=7318478
Senior Credit Business Analyst,Robinhood,"Menlo Park, CA",Not Available,Not Available,Not Available,Data Analytics,Greenhouse,Recent,https://boards.greenhouse.io/robinhood/jobs/7975475?t=gh_src=&gh_jid=7975475
"Senior Data Scientist, Fraud",Robinhood,"Menlo Park, CA",Not Available,Not Available,Not Available,Data Analytics,Greenhouse,Recent,https://boards.greenhouse.io/robinhood/jobs/7412037?t=gh_src=&gh_jid=7412037
"Senior Data Scientist, ML (Brokerage)",Robinhood,"Menlo Park, CA; New York, NY",Not Available,Not Available,Not Available,Data Analytics,Greenhouse,Recent,https://boards.greenhouse.io/robinhood/jobs/7482186?t=gh_src=&gh_jid=7482186
Senior Machine Learning Engineer,Robinhood,"Menlo Park, CA",Not Available,Not Available,Not Available,Data Analytics,Greenhouse,Recent,https://boards.greenhouse.io/robinhood/jobs/7976529?t=gh_src=&gh_jid=7976529
"Senior Software Engineer, Data Engineering",Robinhood,"Menlo Park, CA",Not Available,Not Available,Not Available,Data Analytics,Greenhouse,Recent,https://boards.greenhouse.io/robinhood/jobs/4738660?t=gh_src=&gh_jid=4738660
"Analyst I, Full Stack (Core Analytics)",Affirm,Remote US,Not Available,Not Available,Not Available,Data Analytics,Greenhouse,Recent,https://job-boards.greenhouse.io/affirm/jobs/7726627003
"Analyst II, Full Stack (Customer Servicing Analytics)",Affirm,Remote US,Not Available,Not Available,Not Available,Data Analytics,Greenhouse,Recent,https://job-boards.greenhouse.io/affirm/jobs/7726632003
"Analyst II, Full Stack (Fraud Analytics)",Affirm,Remote US,Not Available,Not Available,Not Available,Data Analytics,Greenhouse,Recent,https://job-boards.greenhouse.io/affirm/jobs/7533759003
"Analytics Lead, Full Stack (Consumer Analytics)",Affirm,Remote US,Not Available,Not Available,Not Available,Data Analytics,Greenhouse,Recent,https://job-boards.greenhouse.io/affirm/jobs/7732706003
"Analytics Lead, Full Stack (Credit Analytics)",Affirm,Remote US,Not Available,Not Available,Not Available,Data Analytics,Greenhouse,Recent,https://job-boards.greenhouse.io/affirm/jobs/7740918003
"Analytics Manager, Full Stack",Affirm,Remote Spain,Not Available,Not Available,Not Available,Data Analytics,Greenhouse,Recent,https://job-boards.greenhouse.io/affirm/jobs/7732927003
"Analytics Manager, Full Stack (Credit Risk)",Affirm,Remote US,Not Available,Not Available,Not Available,Data Analytics,Greenhouse,Recent,https://job-boards.greenhouse.io/affirm/jobs/7704631003
"Analytics Manager, Full Stack (Fraud Analytics)",Affirm,Remote UK,Not Available,Not Available,Not Available,Data Analytics,Greenhouse,Recent,https://job-boards.greenhouse.io/affirm/jobs/7532268003
"Director, Analytics, Strategic Insights",Affirm,Remote US,Not Available,Not Available,Not Available,Data Analytics,Greenhouse,Recent,https://job-boards.greenhouse.io/affirm/jobs/7718616003
"Director, Analytics, Strategic Insights",Affirm,Remote Canada,Not Available,Not Available,Not Available,Data Analytics,Greenhouse,Recent,https://job-boards.greenhouse.io/affirm/jobs/7718618003
Machine Learning Engineer II (Fraud),Affirm,Remote Canada,Not Available,Not Available,Not Available,Data Analytics,Greenhouse,Recent,https://job-boards.greenhouse.io/affirm/jobs/7695818003
Machine Learning Engineer II (Servicing ML),Affirm,Remote US,Not Available,Not Available,Not Available,Data Analytics,Greenhouse,Recent,https://job-boards.greenhouse.io/affirm/jobs/7719651003
Machine Learning Engineer II (Servicing ML),Affirm,Remote Canada,Not Available,Not Available,Not Available,Data Analytics,Greenhouse,Recent,https://job-boards.greenhouse.io/affirm/jobs/7719653003
"Manager, Machine Learning Engineering (Fraud)",Affirm,Remote Canada,Not Available,Not Available,Not Available,Data Analytics,Greenhouse,Recent,https://job-boards.greenhouse.io/affirm/jobs/7710180003
"Manager, Machine Learning Engineering (Fraud)",Affirm,Remote US,Not Available,Not Available,Not Available,Data Analytics,Greenhouse,Recent,https://job-boards.greenhouse.io/affirm/jobs/7710178003
"Manager, Machine Learning Engineering (Underwriting)",Affirm,Remote Canada,Not Available,Not Available,Not Available,Data Analytics,Greenhouse,Recent,https://job-boards.greenhouse.io/affirm/jobs/7723638003
"Manager, Machine Learning Engineering (Underwriting)",Affirm,Remote US,Not Available,Not Available,Not Available,Data Analytics,Greenhouse,Recent,https://job-boards.greenhouse.io/affirm/jobs/7723636003
"Senior Engineering Manager, Machine Learning Platform",Affirm,Remote Canada,Not Available,Not Available,Not Available,Data Analytics,Greenhouse,Recent,https://job-boards.greenhouse.io/affirm/jobs/7705035003
"Senior Engineering Manager, Machine Learning Platform",Affirm,Remote US,Not Available,Not Available,Not Available,Data Analytics,Greenhouse,Recent,https://job-boards.greenhouse.io/affirm/jobs/7705033003
Senior Machine Learning Engineer (Fraud),Affirm,Remote Canada,Not Available,Not Available,Not Available,Data Analytics,Greenhouse,Recent,https://job-boards.greenhouse.io/affirm/jobs/7696276003
"Senior Staff Machine Learning Engineer, (Machine Learning)",Affirm,Remote Canada,Not Available,Not Available,Not Available,Data Analytics,Greenhouse,Recent,https://job-boards.greenhouse.io/affirm/jobs/7550524003
"Senior Staff Machine Learning Engineer, (Machine Learning)",Affirm,Remote US,Not Available,Not Available,Not Available,Data Analytics,Greenhouse,Recent,https://job-boards.greenhouse.io/affirm/jobs/7550522003
"Software Engineer II, Machine Learning (Feature Platform)",Affirm,Remote US,Not Available,Not Available,Not Available,Data Analytics,Greenhouse,Recent,https://job-boards.greenhouse.io/affirm/jobs/7694294003
"Software Engineer II, Machine Learning (Feature Platform)",Affirm,Remote Canada,Not Available,Not Available,Not Available,Data Analytics,Greenhouse,Recent,https://job-boards.greenhouse.io/affirm/jobs/7694296003
"Staff Analytics Engineer, Subledger Platform",Affirm,Remote Canada,Not Available,Not Available,Not Available,Data Analytics,Greenhouse,Recent,https://job-boards.greenhouse.io/affirm/jobs/7715407003
"Staff Analytics Engineer, Subledger Platform",Affirm,Remote US,Not Available,Not Available,Not Available,Data Analytics,Greenhouse,Recent,https://job-boards.greenhouse.io/affirm/jobs/7715405003
Data Engineer,Asana,Warsaw,Not Available,Not Available,Not Available,Data Analytics,Greenhouse,Recent,https://www.asana.com/jobs/apply/6749982?gh_jid=6749982
Data Scientist,Asana,San Francisco,Not Available,Not Available,Not Available,Data Analytics,Greenhouse,Recent,https://www.asana.com/jobs/apply/7776312?gh_jid=7776312
Head of Data Analytics,Asana,San Francisco,Not Available,Not Available,Not Available,Data Analytics,Greenhouse,Recent,https://www.asana.com/jobs/apply/7845656?gh_jid=7845656
Senior Data Engineer,Asana,"Vancouver, BC",Not Available,Not Available,Not Available,Data Analytics,Greenhouse,Recent,https://www.asana.com/jobs/apply/7859222?gh_jid=7859222
Staff Data Scientist,Asana,"Vancouver, BC",Not Available,Not Available,Not Available,Data Analytics,Greenhouse,Recent,https://www.asana.com/jobs/apply/7839309?gh_jid=7839309
